modality,cancer,track,model,eval_mode,combo_dir,config_profile,resume_policy,core_mean_spearman,core_mean_pearson,core_mean_kendall_tau,core_mean_rmse,core_mean_mae,core_mean_r2,overfit_spearman_gap,overfit_fold_std,overfit_train_spearman,overfit_test_spearman,overfit_train_rmse,overfit_test_rmse,ranking_mean_ndcg_at_30,ranking_mean_precision_at_30,split_leakage_drug_overlap_count,split_leakage_scaffold_overlap_count,split_leakage_drug_overlap_rate,split_leakage_scaffold_overlap_rate,label_drift_mean_diff,label_drift_ks_statistic,label_drift_ks_pvalue,imputation_summary_present,imputation_scope,nan_imputation_applied,has_leakage_violation,has_ranking_mean,has_label_drift_mean
ML,stad,2A_numeric,XGBoost,scaffoldcv,results/20260424_multicancer_stad_protocol_rerun/step4_models/fs_a_stad_baseline/ml_step4_1/stad/2A_numeric/XGBoost/scaffoldcv,existing_result,,0.2267452649001388,0.21581830084323883,0.157073148816741,2.6886335030405264,2.0568233331044516,0.038710594177246094,0.017356989703969667,0.01765368358476234,0.24410225460410848,0.2267452649001388,2.6706799375993513,2.6886335030405264,0.12991849244454054,0.4000000000000001,0.0,0.0,0.0,0.0,-1.5894571940104166e-07,0.06359906213364595,0.2670644613945835,False,,,False,True,True
ML,stad,2A_numeric,XGBoost,holdout,results/20260424_multicancer_stad_protocol_rerun/step4_models/fs_a_stad_baseline/ml_step4_1/stad/2A_numeric/XGBoost/holdout,existing_result,,0.22460195248983986,0.20065206289291382,0.15539667638442775,2.7803186293032027,2.111088752746582,0.03592514991760254,0.02278811345404777,0.0,0.24739006594388763,0.22460195248983986,2.6479362080891176,2.7803186293032027,0.04205824005213715,0.36666666666666664,273.0,201.0,0.9927272727272727,0.9901477832512315,0.20017170906066895,0.0381870763617489,0.17794058997625264,False,,,False,True,True
ML,stad,2A_numeric,XGBoost,groupcv,results/20260424_multicancer_stad_protocol_rerun/step4_models/fs_a_stad_baseline/ml_step4_1/stad/2A_numeric/XGBoost/groupcv,existing_result,,0.230756284863908,0.22518406311670938,0.15859484822898282,2.6836713675034276,2.042758305867513,0.04685219128926595,0.01634927621296985,0.009538169319014174,0.24710556107687787,0.230756284863908,2.6707285835628376,2.6836713675034276,0.03957458651122661,0.3444444444444444,0.0,11.333333333333334,0.0,0.1425891181988743,0.0,0.05441578741695976,0.0649787877285624,False,,,False,True,True
ML,stad,2A_numeric,XGBoost,unseen_drug,results/20260424_multicancer_stad_protocol_rerun/step4_models/fs_a_stad_baseline/ml_step4_1/stad/2A_numeric/XGBoost/unseen_drug,existing_result,,0.23829576381385673,0.23882977664470673,0.16385616689616378,2.7876532918750683,2.145674467086792,0.0452650785446167,0.00739516612806454,0.0,0.24569092994192127,0.23829576381385673,2.646812277887308,2.7876532918750683,0.2417142696797907,0.4,0.0,10.0,0.0,0.20408163265306123,0.29152750968933105,0.060903648380308824,0.0053776829816946595,False,,,False,True,True
ML,stad,2A_numeric,XGBoost,cv,results/20260424_multicancer_stad_protocol_rerun/step4_models/fs_a_stad_baseline/ml_step4_1/stad/2A_numeric/XGBoost/cv,existing_result,,0.2132896694354267,0.20157893498738608,0.14660608617554607,2.698334281691611,2.0512399673461914,0.03718189398447672,0.03756240141725045,0.020454543721188025,0.2508520708526772,0.2132896694354267,2.667679576218069,2.698334281691611,0.015531112470852293,0.22222222222222224,280.3333333333333,205.33333333333334,0.9836459182748936,0.9778147405517075,7.947285970052083e-08,0.027256740914419694,0.4247109412075425,False,,,False,True,True
ML,stad,2A_numeric,RandomForest,scaffoldcv,results/20260424_multicancer_stad_protocol_rerun/step4_models/fs_a_stad_baseline/ml_step4_1/stad/2A_numeric/RandomForest/scaffoldcv,existing_result,,0.22743700239127004,0.2163908900170682,0.15754443898070167,2.6890267970149875,2.058456044077412,0.0383911278750327,0.016097656190867986,0.018703612766737716,0.243534658582138,0.22743700239127004,2.6704863960251504,2.6890267970149875,0.13110092456587522,0.4000000000000001,0.0,0.0,0.0,0.0,-1.5894571940104166e-07,0.06359906213364595,0.2670644613945835,False,,,False,True,True
ML,stad,2A_numeric,RandomForest,holdout,results/20260424_multicancer_stad_protocol_rerun/step4_models/fs_a_stad_baseline/ml_step4_1/stad/2A_numeric/RandomForest/holdout,existing_result,,0.22345375272991047,0.2005711040466695,0.15428401851904422,2.7815624167926543,2.1120108331270746,0.035062372324129676,0.023268063644632464,0.0,0.24672181637454293,0.22345375272991047,2.6476151337005933,2.7815624167926543,0.043710755558945436,0.3,273.0,201.0,0.9927272727272727,0.9901477832512315,0.20017170906066895,0.0381870763617489,0.17794058997625264,False,,,False,True,True
ML,stad,2A_numeric,RandomForest,groupcv,results/20260424_multicancer_stad_protocol_rerun/step4_models/fs_a_stad_baseline/ml_step4_1/stad/2A_numeric/RandomForest/groupcv,existing_result,,0.23021540280514274,0.22497773815303168,0.158166352516829,2.683882919062776,2.0429713900761777,0.04669675035179751,0.017087585792450455,0.00980379419983254,0.24730298859759317,0.23021540280514274,2.6704959569274074,2.683882919062776,0.03791783050483746,0.3222222222222222,0.0,11.333333333333334,0.0,0.1425891181988743,0.0,0.05441578741695976,0.0649787877285624,False,,,False,True,True
ML,stad,2A_numeric,RandomForest,unseen_drug,results/20260424_multicancer_stad_protocol_rerun/step4_models/fs_a_stad_baseline/ml_step4_1/stad/2A_numeric/RandomForest/unseen_drug,existing_result,,0.23920629354249884,0.23826265528330864,0.16449528967214247,2.7875710626193997,2.1463830238840664,0.04532139217179476,0.006164809717373654,0.0,0.2453711032598725,0.23920629354249884,2.6466437700733594,2.7875710626193997,0.22091137508993072,0.4,0.0,10.0,0.0,0.20408163265306123,0.29152750968933105,0.060903648380308824,0.0053776829816946595,False,,,False,True,True
ML,stad,2A_numeric,RandomForest,cv,results/20260424_multicancer_stad_protocol_rerun/step4_models/fs_a_stad_baseline/ml_step4_1/stad/2A_numeric/RandomForest/cv,existing_result,,0.213776486369796,0.2021844162882738,0.14695776749141845,2.6989945352634357,2.052579893538706,0.03671701098097372,0.0366330034585143,0.01942856475682651,0.2504094898283103,0.213776486369796,2.667514031658982,2.6989945352634357,0.01618519339859134,0.25555555555555554,280.3333333333333,205.33333333333334,0.9836459182748936,0.9778147405517075,7.947285970052083e-08,0.027256740914419694,0.4247109412075425,False,,,False,True,True
ML,stad,2A_numeric,ExtraTrees,scaffoldcv,results/20260424_multicancer_stad_protocol_rerun/step4_models/fs_a_stad_baseline/ml_step4_1/stad/2A_numeric/ExtraTrees/scaffoldcv,existing_result,,0.2270655557172281,0.21584458929965197,0.15734951820703377,2.688757910293409,2.0580158165020577,0.03859649963844236,0.01671350990844357,0.018346299605732343,0.24377906562567167,0.2270655557172281,2.6703722850156706,2.688757910293409,0.13110092456587522,0.4000000000000001,0.0,0.0,0.0,0.0,-1.5894571940104166e-07,0.06359906213364595,0.2670644613945835,False,,,False,True,True
ML,stad,2A_numeric,ExtraTrees,holdout,results/20260424_multicancer_stad_protocol_rerun/step4_models/fs_a_stad_baseline/ml_step4_1/stad/2A_numeric/ExtraTrees/holdout,existing_result,,0.22016753045900242,0.20009852331415212,0.15226489463046367,2.781637470922493,2.113565460091226,0.0350102983310131,0.026956081733197135,0.0,0.24712361219219955,0.22016753045900242,2.6474914119899586,2.781637470922493,0.04205824005213715,0.36666666666666664,273.0,201.0,0.9927272727272727,0.9901477832512315,0.20017170906066895,0.0381870763617489,0.17794058997625264,False,,,False,True,True
ML,stad,2A_numeric,ExtraTrees,groupcv,results/20260424_multicancer_stad_protocol_rerun/step4_models/fs_a_stad_baseline/ml_step4_1/stad/2A_numeric/ExtraTrees/groupcv,existing_result,,0.23061790799044843,0.22491055399800972,0.1584819200028744,2.6840325811954706,2.042995949343991,0.04658987880705275,0.016739414647148714,0.009516941234899419,0.24735732263759713,0.23061790799044843,2.670391085829477,2.6840325811954706,0.041254330449211306,0.35555555555555557,0.0,11.333333333333334,0.0,0.1425891181988743,0.0,0.05441578741695976,0.0649787877285624,False,,,False,True,True
ML,stad,2A_numeric,ExtraTrees,unseen_drug,results/20260424_multicancer_stad_protocol_rerun/step4_models/fs_a_stad_baseline/ml_step4_1/stad/2A_numeric/ExtraTrees/unseen_drug,existing_result,,0.23805049282080132,0.23924591209243498,0.1636686908818767,2.787114029553814,2.145529957079224,0.045634413015269826,0.007007981216401504,0.0,0.24505847403720282,0.23805049282080132,2.6465567867846396,2.787114029553814,0.20855749872429005,0.43333333333333335,0.0,10.0,0.0,0.20408163265306123,0.29152750968933105,0.060903648380308824,0.0053776829816946595,False,,,False,True,True
ML,stad,2A_numeric,ExtraTrees,cv,results/20260424_multicancer_stad_protocol_rerun/step4_models/fs_a_stad_baseline/ml_step4_1/stad/2A_numeric/ExtraTrees/cv,existing_result,,0.21359403306247984,0.20176405379477536,0.1468662459869439,2.6994156850371205,2.052815915400004,0.036410605578413725,0.03715931399498006,0.019809341501193938,0.2507533470574599,0.21359403306247984,2.6673672554598586,2.6994156850371205,0.015949115713762212,0.26666666666666666,280.3333333333333,205.33333333333334,0.9836459182748936,0.9778147405517075,7.947285970052083e-08,0.027256740914419694,0.4247109412075425,False,,,False,True,True
ML,stad,2A_numeric,LightGBM,scaffoldcv,results/20260424_multicancer_stad_protocol_rerun/step4_models/fs_a_stad_baseline/ml_step4_1/stad/2A_numeric/LightGBM/scaffoldcv,existing_result,,0.2270655557172281,0.21582659540412727,0.15734951820703377,2.688614819940922,2.0568414060076745,0.03873299760275872,0.01664216136530001,0.018346299605732343,0.24370771708252814,0.2270655557172281,2.6706391079658616,2.688614819940922,0.13110092456587522,0.4000000000000001,0.0,0.0,0.0,0.0,-1.5894571940104166e-07,0.06359906213364595,0.2670644613945835,False,,,False,True,True
ML,stad,2A_numeric,LightGBM,holdout,results/20260424_multicancer_stad_protocol_rerun/step4_models/fs_a_stad_baseline/ml_step4_1/stad/2A_numeric/LightGBM/holdout,existing_result,,0.2200566553679694,0.19989940252451568,0.15215207267907863,2.7808942697428907,2.112248733242949,0.035525883617293474,0.02696894998159788,0.0,0.24702560534956727,0.2200566553679694,2.647874110609134,2.7808942697428907,0.04205824005213715,0.36666666666666664,273.0,201.0,0.9927272727272727,0.9901477832512315,0.20017170906066895,0.0381870763617489,0.17794058997625264,False,,,False,True,True
ML,stad,2A_numeric,LightGBM,groupcv,results/20260424_multicancer_stad_protocol_rerun/step4_models/fs_a_stad_baseline/ml_step4_1/stad/2A_numeric/LightGBM/groupcv,existing_result,,0.23117952729732094,0.2261059867460696,0.15885969251374582,2.682957978462584,2.0408344717108524,0.047352090389196445,0.01583839926471538,0.009682569972769105,0.24701792656203633,0.23117952729732094,2.6708910666482546,2.682957978462584,0.041201409765402076,0.3444444444444444,0.0,11.333333333333334,0.0,0.1425891181988743,0.0,0.05441578741695976,0.0649787877285624,False,,,False,True,True
ML,stad,2A_numeric,LightGBM,unseen_drug,results/20260424_multicancer_stad_protocol_rerun/step4_models/fs_a_stad_baseline/ml_step4_1/stad/2A_numeric/LightGBM/unseen_drug,existing_result,,0.23816747986988088,0.24050217632525447,0.16376242888902023,2.7868828223718056,2.1449485821564194,0.04579274670616418,0.006929714593089109,0.0,0.24509719446297,0.23816747986988088,2.6468666663645672,2.7868828223718056,0.1895582451838746,0.4,0.0,10.0,0.0,0.20408163265306123,0.29152750968933105,0.060903648380308824,0.0053776829816946595,False,,,False,True,True
ML,stad,2A_numeric,LightGBM,cv,results/20260424_multicancer_stad_protocol_rerun/step4_models/fs_a_stad_baseline/ml_step4_1/stad/2A_numeric/LightGBM/cv,existing_result,,0.2138608061676968,0.20250999413867135,0.14705509531773464,2.6978409531950724,2.050907933500998,0.037552121137456505,0.03651933141932237,0.01990445774126433,0.25038013758701916,0.2138608061676968,2.6678446413614183,2.6978409531950724,0.015352786540582516,0.24444444444444446,280.3333333333333,205.33333333333334,0.9836459182748936,0.9778147405517075,7.947285970052083e-08,0.027256740914419694,0.4247109412075425,False,,,False,True,True
ML,stad,2A_numeric,ElasticNet,scaffoldcv,results/20260424_multicancer_stad_protocol_rerun/step4_models/fs_a_stad_baseline/ml_step4_1/stad/2A_numeric/ElasticNet/scaffoldcv,existing_result,,0.22825050730785942,0.2163527856270472,0.15820698127626207,2.688403339556652,2.0573890606562295,0.038848419984181724,0.014321951431967536,0.01569901828192504,0.24257245873982694,0.22825050730785942,2.671874150158752,2.688403339556652,0.10377983404940454,0.4000000000000001,0.0,0.0,0.0,0.0,-1.5894571940104166e-07,0.06359906213364595,0.2670644613945835,False,,,False,True,True
ML,stad,2A_numeric,ElasticNet,holdout,results/20260424_multicancer_stad_protocol_rerun/step4_models/fs_a_stad_baseline/ml_step4_1/stad/2A_numeric/ElasticNet/holdout,existing_result,,0.22445205357225437,0.20518571138381958,0.1549025940456036,2.77796347527218,2.107626438140869,0.03755772113800049,0.02006214748000587,0.0,0.24451420105226024,0.22445205357225437,2.6497418727755515,2.77796347527218,0.04021367987941181,0.4,273.0,201.0,0.9927272727272727,0.9901477832512315,0.20017170906066895,0.0381870763617489,0.17794058997625264,False,,,False,True,True
ML,stad,2A_numeric,ElasticNet,groupcv,results/20260424_multicancer_stad_protocol_rerun/step4_models/fs_a_stad_baseline/ml_step4_1/stad/2A_numeric/ElasticNet/groupcv,existing_result,,0.23390225876954404,0.22759214043617249,0.16064301435736425,2.682102325703833,2.0402719179789224,0.047960122426350914,0.011092089556064203,0.010227936311568065,0.2449943483256082,0.23390225876954404,2.6725935605925675,2.682102325703833,0.02490606993931706,0.3111111111111111,0.0,11.333333333333334,0.0,0.1425891181988743,0.0,0.05441578741695976,0.0649787877285624,False,,,False,True,True
ML,stad,2A_numeric,ElasticNet,unseen_drug,results/20260424_multicancer_stad_protocol_rerun/step4_models/fs_a_stad_baseline/ml_step4_1/stad/2A_numeric/ElasticNet/unseen_drug,existing_result,,0.24256203617144595,0.24154263734817505,0.1667151761140418,2.7857944351236013,2.1420650482177734,0.046537935733795166,0.0008008970537214943,0.0,0.24336293322516744,0.24256203617144595,2.648570009590671,2.7857944351236013,0.1533740331442022,0.26666666666666666,0.0,10.0,0.0,0.20408163265306123,0.29152750968933105,0.060903648380308824,0.0053776829816946595,False,,,False,True,True
ML,stad,2A_numeric,ElasticNet,cv,results/20260424_multicancer_stad_protocol_rerun/step4_models/fs_a_stad_baseline/ml_step4_1/stad/2A_numeric/ElasticNet/cv,existing_result,,0.21854100240785626,0.20809951424598694,0.14990278922084907,2.694788775438687,2.0477707386016846,0.03972949584325155,0.028355168707462953,0.010760755618357163,0.24689617111531922,0.21854100240785626,2.6700981870803897,2.694788775438687,0.024699393458862545,0.32222222222222224,280.3333333333333,205.33333333333334,0.9836459182748936,0.9778147405517075,7.947285970052083e-08,0.027256740914419694,0.4247109412075425,False,,,False,True,True
ML,stad,2A_numeric,CatBoost,scaffoldcv,results/20260424_multicancer_stad_protocol_rerun/step4_models/fs_a_stad_baseline/ml_step4_1/stad/2A_numeric/CatBoost/scaffoldcv,existing_result,,0.22793764488648005,0.2166546348067758,0.15795768462527884,2.688581419469351,2.052995771230071,0.03873876599366247,0.015964998603822222,0.018506802497943432,0.2439026434903023,0.22793764488648005,2.672040112003605,2.688581419469351,0.13110092456587522,0.4000000000000001,0.0,0.0,0.0,0.0,-1.5894571940104166e-07,0.06359906213364595,0.2670644613945835,False,,,False,True,True
ML,stad,2A_numeric,CatBoost,holdout,results/20260424_multicancer_stad_protocol_rerun/step4_models/fs_a_stad_baseline/ml_step4_1/stad/2A_numeric/CatBoost/holdout,existing_result,,0.22238948383683393,0.20234356789399105,0.1540505937920407,2.779156920173702,2.1091930931389014,0.036730607787183955,0.02363226691065473,0.0,0.24602175074748867,0.22238948383683393,2.6495320291903846,2.779156920173702,0.03923437859567579,0.3333333333333333,273.0,201.0,0.9927272727272727,0.9901477832512315,0.20017170906066895,0.0381870763617489,0.17794058997625264,False,,,False,True,True
ML,stad,2A_numeric,CatBoost,groupcv,results/20260424_multicancer_stad_protocol_rerun/step4_models/fs_a_stad_baseline/ml_step4_1/stad/2A_numeric/CatBoost/groupcv,existing_result,,0.23241988818938678,0.2260653091467383,0.15991812000131636,2.683310154709522,2.0401049597672305,0.04714531482825879,0.013922729461632541,0.001585511230095042,0.2463426176510193,0.23241988818938678,2.6727476507494177,2.683310154709522,0.0457023059942425,0.37777777777777777,0.0,11.333333333333334,0.0,0.1425891181988743,0.0,0.05441578741695976,0.0649787877285624,False,,,False,True,True
ML,stad,2A_numeric,CatBoost,unseen_drug,results/20260424_multicancer_stad_protocol_rerun/step4_models/fs_a_stad_baseline/ml_step4_1/stad/2A_numeric/CatBoost/unseen_drug,existing_result,,0.24380552903977604,0.24149393554971876,0.16769942518904898,2.7864067007671003,2.1452592321263184,0.04611875960936285,0.0010035718245369474,0.0,0.24480910086431298,0.24380552903977604,2.6485851451565807,2.7864067007671003,0.25703195801734874,0.4666666666666667,0.0,10.0,0.0,0.20408163265306123,0.29152750968933105,0.060903648380308824,0.0053776829816946595,False,,,False,True,True
ML,stad,2A_numeric,CatBoost,cv,results/20260424_multicancer_stad_protocol_rerun/step4_models/fs_a_stad_baseline/ml_step4_1/stad/2A_numeric/CatBoost/cv,existing_result,,0.21481368940268833,0.20418155637307592,0.14785331610626712,2.6960943825534103,2.047562595592563,0.03881620869778476,0.034216977412769946,0.015308040782920125,0.24903066681545827,0.21481368940268833,2.6697539266888763,2.6960943825534103,0.0165564754930878,0.27777777777777773,280.3333333333333,205.33333333333334,0.9836459182748936,0.9778147405517075,7.947285970052083e-08,0.027256740914419694,0.4247109412075425,False,,,False,True,True
ML,stad,2C_numeric_smiles_context,XGBoost,scaffoldcv,results/20260424_multicancer_stad_protocol_rerun/step4_models/fs_a_stad_baseline/ml_step4_1/stad/2C_numeric_smiles_context/XGBoost/scaffoldcv,existing_result,,0.3643058178976184,0.361022025346756,0.2553092833487676,2.626759865413352,1.9937089681625366,0.07559911410013835,0.47775572250139314,0.07300455069957305,0.8420615403990116,0.3643058178976184,1.2849394113219605,2.626759865413352,0.18300855220062465,0.5555555555555555,0.0,0.0,0.0,0.0,-1.5894571940104166e-07,0.06359906213364595,0.2670644613945835,False,,,False,True,True
ML,stad,2C_numeric_smiles_context,XGBoost,holdout,results/20260424_multicancer_stad_protocol_rerun/step4_models/fs_a_stad_baseline/ml_step4_1/stad/2C_numeric_smiles_context/XGBoost/holdout,existing_result,,0.7709118125897721,0.8339068293571472,0.5868757956997824,1.6443276902297927,1.251551628112793,0.6627916097640991,0.06484949770454196,0.0,0.8357613102943141,0.7709118125897721,1.3314184306160228,1.6443276902297927,0.938672923587275,0.9333333333333333,273.0,201.0,0.9927272727272727,0.9901477832512315,0.20017170906066895,0.0381870763617489,0.17794058997625264,False,,,False,True,True
ML,stad,2C_numeric_smiles_context,XGBoost,groupcv,results/20260424_multicancer_stad_protocol_rerun/step4_models/fs_a_stad_baseline/ml_step4_1/stad/2C_numeric_smiles_context/XGBoost/groupcv,existing_result,,0.4396142403577697,0.4990181227525075,0.3076498477156954,2.378645275900407,1.8048043648401897,0.24822978178660074,0.4098366235771243,0.07644555813749092,0.849450863934894,0.4396142403577697,1.2634597210603637,2.378645275900407,0.3087534697557329,0.5,0.0,11.333333333333334,0.0,0.1425891181988743,0.0,0.05441578741695976,0.0649787877285624,False,,,False,True,True
ML,stad,2C_numeric_smiles_context,XGBoost,unseen_drug,results/20260424_multicancer_stad_protocol_rerun/step4_models/fs_a_stad_baseline/ml_step4_1/stad/2C_numeric_smiles_context/XGBoost/unseen_drug,existing_result,,0.4205804364433609,0.505200207233429,0.29899577181021814,2.4790772387192557,1.8609529733657837,0.24493318796157837,0.4179148136225696,0.0,0.8384952500659305,0.4205804364433609,1.2539417582680452,2.4790772387192557,0.0675612257212829,0.23333333333333334,0.0,10.0,0.0,0.20408163265306123,0.29152750968933105,0.060903648380308824,0.0053776829816946595,False,,,False,True,True
ML,stad,2C_numeric_smiles_context,XGBoost,cv,results/20260424_multicancer_stad_protocol_rerun/step4_models/fs_a_stad_baseline/ml_step4_1/stad/2C_numeric_smiles_context/XGBoost/cv,existing_result,,0.7723485918502111,0.8363239566485087,0.5892447523695602,1.5709292326651507,1.2003799676895142,0.6736240983009338,0.06303200923826979,0.006904916586159745,0.8353806010884809,0.7723485918502111,1.3449850678719655,1.5709292326651507,0.8760208552087576,1.0,280.3333333333333,205.33333333333334,0.9836459182748936,0.9778147405517075,7.947285970052083e-08,0.027256740914419694,0.4247109412075425,False,,,False,True,True
ML,stad,2C_numeric_smiles_context,RandomForest,scaffoldcv,results/20260424_multicancer_stad_protocol_rerun/step4_models/fs_a_stad_baseline/ml_step4_1/stad/2C_numeric_smiles_context/RandomForest/scaffoldcv,existing_result,,0.3541627642632203,0.35313206520270307,0.245867644504428,2.6872636121366136,2.013567972862869,0.04001287969483266,0.580312605071908,0.03811686831056665,0.9344753693351283,0.3541627642632203,0.7963327100074302,2.6872636121366136,0.21321497200409867,0.6888888888888888,0.0,0.0,0.0,0.0,-1.5894571940104166e-07,0.06359906213364595,0.2670644613945835,False,,,False,True,True
ML,stad,2C_numeric_smiles_context,RandomForest,holdout,results/20260424_multicancer_stad_protocol_rerun/step4_models/fs_a_stad_baseline/ml_step4_1/stad/2C_numeric_smiles_context/RandomForest/holdout,existing_result,,0.8065867883474998,0.8581195826301502,0.6270900671971377,1.4637793267073398,1.0809872457694154,0.7327776118038953,0.1291546308809517,0.0,0.9357414192284514,0.8065867883474998,0.8214564091928203,1.4637793267073398,0.9054086230723027,0.9666666666666667,273.0,201.0,0.9927272727272727,0.9901477832512315,0.20017170906066895,0.0381870763617489,0.17794058997625264,False,,,False,True,True
ML,stad,2C_numeric_smiles_context,RandomForest,groupcv,results/20260424_multicancer_stad_protocol_rerun/step4_models/fs_a_stad_baseline/ml_step4_1/stad/2C_numeric_smiles_context/RandomForest/groupcv,existing_result,,0.42056696738118243,0.45703890118073937,0.29692093190648206,2.483468211630008,1.8570414841740455,0.17926906191852707,0.5177142948836765,0.07015569045568773,0.938281262264859,0.42056696738118243,0.8060821640038266,2.483468211630008,0.0911377046663626,0.28888888888888886,0.0,11.333333333333334,0.0,0.1425891181988743,0.0,0.05441578741695976,0.0649787877285624,False,,,False,True,True
ML,stad,2C_numeric_smiles_context,RandomForest,unseen_drug,results/20260424_multicancer_stad_protocol_rerun/step4_models/fs_a_stad_baseline/ml_step4_1/stad/2C_numeric_smiles_context/RandomForest/unseen_drug,existing_result,,0.36710906797477316,0.44811121958816125,0.2655514521514489,2.68091658389258,1.964428321627809,0.11697723834435436,0.5706434971870191,0.0,0.9377525651617923,0.36710906797477316,0.73759366642834,2.68091658389258,0.32657810018825983,0.4,0.0,10.0,0.0,0.20408163265306123,0.29152750968933105,0.060903648380308824,0.0053776829816946595,False,,,False,True,True
ML,stad,2C_numeric_smiles_context,RandomForest,cv,results/20260424_multicancer_stad_protocol_rerun/step4_models/fs_a_stad_baseline/ml_step4_1/stad/2C_numeric_smiles_context/RandomForest/cv,existing_result,,0.7954544150969317,0.8505625147027597,0.6167016517020528,1.4474253180537107,1.0598750336925022,0.7228025187377541,0.14265300886180624,0.009309839887415978,0.9381074239587379,0.7954544150969317,0.8215236135705523,1.4474253180537107,0.8448717374681052,0.9888888888888889,280.3333333333333,205.33333333333334,0.9836459182748936,0.9778147405517075,7.947285970052083e-08,0.027256740914419694,0.4247109412075425,False,,,False,True,True
ML,stad,2C_numeric_smiles_context,ExtraTrees,scaffoldcv,results/20260424_multicancer_stad_protocol_rerun/step4_models/fs_a_stad_baseline/ml_step4_1/stad/2C_numeric_smiles_context/ExtraTrees/scaffoldcv,existing_result,,0.40502050254145755,0.38284575706950874,0.2820762761523332,2.580254525846953,1.9487248488387063,0.10719677148783131,0.5447386338109033,0.10537400588756503,0.9497591363523608,0.40502050254145755,0.6455424056087122,2.580254525846953,0.19104974009166373,0.4777777777777778,0.0,0.0,0.0,0.0,-1.5894571940104166e-07,0.06359906213364595,0.2670644613945835,False,,,False,True,True
ML,stad,2C_numeric_smiles_context,ExtraTrees,holdout,results/20260424_multicancer_stad_protocol_rerun/step4_models/fs_a_stad_baseline/ml_step4_1/stad/2C_numeric_smiles_context/ExtraTrees/holdout,existing_result,,0.7941038568166673,0.8556367587499396,0.617946424056483,1.4668729145551642,1.0752717348200336,0.7316469092772377,0.15691321564423288,0.0,0.9510170724609002,0.7941038568166673,0.6891777351606819,1.4668729145551642,0.9028516618527258,0.9666666666666667,273.0,201.0,0.9927272727272727,0.9901477832512315,0.20017170906066895,0.0381870763617489,0.17794058997625264,False,,,False,True,True
ML,stad,2C_numeric_smiles_context,ExtraTrees,groupcv,results/20260424_multicancer_stad_protocol_rerun/step4_models/fs_a_stad_baseline/ml_step4_1/stad/2C_numeric_smiles_context/ExtraTrees/groupcv,existing_result,,0.3575347929848523,0.439597602884235,0.2533446444846657,2.53793590995402,1.8887081961750578,0.1383605462900658,0.5963546877226419,0.09932575360934248,0.9538894807074941,0.3575347929848523,0.6737239230259985,2.53793590995402,0.4906220048334287,0.6333333333333334,0.0,11.333333333333334,0.0,0.1425891181988743,0.0,0.05441578741695976,0.0649787877285624,False,,,False,True,True
ML,stad,2C_numeric_smiles_context,ExtraTrees,unseen_drug,results/20260424_multicancer_stad_protocol_rerun/step4_models/fs_a_stad_baseline/ml_step4_1/stad/2C_numeric_smiles_context/ExtraTrees/unseen_drug,existing_result,,0.36926280826730856,0.47043800404404634,0.26238165100226973,2.64501951321365,1.946884540320349,0.14046600737924197,0.5849046156628801,0.0,0.9541674239301886,0.36926280826730856,0.5972188630829678,2.64501951321365,0.23820062907839099,0.43333333333333335,0.0,10.0,0.0,0.20408163265306123,0.29152750968933105,0.060903648380308824,0.0053776829816946595,False,,,False,True,True
ML,stad,2C_numeric_smiles_context,ExtraTrees,cv,results/20260424_multicancer_stad_protocol_rerun/step4_models/fs_a_stad_baseline/ml_step4_1/stad/2C_numeric_smiles_context/ExtraTrees/cv,existing_result,,0.7858154784389798,0.8431723864010713,0.6095890845064077,1.4798063055517001,1.0671197933293117,0.710157158096964,0.16842635810219053,0.007791179532228147,0.9542418365411702,0.7858154784389798,0.6789473933343002,1.4798063055517001,0.8377460869365841,0.9777777777777779,280.3333333333333,205.33333333333334,0.9836459182748936,0.9778147405517075,7.947285970052083e-08,0.027256740914419694,0.4247109412075425,False,,,False,True,True
ML,stad,2C_numeric_smiles_context,LightGBM,scaffoldcv,results/20260424_multicancer_stad_protocol_rerun/step4_models/fs_a_stad_baseline/ml_step4_1/stad/2C_numeric_smiles_context/LightGBM/scaffoldcv,existing_result,,0.33408024768493744,0.3366538211447963,0.23386250214224327,2.8425554207069723,2.1155830334159,-0.09428982344576638,0.5059161503621262,0.0950175402616588,0.8399963980470636,0.33408024768493744,1.2851052473218718,2.8425554207069723,0.37316419245219773,0.5333333333333333,0.0,0.0,0.0,0.0,-1.5894571940104166e-07,0.06359906213364595,0.2670644613945835,False,,,False,True,True
ML,stad,2C_numeric_smiles_context,LightGBM,holdout,results/20260424_multicancer_stad_protocol_rerun/step4_models/fs_a_stad_baseline/ml_step4_1/stad/2C_numeric_smiles_context/LightGBM/holdout,existing_result,,0.7753550709837037,0.8325167631441064,0.5904373633165332,1.6224659559091565,1.218873249285992,0.6716985444898056,0.053764709361015406,0.0,0.8291197803447191,0.7753550709837037,1.3382185026971358,1.6224659559091565,0.9387622860895836,0.9666666666666667,273.0,201.0,0.9927272727272727,0.9901477832512315,0.20017170906066895,0.0381870763617489,0.17794058997625264,False,,,False,True,True
ML,stad,2C_numeric_smiles_context,LightGBM,groupcv,results/20260424_multicancer_stad_protocol_rerun/step4_models/fs_a_stad_baseline/ml_step4_1/stad/2C_numeric_smiles_context/LightGBM/groupcv,existing_result,,0.4441382569854899,0.49967717445435106,0.31278886094562813,2.388239103516368,1.8117520699474703,0.24162729121839788,0.39987099664173753,0.06801381725922027,0.8440092536272275,0.4441382569854899,1.2759189820571768,2.388239103516368,0.37994061115515065,0.5333333333333333,0.0,11.333333333333334,0.0,0.1425891181988743,0.0,0.05441578741695976,0.0649787877285624,False,,,False,True,True
ML,stad,2C_numeric_smiles_context,LightGBM,unseen_drug,results/20260424_multicancer_stad_protocol_rerun/step4_models/fs_a_stad_baseline/ml_step4_1/stad/2C_numeric_smiles_context/LightGBM/unseen_drug,existing_result,,0.4030922313606538,0.4869376257042688,0.28478560154622534,2.5235665115482973,1.9141560121889654,0.21758925296627218,0.42835472089458454,0.0,0.8314469522552383,0.4030922313606538,1.2713448903811793,2.5235665115482973,0.07851977477542314,0.3,0.0,10.0,0.0,0.20408163265306123,0.29152750968933105,0.060903648380308824,0.0053776829816946595,False,,,False,True,True
ML,stad,2C_numeric_smiles_context,LightGBM,cv,results/20260424_multicancer_stad_protocol_rerun/step4_models/fs_a_stad_baseline/ml_step4_1/stad/2C_numeric_smiles_context/LightGBM/cv,existing_result,,0.7750495484200259,0.8392619370757876,0.5925056944643884,1.531777919326424,1.1572729449606127,0.6897395775748979,0.057420645409766546,0.006803287865760575,0.8324701938297925,0.7750495484200259,1.343808573167612,1.531777919326424,0.908255341885396,0.9888888888888889,280.3333333333333,205.33333333333334,0.9836459182748936,0.9778147405517075,7.947285970052083e-08,0.027256740914419694,0.4247109412075425,False,,,False,True,True
ML,stad,2C_numeric_smiles_context,CatBoost,scaffoldcv,results/20260424_multicancer_stad_protocol_rerun/step4_models/fs_a_stad_baseline/ml_step4_1/stad/2C_numeric_smiles_context/CatBoost/scaffoldcv,existing_result,,0.38101741847117476,0.41994386974318515,0.26656396949455186,2.5855429106413728,1.944683156565801,0.09428764802172733,0.3946327981268459,0.10547572626875483,0.7756502165980207,0.38101741847117476,1.599582025526317,2.5855429106413728,0.17681267103478845,0.5666666666666668,0.0,0.0,0.0,0.0,-1.5894571940104166e-07,0.06359906213364595,0.2670644613945835,False,,,False,True,True
ML,stad,2C_numeric_smiles_context,CatBoost,holdout,results/20260424_multicancer_stad_protocol_rerun/step4_models/fs_a_stad_baseline/ml_step4_1/stad/2C_numeric_smiles_context/CatBoost/holdout,existing_result,,0.7087191399905957,0.7792004277517288,0.5257979717432141,1.901772901668294,1.465827192159987,0.5489352050550332,0.04953640231860146,0.0,0.7582555423091971,0.7087191399905957,1.6744082340823778,1.901772901668294,0.8586212816203213,0.9666666666666667,273.0,201.0,0.9927272727272727,0.9901477832512315,0.20017170906066895,0.0381870763617489,0.17794058997625264,False,,,False,True,True
ML,stad,2C_numeric_smiles_context,CatBoost,groupcv,results/20260424_multicancer_stad_protocol_rerun/step4_models/fs_a_stad_baseline/ml_step4_1/stad/2C_numeric_smiles_context/CatBoost/groupcv,existing_result,,0.42714460860423037,0.4991615937596272,0.30050722502899346,2.372694636416926,1.7905019234586377,0.2505708691241491,0.3508498241218381,0.1017915095713816,0.7779944327260685,0.42714460860423037,1.6008739438249042,2.372694636416926,0.178751247213032,0.5,0.0,11.333333333333334,0.0,0.1425891181988743,0.0,0.05441578741695976,0.0649787877285624,False,,,False,True,True
ML,stad,2C_numeric_smiles_context,CatBoost,unseen_drug,results/20260424_multicancer_stad_protocol_rerun/step4_models/fs_a_stad_baseline/ml_step4_1/stad/2C_numeric_smiles_context/CatBoost/unseen_drug,existing_result,,0.454281852978001,0.5434115047996404,0.32699572385074693,2.395980880080076,1.797059068042549,0.29470307203958956,0.3126825955816365,0.0,0.7669644485596375,0.454281852978001,1.5794706293430922,2.395980880080076,0.4222383016228686,0.4666666666666667,0.0,10.0,0.0,0.20408163265306123,0.29152750968933105,0.060903648380308824,0.0053776829816946595,False,,,False,True,True
ML,stad,2C_numeric_smiles_context,CatBoost,cv,results/20260424_multicancer_stad_protocol_rerun/step4_models/fs_a_stad_baseline/ml_step4_1/stad/2C_numeric_smiles_context/CatBoost/cv,existing_result,,0.7211887686699082,0.7894300244411078,0.5376607349650739,1.8081370685327756,1.4000788366000345,0.5678457674735514,0.03385198132403914,0.00564069015975547,0.7550407499939472,0.7211887686699082,1.7187240448426842,1.8081370685327756,0.859271421730965,0.9777777777777779,280.3333333333333,205.33333333333334,0.9836459182748936,0.9778147405517075,7.947285970052083e-08,0.027256740914419694,0.4247109412075425,False,,,False,True,True
ML,stad,2B_numeric_smiles,XGBoost,scaffoldcv,results/20260424_multicancer_stad_protocol_rerun/step4_models/fs_a_stad_baseline/ml_step4_1/stad/2B_numeric_smiles/XGBoost/scaffoldcv,existing_result,,0.35634472864166894,0.3602455457051595,0.24947413347080585,2.627291711768139,1.9914706945419312,0.07766242822011311,0.4681270804195314,0.05669176839703333,0.8244718090612002,0.35634472864166894,1.3461251995094834,2.627291711768139,0.17154801860494717,0.5333333333333333,0.0,0.0,0.0,0.0,-1.5894571940104166e-07,0.06359906213364595,0.2670644613945835,False,,,False,True,True
ML,stad,2B_numeric_smiles,XGBoost,holdout,results/20260424_multicancer_stad_protocol_rerun/step4_models/fs_a_stad_baseline/ml_step4_1/stad/2B_numeric_smiles/XGBoost/holdout,existing_result,,0.7655305444076975,0.8300748467445374,0.5815523115251653,1.662475115367538,1.2729538679122925,0.655307412147522,0.05574062713573624,0.0,0.8212711715434338,0.7655305444076975,1.387684402584005,1.662475115367538,0.9355327403445423,0.9333333333333333,273.0,201.0,0.9927272727272727,0.9901477832512315,0.20017170906066895,0.0381870763617489,0.17794058997625264,False,,,False,True,True
ML,stad,2B_numeric_smiles,XGBoost,groupcv,results/20260424_multicancer_stad_protocol_rerun/step4_models/fs_a_stad_baseline/ml_step4_1/stad/2B_numeric_smiles/XGBoost/groupcv,existing_result,,0.43642952402648055,0.4990740617116292,0.3051549512493735,2.3775217710859056,1.8020408153533936,0.2495566209157308,0.3975564667746876,0.05441809596893643,0.8339859908011681,0.43642952402648055,1.328893223313032,2.3775217710859056,0.28667573532206675,0.5333333333333333,0.0,11.333333333333334,0.0,0.1425891181988743,0.0,0.05441578741695976,0.0649787877285624,False,,,False,True,True
ML,stad,2B_numeric_smiles,XGBoost,unseen_drug,results/20260424_multicancer_stad_protocol_rerun/step4_models/fs_a_stad_baseline/ml_step4_1/stad/2B_numeric_smiles/XGBoost/unseen_drug,existing_result,,0.44545988072612425,0.5209249258041382,0.3127878128157914,2.440898384676512,1.883235216140747,0.26801079511642456,0.377347612589571,0.0,0.8228074933156952,0.44545988072612425,1.3309569291440777,2.440898384676512,0.0645501206841829,0.2,0.0,10.0,0.0,0.20408163265306123,0.29152750968933105,0.060903648380308824,0.0053776829816946595,False,,,False,True,True
ML,stad,2B_numeric_smiles,XGBoost,cv,results/20260424_multicancer_stad_protocol_rerun/step4_models/fs_a_stad_baseline/ml_step4_1/stad/2B_numeric_smiles/XGBoost/cv,existing_result,,0.7624363098905684,0.8278588056564331,0.580230317958531,1.5975400393687975,1.2141012748082478,0.6624517440795898,0.06058042275999209,0.006732888969053429,0.8230167326505606,0.7624363098905684,1.3946409703240292,1.5975400393687975,0.9016060685513319,1.0,280.3333333333333,205.33333333333334,0.9836459182748936,0.9778147405517075,7.947285970052083e-08,0.027256740914419694,0.4247109412075425,False,,,False,True,True
ML,stad,2B_numeric_smiles,RandomForest,scaffoldcv,results/20260424_multicancer_stad_protocol_rerun/step4_models/fs_a_stad_baseline/ml_step4_1/stad/2B_numeric_smiles/RandomForest/scaffoldcv,existing_result,,0.3334299416751525,0.32433566005220943,0.23081173026396443,2.713610079796027,2.045342320113124,0.019691043619373943,0.5662791923173287,0.04927110909549125,0.8997091339924812,0.3334299416751525,0.9423532608909699,2.713610079796027,0.23053686196348447,0.7222222222222223,0.0,0.0,0.0,0.0,-1.5894571940104166e-07,0.06359906213364595,0.2670644613945835,False,,,False,True,True
ML,stad,2B_numeric_smiles,RandomForest,holdout,results/20260424_multicancer_stad_protocol_rerun/step4_models/fs_a_stad_baseline/ml_step4_1/stad/2B_numeric_smiles/RandomForest/holdout,existing_result,,0.7935127822239105,0.8499718483720146,0.6115338439370114,1.4998365918146412,1.1094417725367705,0.7194504913062478,0.11147108286958773,0.0,0.9049838650934983,0.7935127822239105,0.9812214015790759,1.4998365918146412,0.9077678243233314,1.0,273.0,201.0,0.9927272727272727,0.9901477832512315,0.20017170906066895,0.0381870763617489,0.17794058997625264,False,,,False,True,True
ML,stad,2B_numeric_smiles,RandomForest,groupcv,results/20260424_multicancer_stad_protocol_rerun/step4_models/fs_a_stad_baseline/ml_step4_1/stad/2B_numeric_smiles/RandomForest/groupcv,existing_result,,0.4132826503883753,0.4631811519390308,0.28969308427489393,2.4712727631729714,1.8747841556448914,0.18744048464649313,0.4931035034454912,0.07599070264563107,0.9063861538338664,0.4132826503883753,0.9785957554117016,2.4712727631729714,0.07788824210645655,0.3111111111111111,0.0,11.333333333333334,0.0,0.1425891181988743,0.0,0.05441578741695976,0.0649787877285624,False,,,False,True,True
ML,stad,2B_numeric_smiles,RandomForest,unseen_drug,results/20260424_multicancer_stad_protocol_rerun/step4_models/fs_a_stad_baseline/ml_step4_1/stad/2B_numeric_smiles/RandomForest/unseen_drug,existing_result,,0.358792808721536,0.4402759212163482,0.2553702974067103,2.6782523741405364,1.9973675321762827,0.11873140624228151,0.5495633206288772,0.0,0.9083561293504133,0.358792808721536,0.9243576607975815,2.6782523741405364,0.312832464253622,0.36666666666666664,0.0,10.0,0.0,0.20408163265306123,0.29152750968933105,0.060903648380308824,0.0053776829816946595,False,,,False,True,True
ML,stad,2B_numeric_smiles,RandomForest,cv,results/20260424_multicancer_stad_protocol_rerun/step4_models/fs_a_stad_baseline/ml_step4_1/stad/2B_numeric_smiles/RandomForest/cv,existing_result,,0.7784003052993587,0.8371116967776796,0.5987238468583727,1.5053018280123254,1.0969138705022374,0.7001779379043372,0.127921205075227,0.011460709635334356,0.9063215103745855,0.7784003052993587,0.9849723772073634,1.5053018280123254,0.8502074647976331,0.9888888888888889,280.3333333333333,205.33333333333334,0.9836459182748936,0.9778147405517075,7.947285970052083e-08,0.027256740914419694,0.4247109412075425,False,,,False,True,True
ML,stad,2B_numeric_smiles,ExtraTrees,scaffoldcv,results/20260424_multicancer_stad_protocol_rerun/step4_models/fs_a_stad_baseline/ml_step4_1/stad/2B_numeric_smiles/ExtraTrees/scaffoldcv,existing_result,,0.38973690819986967,0.3883909449531336,0.27046810895170775,2.576160271469219,1.954314009573717,0.1104828053603946,0.5238124313807452,0.10187397810099813,0.9135493395806149,0.38973690819986967,0.8120675873918629,2.576160271469219,0.24078360546843633,0.41111111111111104,0.0,0.0,0.0,0.0,-1.5894571940104166e-07,0.06359906213364595,0.2670644613945835,False,,,False,True,True
ML,stad,2B_numeric_smiles,ExtraTrees,holdout,results/20260424_multicancer_stad_protocol_rerun/step4_models/fs_a_stad_baseline/ml_step4_1/stad/2B_numeric_smiles/ExtraTrees/holdout,existing_result,,0.796879098908026,0.852924796373765,0.6146023081897151,1.4808813275185393,1.0899964703684744,0.7264969732800394,0.12225382053819933,0.0,0.9191329194462253,0.796879098908026,0.8845353316741755,1.4808813275185393,0.9072254491886725,1.0,273.0,201.0,0.9927272727272727,0.9901477832512315,0.20017170906066895,0.0381870763617489,0.17794058997625264,False,,,False,True,True
ML,stad,2B_numeric_smiles,ExtraTrees,groupcv,results/20260424_multicancer_stad_protocol_rerun/step4_models/fs_a_stad_baseline/ml_step4_1/stad/2B_numeric_smiles/ExtraTrees/groupcv,existing_result,,0.3684397252398448,0.45853986546752784,0.2584748390042342,2.493306148413725,1.8882186984131606,0.16680563221862252,0.5520679920505313,0.1028570662401728,0.9205077172903761,0.3684397252398448,0.8835308124172946,2.493306148413725,0.4725184783214167,0.6,0.0,11.333333333333334,0.0,0.1425891181988743,0.0,0.05441578741695976,0.0649787877285624,False,,,False,True,True
ML,stad,2B_numeric_smiles,ExtraTrees,unseen_drug,results/20260424_multicancer_stad_protocol_rerun/step4_models/fs_a_stad_baseline/ml_step4_1/stad/2B_numeric_smiles/ExtraTrees/unseen_drug,existing_result,,0.37013197279135546,0.47239455389830104,0.2591330448953883,2.610986899735794,1.9840665739489787,0.16244240396832366,0.5531961051905946,0.0,0.92332807798195,0.37013197279135546,0.8258976946040417,2.610986899735794,0.26385672084968165,0.43333333333333335,0.0,10.0,0.0,0.20408163265306123,0.29152750968933105,0.060903648380308824,0.0053776829816946595,False,,,False,True,True
ML,stad,2B_numeric_smiles,ExtraTrees,cv,results/20260424_multicancer_stad_protocol_rerun/step4_models/fs_a_stad_baseline/ml_step4_1/stad/2B_numeric_smiles/ExtraTrees/cv,existing_result,,0.7761240581147697,0.8365810398840644,0.5969768772526176,1.5066241677345094,1.0903829828426417,0.6994621654756196,0.14500711496246144,0.012238327465232192,0.9211311730772311,0.7761240581147697,0.8837173089365438,1.5066241677345094,0.8428515312816293,0.9777777777777779,280.3333333333333,205.33333333333334,0.9836459182748936,0.9778147405517075,7.947285970052083e-08,0.027256740914419694,0.4247109412075425,False,,,False,True,True
ML,stad,2B_numeric_smiles,LightGBM,scaffoldcv,results/20260424_multicancer_stad_protocol_rerun/step4_models/fs_a_stad_baseline/ml_step4_1/stad/2B_numeric_smiles/LightGBM/scaffoldcv,existing_result,,0.32021341654173013,0.3273413194900665,0.22489245822926543,2.842182537150095,2.1108187295486904,-0.09560012164531755,0.502012874761653,0.0916318705706414,0.8222262913033832,0.32021341654173013,1.3435277676678032,2.842182537150095,0.3638259824068309,0.5444444444444444,0.0,0.0,0.0,0.0,-1.5894571940104166e-07,0.06359906213364595,0.2670644613945835,False,,,False,True,True
ML,stad,2B_numeric_smiles,LightGBM,holdout,results/20260424_multicancer_stad_protocol_rerun/step4_models/fs_a_stad_baseline/ml_step4_1/stad/2B_numeric_smiles/LightGBM/holdout,existing_result,,0.7632485603380413,0.82391115813693,0.5783042484930383,1.6579526772235473,1.2503019414684395,0.6571802109829983,0.048390215520990765,0.0,0.8116387758590321,0.7632485603380413,1.4019740442726705,1.6579526772235473,0.9701421120335312,0.9666666666666667,273.0,201.0,0.9927272727272727,0.9901477832512315,0.20017170906066895,0.0381870763617489,0.17794058997625264,False,,,False,True,True
ML,stad,2B_numeric_smiles,LightGBM,groupcv,results/20260424_multicancer_stad_protocol_rerun/step4_models/fs_a_stad_baseline/ml_step4_1/stad/2B_numeric_smiles/LightGBM/groupcv,existing_result,,0.43703953360410597,0.4880490239413053,0.30653750048822154,2.4087493407468585,1.8399253470360513,0.22917077184508974,0.3896349344667556,0.06299910899975808,0.8266744680708616,0.43703953360410597,1.3457187013796343,2.4087493407468585,0.2978685213393617,0.45555555555555555,0.0,11.333333333333334,0.0,0.1425891181988743,0.0,0.05441578741695976,0.0649787877285624,False,,,False,True,True
ML,stad,2B_numeric_smiles,LightGBM,unseen_drug,results/20260424_multicancer_stad_protocol_rerun/step4_models/fs_a_stad_baseline/ml_step4_1/stad/2B_numeric_smiles/LightGBM/unseen_drug,existing_result,,0.4216270095114629,0.4924609960743238,0.29746446363305695,2.5173267858566497,1.9339875117137342,0.22145361937707297,0.3905718823701564,0.0,0.8121988918816193,0.4216270095114629,1.3486837833314311,2.5173267858566497,0.048617022682315866,0.13333333333333333,0.0,10.0,0.0,0.20408163265306123,0.29152750968933105,0.060903648380308824,0.0053776829816946595,False,,,False,True,True
ML,stad,2B_numeric_smiles,LightGBM,cv,results/20260424_multicancer_stad_protocol_rerun/step4_models/fs_a_stad_baseline/ml_step4_1/stad/2B_numeric_smiles/LightGBM/cv,existing_result,,0.7621634729848847,0.8280688819479035,0.5798911005914932,1.5749184078364882,1.182838139193857,0.672039084619796,0.05486486174787608,0.006011703497179411,0.8170283347327608,0.7621634729848847,1.4008598513401127,1.5749184078364882,0.9067820712443676,0.9888888888888889,280.3333333333333,205.33333333333334,0.9836459182748936,0.9778147405517075,7.947285970052083e-08,0.027256740914419694,0.4247109412075425,False,,,False,True,True
ML,stad,2B_numeric_smiles,CatBoost,scaffoldcv,results/20260424_multicancer_stad_protocol_rerun/step4_models/fs_a_stad_baseline/ml_step4_1/stad/2B_numeric_smiles/CatBoost/scaffoldcv,existing_result,,0.36485228066545794,0.3912377022820268,0.25629034036538584,2.7078650922730887,2.0577124262000406,-0.008332447298501355,0.39632186742178455,0.11627069541951361,0.7611741480872425,0.36485228066545794,1.6399128855567053,2.7078650922730887,0.26871356973364846,0.5222222222222223,0.0,0.0,0.0,0.0,-1.5894571940104166e-07,0.06359906213364595,0.2670644613945835,False,,,False,True,True
ML,stad,2B_numeric_smiles,CatBoost,holdout,results/20260424_multicancer_stad_protocol_rerun/step4_models/fs_a_stad_baseline/ml_step4_1/stad/2B_numeric_smiles/CatBoost/holdout,existing_result,,0.6899262411901539,0.766035231053851,0.5121507576551744,1.9277241266876588,1.4800574956397097,0.5365409273461308,0.05214294479006143,0.0,0.7420691859802153,0.6899262411901539,1.7031634150574453,1.9277241266876588,0.9144638864518809,1.0,273.0,201.0,0.9927272727272727,0.9901477832512315,0.20017170906066895,0.0381870763617489,0.17794058997625264,False,,,False,True,True
ML,stad,2B_numeric_smiles,CatBoost,groupcv,results/20260424_multicancer_stad_protocol_rerun/step4_models/fs_a_stad_baseline/ml_step4_1/stad/2B_numeric_smiles/CatBoost/groupcv,existing_result,,0.4051503796354143,0.47441939464958294,0.2853215158824696,2.4037311491775117,1.8189054874864687,0.23015011042253244,0.35801923121081075,0.09839915722716114,0.763169610846225,0.4051503796354143,1.6372855727265831,2.4037311491775117,0.20665640155534828,0.6444444444444445,0.0,11.333333333333334,0.0,0.1425891181988743,0.0,0.05441578741695976,0.0649787877285624,False,,,False,True,True
ML,stad,2B_numeric_smiles,CatBoost,unseen_drug,results/20260424_multicancer_stad_protocol_rerun/step4_models/fs_a_stad_baseline/ml_step4_1/stad/2B_numeric_smiles/CatBoost/unseen_drug,existing_result,,0.35524796976823153,0.47721270565258267,0.2584710024641955,2.5134352445726553,1.9023708198517593,0.22385887208682942,0.4014069435014013,0.0,0.7566549132696329,0.35524796976823153,1.6119416337879324,2.5134352445726553,0.12219504022437401,0.2,0.0,10.0,0.0,0.20408163265306123,0.29152750968933105,0.060903648380308824,0.0053776829816946595,False,,,False,True,True
ML,stad,2B_numeric_smiles,CatBoost,cv,results/20260424_multicancer_stad_protocol_rerun/step4_models/fs_a_stad_baseline/ml_step4_1/stad/2B_numeric_smiles/CatBoost/cv,existing_result,,0.7055945215299584,0.7807636574708159,0.5253679015784017,1.826798812771634,1.4146524326603254,0.5588531872423205,0.03264552274078084,0.00625011641486145,0.7382400442707392,0.7055945215299584,1.7424256395568973,1.826798812771634,0.8499864392890056,0.9888888888888889,280.3333333333333,205.33333333333334,0.9836459182748936,0.9778147405517075,7.947285970052083e-08,0.027256740914419694,0.4247109412075425,False,,,False,True,True
ML,luad,2A_numeric,XGBoost,scaffoldcv,results/20260424_multicancer_stad_protocol_rerun/step4_models/fs_a_stad_baseline/ml_step4_1/luad/2A_numeric/XGBoost/scaffoldcv,light_resume,fill_missing_only,0.33371761788447135,0.30947136878967285,0.22821497123234924,2.643803136478414,2.0216477314631143,0.06621557474136353,0.008420667184264208,0.009864278546382063,0.34213828506873556,0.33371761788447135,2.6103477806131785,2.643803136478414,0.14296251638173055,0.7222222222222223,0.0,0.0,0.0,0.0,-4.38690185546875e-05,0.0941207068551463,9.127519685561636e-89,False,,,False,True,True
ML,luad,2A_numeric,XGBoost,holdout,results/20260424_multicancer_stad_protocol_rerun/step4_models/fs_a_stad_baseline/ml_step4_1/luad/2A_numeric/XGBoost/holdout,existing_result,,0.32913559462142317,0.3125823438167572,0.2245375387802797,2.598790246781209,1.9684051275253296,0.09653502702713013,0.01016513160477589,0.0,0.33930072622619906,0.32913559462142317,2.623443414478099,2.598790246781209,0.03835227966574344,0.8,295.0,220.0,1.0,1.0,-0.02993011474609375,0.008026118141156835,0.14982826160409668,False,,,False,True,True
ML,luad,2A_numeric,XGBoost,groupcv,results/20260424_multicancer_stad_protocol_rerun/step4_models/fs_a_stad_baseline/ml_step4_1/luad/2A_numeric/XGBoost/groupcv,existing_result,,0.33243973135994276,0.31213608384132385,0.2272683050892352,2.6303316744690552,1.99313223361969,0.08569951852162679,0.007917559742823543,0.01968524738141149,0.3403572911027663,0.33243973135994276,2.61386097605453,2.6303316744690552,0.046638817351438454,0.8111111111111112,0.0,11.0,0.0,0.1389010989010989,0.00010673205057779948,0.04989926983305611,4.1043965493721306e-26,False,,,False,True,True
ML,luad,2A_numeric,XGBoost,unseen_drug,results/20260424_multicancer_stad_protocol_rerun/step4_models/fs_a_stad_baseline/ml_step4_1/luad/2A_numeric/XGBoost/unseen_drug,light_resume,fill_missing_only,0.30940845205844997,0.30324986577033997,0.2097348886434039,2.736309478935846,2.0808002948760986,0.07954716682434082,0.03634879167850352,0.0,0.3457572437369535,0.30940845205844997,2.5898860047634678,2.736309478935846,0.3111444063073113,0.8333333333333334,0.0,10.0,0.0,0.20408163265306123,0.2929506301879883,0.05345776503633326,8.748190174842379e-49,False,,,False,True,True
ML,luad,2A_numeric,XGBoost,cv,results/20260424_multicancer_stad_protocol_rerun/step4_models/fs_a_stad_baseline/ml_step4_1/luad/2A_numeric/XGBoost/cv,existing_result,,0.3221430811293247,0.30221304297447205,0.21956307448932355,2.6309989609253193,1.990595777829488,0.09073833624521892,0.019959587098078546,0.006668804492439001,0.34210266822740326,0.3221430811293247,2.614032928045137,2.6309989609253193,0.024964181853638277,0.6999999999999998,295.0,220.0,1.0,1.0,0.0,0.004448802889330056,0.6450500009263341,False,,,False,True,True
ML,luad,2A_numeric,RandomForest,scaffoldcv,results/20260424_multicancer_stad_protocol_rerun/step4_models/fs_a_stad_baseline/ml_step4_1/luad/2A_numeric/RandomForest/scaffoldcv,light_resume,fill_missing_only,0.3348811058395594,0.31063963713126275,0.2290085232307193,2.6414115683534836,2.021535176652868,0.06772915043387766,0.00882449664638594,0.009770550303240994,0.3437056024859453,0.3348811058395594,2.6061221972194217,2.6414115683534836,0.10950872688590858,0.6777777777777777,0.0,0.0,0.0,0.0,-4.38690185546875e-05,0.0941207068551463,9.127519685561636e-89,False,,,False,True,True
ML,luad,2A_numeric,RandomForest,holdout,results/20260424_multicancer_stad_protocol_rerun/step4_models/fs_a_stad_baseline/ml_step4_1/luad/2A_numeric/RandomForest/holdout,light_resume,fill_missing_only,0.3256538110322591,0.3096321537958628,0.22218755548466163,2.6003121552379365,1.9702172721006945,0.09547652427684705,0.015418041941133886,0.0,0.341071852973393,0.3256538110322591,2.618469998094016,2.6003121552379365,0.031105215242054517,0.7,295.0,220.0,1.0,1.0,-0.02993011474609375,0.008026118141156835,0.14982826160409668,False,,,False,True,True
ML,luad,2A_numeric,RandomForest,groupcv,results/20260424_multicancer_stad_protocol_rerun/step4_models/fs_a_stad_baseline/ml_step4_1/luad/2A_numeric/RandomForest/groupcv,light_resume,fill_missing_only,0.3333987121007637,0.313362575465523,0.22787858888523693,2.6275278293487285,1.9914148766583193,0.08766709426281875,0.009118427970838802,0.01924596739064031,0.3425171400716025,0.3333987121007637,2.6088437068396138,2.6275278293487285,0.044662408123318204,0.7999999999999999,0.0,11.0,0.0,0.1389010989010989,0.00010673205057779948,0.04989926983305611,4.1043965493721306e-26,False,,,False,True,True
ML,luad,2A_numeric,RandomForest,unseen_drug,results/20260424_multicancer_stad_protocol_rerun/step4_models/fs_a_stad_baseline/ml_step4_1/luad/2A_numeric/RandomForest/unseen_drug,light_resume,fill_missing_only,0.31053589182265556,0.30485853071510816,0.21053315548643917,2.733438631846705,2.0773029740529827,0.08147755885099106,0.03680367938747292,0.0,0.3473395712101285,0.31053589182265556,2.585086633369588,2.733438631846705,0.22246503257827144,0.7,0.0,10.0,0.0,0.20408163265306123,0.2929506301879883,0.05345776503633326,8.748190174842379e-49,False,,,False,True,True
ML,luad,2A_numeric,RandomForest,cv,results/20260424_multicancer_stad_protocol_rerun/step4_models/fs_a_stad_baseline/ml_step4_1/luad/2A_numeric/RandomForest/cv,light_resume,fill_missing_only,0.3179372830658051,0.2984724740315466,0.2166033847235033,2.634551702097317,1.995124136098143,0.08827891679497997,0.026219875671115334,0.006711295293322468,0.3441571587369204,0.3179372830658051,2.608670936091718,2.634551702097317,0.042474048391750154,0.6999999999999998,295.0,220.0,1.0,1.0,0.0,0.004448802889330056,0.6450500009263341,False,,,False,True,True
ML,luad,2A_numeric,ExtraTrees,scaffoldcv,results/20260424_multicancer_stad_protocol_rerun/step4_models/fs_a_stad_baseline/ml_step4_1/luad/2A_numeric/ExtraTrees/scaffoldcv,light_resume,fill_missing_only,0.33497210533481986,0.3107290378761893,0.22908133374541848,2.64143101612221,2.021563711723499,0.0677154560130548,0.008861676008893501,0.009835921486458536,0.3438337813437134,0.33497210533481986,2.606001034224074,2.64143101612221,0.10654624495619613,0.7999999999999999,0.0,0.0,0.0,0.0,-4.38690185546875e-05,0.0941207068551463,9.127519685561636e-89,False,,,False,True,True
ML,luad,2A_numeric,ExtraTrees,holdout,results/20260424_multicancer_stad_protocol_rerun/step4_models/fs_a_stad_baseline/ml_step4_1/luad/2A_numeric/ExtraTrees/holdout,light_resume,fill_missing_only,0.3259589144892612,0.30988694351973706,0.22238583015669108,2.6000983957820116,1.9700843903620422,0.09562523142220736,0.015252948244941666,0.0,0.34121186273420284,0.3259589144892612,2.618340505713391,2.6000983957820116,0.03495093683248999,0.7666666666666667,295.0,220.0,1.0,1.0,-0.02993011474609375,0.008026118141156835,0.14982826160409668,False,,,False,True,True
ML,luad,2A_numeric,ExtraTrees,groupcv,results/20260424_multicancer_stad_protocol_rerun/step4_models/fs_a_stad_baseline/ml_step4_1/luad/2A_numeric/ExtraTrees/groupcv,light_resume,fill_missing_only,0.33340687142477404,0.3132287523353185,0.22786840050281135,2.627550849241604,1.9913876854316834,0.08764839592221334,0.009299286239839222,0.019176826793870515,0.34270615766461326,0.33340687142477404,2.608656422723556,2.627550849241604,0.03951617416435674,0.7111111111111111,0.0,11.0,0.0,0.1389010989010989,0.00010673205057779948,0.04989926983305611,4.1043965493721306e-26,False,,,False,True,True
ML,luad,2A_numeric,ExtraTrees,unseen_drug,results/20260424_multicancer_stad_protocol_rerun/step4_models/fs_a_stad_baseline/ml_step4_1/luad/2A_numeric/ExtraTrees/unseen_drug,light_resume,fill_missing_only,0.3106438808153475,0.3053309922871255,0.21058350838175305,2.73301009852995,2.0765828464557528,0.08176553796203023,0.036821059961554437,0.0,0.34746494077690193,0.3106438808153475,2.584945194356292,2.73301009852995,0.24242999236399518,0.7,0.0,10.0,0.0,0.20408163265306123,0.2929506301879883,0.05345776503633326,8.748190174842379e-49,False,,,False,True,True
ML,luad,2A_numeric,ExtraTrees,cv,results/20260424_multicancer_stad_protocol_rerun/step4_models/fs_a_stad_baseline/ml_step4_1/luad/2A_numeric/ExtraTrees/cv,light_resume,fill_missing_only,0.3182940177873009,0.298729100405706,0.21685976563169532,2.634339862480898,1.9946981696613824,0.0884257360663319,0.0260195830195248,0.006552341015736022,0.3443136008068257,0.3182940177873009,2.6085006431014253,2.634339862480898,0.033375326443653416,0.7555555555555555,295.0,220.0,1.0,1.0,0.0,0.004448802889330056,0.6450500009263341,False,,,False,True,True
ML,luad,2A_numeric,LightGBM,scaffoldcv,results/20260424_multicancer_stad_protocol_rerun/step4_models/fs_a_stad_baseline/ml_step4_1/luad/2A_numeric/LightGBM/scaffoldcv,light_resume,fill_missing_only,0.3344481885216443,0.3102189004714004,0.22870869299075328,2.64291231764437,2.0210058050792172,0.06683009365114527,0.0071608181816706735,0.009998520097467921,0.341609006703315,0.3344481885216443,2.6101437549520825,2.64291231764437,0.15509340766556934,0.7000000000000001,0.0,0.0,0.0,0.0,-4.38690185546875e-05,0.0941207068551463,9.127519685561636e-89,False,,,False,True,True
ML,luad,2A_numeric,LightGBM,holdout,results/20260424_multicancer_stad_protocol_rerun/step4_models/fs_a_stad_baseline/ml_step4_1/luad/2A_numeric/LightGBM/holdout,light_resume,fill_missing_only,0.3283442656268364,0.31259709463212104,0.22413762432019194,2.598467923513206,1.9680247285098555,0.09675910823973677,0.009828362812053348,0.0,0.33817262843888973,0.3283442656268364,2.6233560968401024,2.598467923513206,0.040313317735021656,0.8,295.0,220.0,1.0,1.0,-0.02993011474609375,0.008026118141156835,0.14982826160409668,False,,,False,True,True
ML,luad,2A_numeric,LightGBM,groupcv,results/20260424_multicancer_stad_protocol_rerun/step4_models/fs_a_stad_baseline/ml_step4_1/luad/2A_numeric/LightGBM/groupcv,light_resume,fill_missing_only,0.3319760022700895,0.3122002267678513,0.22698738486673906,2.6298823382710697,1.9924941572734365,0.08600900195222112,0.007429098542903152,0.019925609643652975,0.33940510081299263,0.3319760022700895,2.6135981469532372,2.6298823382710697,0.06323775637885583,0.7666666666666667,0.0,11.0,0.0,0.1389010989010989,0.00010673205057779948,0.04989926983305611,4.1043965493721306e-26,False,,,False,True,True
ML,luad,2A_numeric,LightGBM,unseen_drug,results/20260424_multicancer_stad_protocol_rerun/step4_models/fs_a_stad_baseline/ml_step4_1/luad/2A_numeric/LightGBM/unseen_drug,light_resume,fill_missing_only,0.3081295912039148,0.3028246480594765,0.2088918966221587,2.7363062329358887,2.0807460864734892,0.0795493373502203,0.03646147941628797,0.0,0.3445910706202028,0.3081295912039148,2.5895111438528624,2.7363062329358887,0.31904066580001994,0.6666666666666666,0.0,10.0,0.0,0.20408163265306123,0.2929506301879883,0.05345776503633326,8.748190174842379e-49,False,,,False,True,True
ML,luad,2A_numeric,LightGBM,cv,results/20260424_multicancer_stad_protocol_rerun/step4_models/fs_a_stad_baseline/ml_step4_1/luad/2A_numeric/LightGBM/cv,light_resume,fill_missing_only,0.32183957616385905,0.3025897533989392,0.21942027586276788,2.6304697943652187,1.9901732022126504,0.09110373608140006,0.01928633711819046,0.006868975338044915,0.3411259132820495,0.32183957616385905,2.613840556359293,2.6304697943652187,0.0434765135072705,0.7000000000000001,295.0,220.0,1.0,1.0,0.0,0.004448802889330056,0.6450500009263341,False,,,False,True,True
ML,luad,2A_numeric,ElasticNet,scaffoldcv,results/20260424_multicancer_stad_protocol_rerun/step4_models/fs_a_stad_baseline/ml_step4_1/luad/2A_numeric/ElasticNet/scaffoldcv,light_resume,fill_missing_only,0.3343801733136365,0.3101038138071696,0.2287068648054037,2.641913266997093,2.0223120848337808,0.06744158267974854,0.005878157816626557,0.010880350264690723,0.340258331130263,0.3343801733136365,2.6092307858515635,2.641913266997093,0.10108698105885013,0.6666666666666666,0.0,0.0,0.0,0.0,-4.38690185546875e-05,0.0941207068551463,9.127519685561636e-89,False,,,False,True,True
ML,luad,2A_numeric,ElasticNet,holdout,results/20260424_multicancer_stad_protocol_rerun/step4_models/fs_a_stad_baseline/ml_step4_1/luad/2A_numeric/ElasticNet/holdout,light_resume,fill_missing_only,0.33227018728691493,0.3155193626880646,0.22659041222855564,2.5945909354843506,1.9663864374160767,0.0994524359703064,0.004403303458784424,0.0,0.33667349074569936,0.33227018728691493,2.6226191850167497,2.5945909354843506,0.034131728866706026,0.7666666666666667,295.0,220.0,1.0,1.0,-0.02993011474609375,0.008026118141156835,0.14982826160409668,False,,,False,True,True
ML,luad,2A_numeric,ElasticNet,groupcv,results/20260424_multicancer_stad_protocol_rerun/step4_models/fs_a_stad_baseline/ml_step4_1/luad/2A_numeric/ElasticNet/groupcv,light_resume,fill_missing_only,0.3328207988399161,0.31255750854810077,0.22737498519025465,2.6282417941231087,1.9927266438802083,0.08716030915578206,0.0057302556485990625,0.018853093047550985,0.33855105448851514,0.3328207988399161,2.612482045437171,2.6282417941231087,0.04194246337356181,0.7444444444444445,0.0,11.0,0.0,0.1389010989010989,0.00010673205057779948,0.04989926983305611,4.1043965493721306e-26,False,,,False,True,True
ML,luad,2A_numeric,ElasticNet,unseen_drug,results/20260424_multicancer_stad_protocol_rerun/step4_models/fs_a_stad_baseline/ml_step4_1/luad/2A_numeric/ElasticNet/unseen_drug,light_resume,fill_missing_only,0.308293179339693,0.30274417996406555,0.20888435851579273,2.7350334028753194,2.080193281173706,0.08040547370910645,0.03576391835330556,0.0,0.3440570976929986,0.308293179339693,2.588135491068695,2.7350334028753194,0.24196173558750728,0.7666666666666667,0.0,10.0,0.0,0.20408163265306123,0.2929506301879883,0.05345776503633326,8.748190174842379e-49,False,,,False,True,True
ML,luad,2A_numeric,ElasticNet,cv,results/20260424_multicancer_stad_protocol_rerun/step4_models/fs_a_stad_baseline/ml_step4_1/luad/2A_numeric/ElasticNet/cv,light_resume,fill_missing_only,0.3249660107472913,0.3053753077983856,0.22140197551456287,2.6274604198341347,1.9892126719156902,0.09318208694458008,0.014019192075441908,0.006484911276281672,0.3389852028227332,0.3249660107472913,2.6135925997480425,2.6274604198341347,0.025564068746735825,0.7333333333333334,295.0,220.0,1.0,1.0,0.0,0.004448802889330056,0.6450500009263341,False,,,False,True,True
ML,luad,2A_numeric,CatBoost,scaffoldcv,results/20260424_multicancer_stad_protocol_rerun/step4_models/fs_a_stad_baseline/ml_step4_1/luad/2A_numeric/CatBoost/scaffoldcv,existing_result,,0.32514646305189415,0.3001383788757673,0.22206924870154665,2.657504599665551,2.03223013120784,0.05663222436661153,0.0064593431707921645,0.010372027016278521,0.33160580622268626,0.32514646305189415,2.6259245818455477,2.657504599665551,0.1204995435842342,0.6999999999999998,0.0,0.0,0.0,0.0,-4.38690185546875e-05,0.0941207068551463,9.127519685561636e-89,False,,,False,True,True
ML,luad,2A_numeric,CatBoost,holdout,results/20260424_multicancer_stad_protocol_rerun/step4_models/fs_a_stad_baseline/ml_step4_1/luad/2A_numeric/CatBoost/holdout,existing_result,,0.3248329051498506,0.30841043389384076,0.2211223213263837,2.6087586400262466,1.97621794373199,0.08959072923516143,0.0025233363672768627,0.0,0.32735624151712744,0.3248329051498506,2.639889410419523,2.6087586400262466,0.033165755097864576,0.7,295.0,220.0,1.0,1.0,-0.02993011474609375,0.008026118141156835,0.14982826160409668,False,,,False,True,True
ML,luad,2A_numeric,CatBoost,groupcv,results/20260424_multicancer_stad_protocol_rerun/step4_models/fs_a_stad_baseline/ml_step4_1/luad/2A_numeric/CatBoost/groupcv,existing_result,,0.3217344000197713,0.3006890342630681,0.2195269358890856,2.6453243335029786,2.005504980972821,0.07518112695639297,0.007186253593113238,0.020475058135752733,0.3289206536128846,0.3217344000197713,2.6304491545996984,2.6453243335029786,0.04029008292037307,0.7666666666666667,0.0,11.0,0.0,0.1389010989010989,0.00010673205057779948,0.04989926983305611,4.1043965493721306e-26,False,,,False,True,True
ML,luad,2A_numeric,CatBoost,unseen_drug,results/20260424_multicancer_stad_protocol_rerun/step4_models/fs_a_stad_baseline/ml_step4_1/luad/2A_numeric/CatBoost/unseen_drug,existing_result,,0.3009126463948016,0.2934858722528566,0.2036058150506125,2.7496639118622843,2.0925407806064085,0.0705407736178546,0.03333333666426763,0.0,0.3342459830590692,0.3009126463948016,2.605996060445419,2.7496639118622843,0.2587690150845673,0.8333333333333334,0.0,10.0,0.0,0.20408163265306123,0.2929506301879883,0.05345776503633326,8.748190174842379e-49,False,,,False,True,True
ML,luad,2A_numeric,CatBoost,cv,results/20260424_multicancer_stad_protocol_rerun/step4_models/fs_a_stad_baseline/ml_step4_1/luad/2A_numeric/CatBoost/cv,existing_result,,0.31737971808950605,0.29758032322386924,0.21594529266198537,2.640059073256616,1.9978419506339007,0.0844680596719527,0.012778300897638836,0.008047664071075062,0.33015801898714486,0.31737971808950605,2.630867154312743,2.640059073256616,0.029938581509097017,0.7888888888888889,295.0,220.0,1.0,1.0,0.0,0.004448802889330056,0.6450500009263341,False,,,False,True,True
ML,luad,2C_numeric_smiles_context,XGBoost,scaffoldcv,results/20260424_multicancer_stad_protocol_rerun/step4_models/fs_a_stad_baseline/ml_step4_1/luad/2C_numeric_smiles_context/XGBoost/scaffoldcv,light_resume,fill_missing_only,0.446960034076542,0.46239423751831055,0.3110185693011887,2.508059540901678,1.9400498072306316,0.1523872415224711,0.3534552988914217,0.07544824581080263,0.8004153329679636,0.446960034076542,1.4691630404675184,2.508059540901678,0.1742738894297645,0.9555555555555556,0.0,0.0,0.0,0.0,-4.38690185546875e-05,0.0941207068551463,9.127519685561636e-89,False,,,False,True,True
ML,luad,2C_numeric_smiles_context,XGBoost,holdout,results/20260424_multicancer_stad_protocol_rerun/step4_models/fs_a_stad_baseline/ml_step4_1/luad/2C_numeric_smiles_context/XGBoost/holdout,light_resume,fill_missing_only,0.7819707026014991,0.847161591053009,0.5974284197911753,1.5389155593669506,1.1970044374465942,0.6831903457641602,0.007941004933132989,0.0,0.7899117075346321,0.7819707026014991,1.5254706485091383,1.5389155593669506,0.8406276510116201,1.0,295.0,220.0,1.0,1.0,-0.02993011474609375,0.008026118141156835,0.14982826160409668,False,,,False,True,True
ML,luad,2C_numeric_smiles_context,XGBoost,groupcv,results/20260424_multicancer_stad_protocol_rerun/step4_models/fs_a_stad_baseline/ml_step4_1/luad/2C_numeric_smiles_context/XGBoost/groupcv,light_resume,fill_missing_only,0.44013074670694685,0.47298260529836017,0.3090331960094998,2.4423945806814618,1.826219956080119,0.21084006627400717,0.369249015908498,0.03677480153795744,0.8093797626154449,0.44013074670694685,1.448682146241184,2.4423945806814618,0.33505696632114307,0.8666666666666667,0.0,11.0,0.0,0.1389010989010989,0.00010673205057779948,0.04989926983305611,4.1043965493721306e-26,False,,,False,True,True
ML,luad,2C_numeric_smiles_context,XGBoost,unseen_drug,results/20260424_multicancer_stad_protocol_rerun/step4_models/fs_a_stad_baseline/ml_step4_1/luad/2C_numeric_smiles_context/XGBoost/unseen_drug,light_resume,fill_missing_only,0.46347431625729363,0.5420080423355103,0.3280275990835668,2.4060357729185915,1.808624267578125,0.28833556175231934,0.33402758343292427,0.0,0.7975018996902179,0.46347431625729363,1.4363463374962926,2.4060357729185915,0.12723132277506627,0.6333333333333333,0.0,10.0,0.0,0.20408163265306123,0.2929506301879883,0.05345776503633326,8.748190174842379e-49,False,,,False,True,True
ML,luad,2C_numeric_smiles_context,XGBoost,cv,results/20260424_multicancer_stad_protocol_rerun/step4_models/fs_a_stad_baseline/ml_step4_1/luad/2C_numeric_smiles_context/XGBoost/cv,light_resume,fill_missing_only,0.7845882496294564,0.8490037719408671,0.6000152582126471,1.5495115466301927,1.2079421281814575,0.6846086184183756,0.00756949076642525,0.0015423923158700034,0.7921577403958815,0.7845882496294564,1.521634955966886,1.5495115466301927,0.7574272007080012,1.0,295.0,220.0,1.0,1.0,0.0,0.004448802889330056,0.6450500009263341,False,,,False,True,True
ML,luad,2C_numeric_smiles_context,RandomForest,scaffoldcv,results/20260424_multicancer_stad_protocol_rerun/step4_models/fs_a_stad_baseline/ml_step4_1/luad/2C_numeric_smiles_context/RandomForest/scaffoldcv,light_resume,fill_missing_only,0.40089365076439093,0.36793167641742014,0.2782280312670809,2.8974704227458417,2.1681160505476593,-0.11820600697517343,0.5380730366016169,0.028295167509764563,0.9389666873660079,0.40089365076439093,0.7751964761440013,2.8974704227458417,0.21078682000887436,0.8444444444444444,0.0,0.0,0.0,0.0,-4.38690185546875e-05,0.0941207068551463,9.127519685561636e-89,False,,,False,True,True
ML,luad,2C_numeric_smiles_context,RandomForest,holdout,results/20260424_multicancer_stad_protocol_rerun/step4_models/fs_a_stad_baseline/ml_step4_1/luad/2C_numeric_smiles_context/RandomForest/holdout,light_resume,fill_missing_only,0.8139761375841755,0.8701719225199199,0.6348169033705336,1.3473002671476701,0.9933704639309895,0.7571726152898235,0.12806124967804533,0.0,0.9420373872622209,0.8139761375841755,0.7938191533767057,1.3473002671476701,0.4942780564905282,1.0,295.0,220.0,1.0,1.0,-0.02993011474609375,0.008026118141156835,0.14982826160409668,False,,,False,True,True
ML,luad,2C_numeric_smiles_context,RandomForest,groupcv,results/20260424_multicancer_stad_protocol_rerun/step4_models/fs_a_stad_baseline/ml_step4_1/luad/2C_numeric_smiles_context/RandomForest/groupcv,light_resume,fill_missing_only,0.41571399004129,0.4200926489713481,0.2912540148372546,2.707877795956463,1.9849896294353953,0.024436772210920405,0.5287334231969874,0.036749120247594025,0.9444474132382773,0.41571399004129,0.7805851020803005,2.707877795956463,0.4363986627632099,0.9666666666666667,0.0,11.0,0.0,0.1389010989010989,0.00010673205057779948,0.04989926983305611,4.1043965493721306e-26,False,,,False,True,True
ML,luad,2C_numeric_smiles_context,RandomForest,unseen_drug,results/20260424_multicancer_stad_protocol_rerun/step4_models/fs_a_stad_baseline/ml_step4_1/luad/2C_numeric_smiles_context/RandomForest/unseen_drug,light_resume,fill_missing_only,0.5081074417902696,0.5568492637642273,0.3562743564339961,2.530037182848394,1.881580586738396,0.21309025606345988,0.4351841155415135,0.0,0.943291557331783,0.5081074417902696,0.714063959041834,2.530037182848394,0.23324547745063265,0.5333333333333333,0.0,10.0,0.0,0.20408163265306123,0.2929506301879883,0.05345776503633326,8.748190174842379e-49,False,,,False,True,True
ML,luad,2C_numeric_smiles_context,RandomForest,cv,results/20260424_multicancer_stad_protocol_rerun/step4_models/fs_a_stad_baseline/ml_step4_1/luad/2C_numeric_smiles_context/RandomForest/cv,light_resume,fill_missing_only,0.8142193029707173,0.8706182055220394,0.6353441236888561,1.3577060150565383,1.000676989202389,0.7578457400818069,0.1289930035159351,0.0022435021324457224,0.9432123064866523,0.8142193029707173,0.7877118029705364,1.3577060150565383,0.48052856477152733,1.0,295.0,220.0,1.0,1.0,0.0,0.004448802889330056,0.6450500009263341,False,,,False,True,True
ML,luad,2C_numeric_smiles_context,ExtraTrees,scaffoldcv,results/20260424_multicancer_stad_protocol_rerun/step4_models/fs_a_stad_baseline/ml_step4_1/luad/2C_numeric_smiles_context/ExtraTrees/scaffoldcv,light_resume,fill_missing_only,0.4287771164275023,0.422796072479944,0.29825186280418964,2.562344996535137,1.9328705024922677,0.11866524330694117,0.5257136058294493,0.05262800296096907,0.9544907222569515,0.4287771164275023,0.6345051679343952,2.562344996535137,0.18209578326737264,0.8666666666666667,0.0,0.0,0.0,0.0,-4.38690185546875e-05,0.0941207068551463,9.127519685561636e-89,False,,,False,True,True
ML,luad,2C_numeric_smiles_context,ExtraTrees,holdout,results/20260424_multicancer_stad_protocol_rerun/step4_models/fs_a_stad_baseline/ml_step4_1/luad/2C_numeric_smiles_context/ExtraTrees/holdout,light_resume,fill_missing_only,0.8157108892999073,0.8700049660219707,0.6382312495370344,1.3482524769381312,0.9871464034023083,0.7568292555689042,0.14165197190933032,0.0,0.9573628612092376,0.8157108892999073,0.6729595798933775,1.3482524769381312,0.6147746192579623,1.0,295.0,220.0,1.0,1.0,-0.02993011474609375,0.008026118141156835,0.14982826160409668,False,,,False,True,True
ML,luad,2C_numeric_smiles_context,ExtraTrees,groupcv,results/20260424_multicancer_stad_protocol_rerun/step4_models/fs_a_stad_baseline/ml_step4_1/luad/2C_numeric_smiles_context/ExtraTrees/groupcv,light_resume,fill_missing_only,0.4070916638724338,0.45855188754232373,0.28167198402446325,2.5727058432071406,1.945417192650848,0.12655185769041077,0.5522896590787192,0.045683009538501254,0.959381322951153,0.4070916638724338,0.6625236037590935,2.5727058432071406,0.2682598768688025,0.8666666666666667,0.0,11.0,0.0,0.1389010989010989,0.00010673205057779948,0.04989926983305611,4.1043965493721306e-26,False,,,False,True,True
ML,luad,2C_numeric_smiles_context,ExtraTrees,unseen_drug,results/20260424_multicancer_stad_protocol_rerun/step4_models/fs_a_stad_baseline/ml_step4_1/luad/2C_numeric_smiles_context/ExtraTrees/unseen_drug,light_resume,fill_missing_only,0.4228556219731079,0.5059228598118226,0.2978746154145725,2.6039378908133886,1.9017192337446498,0.16644865285379118,0.5357752248676992,0.0,0.9586308468408071,0.4228556219731079,0.5819644567248563,2.6039378908133886,0.4154787212879664,0.8333333333333334,0.0,10.0,0.0,0.20408163265306123,0.2929506301879883,0.05345776503633326,8.748190174842379e-49,False,,,False,True,True
ML,luad,2C_numeric_smiles_context,ExtraTrees,cv,results/20260424_multicancer_stad_protocol_rerun/step4_models/fs_a_stad_baseline/ml_step4_1/luad/2C_numeric_smiles_context/ExtraTrees/cv,light_resume,fill_missing_only,0.8129863346335878,0.8684733456514023,0.6356508237098434,1.3678636313440053,0.9994483161076045,0.7542128419850306,0.14567438420715395,0.0024088034651272,0.9586607188407417,0.8129863346335878,0.6623323508947144,1.3678636313440053,0.6371896910285433,1.0,295.0,220.0,1.0,1.0,0.0,0.004448802889330056,0.6450500009263341,False,,,False,True,True
ML,luad,2C_numeric_smiles_context,LightGBM,scaffoldcv,results/20260424_multicancer_stad_protocol_rerun/step4_models/fs_a_stad_baseline/ml_step4_1/luad/2C_numeric_smiles_context/LightGBM/scaffoldcv,light_resume,fill_missing_only,0.4103735662254924,0.4299054000691447,0.2857532379500392,2.5954216681845645,1.983183590894866,0.09056282708224465,0.3941670737438296,0.08852036035649818,0.8045406399693221,0.4103735662254924,1.442527843683034,2.5954216681845645,0.17640315844453938,0.9333333333333332,0.0,0.0,0.0,0.0,-4.38690185546875e-05,0.0941207068551463,9.127519685561636e-89,False,,,False,True,True
ML,luad,2C_numeric_smiles_context,LightGBM,holdout,results/20260424_multicancer_stad_protocol_rerun/step4_models/fs_a_stad_baseline/ml_step4_1/luad/2C_numeric_smiles_context/LightGBM/holdout,light_resume,fill_missing_only,0.7925990694075497,0.8537380796583214,0.6089924706522115,1.4967800526256512,1.1563603445517046,0.7003013103143979,0.003562424505684114,0.0,0.7961614939132338,0.7925990694075497,1.4986675756552947,1.4967800526256512,0.8264775266556516,1.0,295.0,220.0,1.0,1.0,-0.02993011474609375,0.008026118141156835,0.14982826160409668,False,,,False,True,True
ML,luad,2C_numeric_smiles_context,LightGBM,groupcv,results/20260424_multicancer_stad_protocol_rerun/step4_models/fs_a_stad_baseline/ml_step4_1/luad/2C_numeric_smiles_context/LightGBM/groupcv,light_resume,fill_missing_only,0.4395562592327991,0.4551436704240273,0.3084080318628044,2.4783655864791947,1.8396349725096286,0.18738856094409026,0.372606224258383,0.012868380826654993,0.8121624834911821,0.4395562592327991,1.4322744709380528,2.4783655864791947,0.27223170178460493,0.7111111111111111,0.0,11.0,0.0,0.1389010989010989,0.00010673205057779948,0.04989926983305611,4.1043965493721306e-26,False,,,False,True,True
ML,luad,2C_numeric_smiles_context,LightGBM,unseen_drug,results/20260424_multicancer_stad_protocol_rerun/step4_models/fs_a_stad_baseline/ml_step4_1/luad/2C_numeric_smiles_context/LightGBM/unseen_drug,light_resume,fill_missing_only,0.4791258771654454,0.5395500039130143,0.3345082146984338,2.4224762106047995,1.8626019153655458,0.27857671285762653,0.32090550414182684,0.0,0.8000313813072722,0.4791258771654454,1.4230276356839369,2.4224762106047995,0.14390192145156666,0.6,0.0,10.0,0.0,0.20408163265306123,0.2929506301879883,0.05345776503633326,8.748190174842379e-49,False,,,False,True,True
ML,luad,2C_numeric_smiles_context,LightGBM,cv,results/20260424_multicancer_stad_protocol_rerun/step4_models/fs_a_stad_baseline/ml_step4_1/luad/2C_numeric_smiles_context/LightGBM/cv,light_resume,fill_missing_only,0.7926872983769182,0.8550750521141591,0.6092471393393664,1.5045312404784543,1.1647112872004621,0.702658537423381,0.003281827797486647,0.002414543876444171,0.7959691261744047,0.7926872983769182,1.4943570341526276,1.5045312404784543,0.7770020021735616,1.0,295.0,220.0,1.0,1.0,0.0,0.004448802889330056,0.6450500009263341,False,,,False,True,True
ML,luad,2C_numeric_smiles_context,CatBoost,scaffoldcv,results/20260424_multicancer_stad_protocol_rerun/step4_models/fs_a_stad_baseline/ml_step4_1/luad/2C_numeric_smiles_context/CatBoost/scaffoldcv,light_resume,fill_missing_only,0.42281854448577194,0.46651925849980236,0.2962029827886861,2.4541050466055467,1.8447624409180896,0.19423708134537,0.34544380329341434,0.05863307417691215,0.7682623477791862,0.42281854448577194,1.5988950781026823,2.4541050466055467,0.1572856115129996,0.6777777777777777,0.0,0.0,0.0,0.0,-4.38690185546875e-05,0.0941207068551463,9.127519685561636e-89,False,,,False,True,True
ML,luad,2C_numeric_smiles_context,CatBoost,holdout,results/20260424_multicancer_stad_protocol_rerun/step4_models/fs_a_stad_baseline/ml_step4_1/luad/2C_numeric_smiles_context/CatBoost/holdout,light_resume,fill_missing_only,0.7462391430696224,0.8169180260381215,0.5614673183437578,1.6812900544104703,1.3148307647173698,0.6218586602755687,0.003192387409658881,0.0,0.7494315304792812,0.7462391430696224,1.6890285208469602,1.6812900544104703,0.5520508113745731,1.0,295.0,220.0,1.0,1.0,-0.02993011474609375,0.008026118141156835,0.14982826160409668,False,,,False,True,True
ML,luad,2C_numeric_smiles_context,CatBoost,groupcv,results/20260424_multicancer_stad_protocol_rerun/step4_models/fs_a_stad_baseline/ml_step4_1/luad/2C_numeric_smiles_context/CatBoost/groupcv,light_resume,fill_missing_only,0.4198689395821887,0.4697987290745493,0.29369364459231456,2.4545755069352753,1.8573797916397492,0.20313598832382207,0.3531877279496946,0.06376786491150685,0.7730566675318832,0.4198689395821887,1.5925323974840992,2.4545755069352753,0.2061446885300879,0.7666666666666666,0.0,11.0,0.0,0.1389010989010989,0.00010673205057779948,0.04989926983305611,4.1043965493721306e-26,False,,,False,True,True
ML,luad,2C_numeric_smiles_context,CatBoost,unseen_drug,results/20260424_multicancer_stad_protocol_rerun/step4_models/fs_a_stad_baseline/ml_step4_1/luad/2C_numeric_smiles_context/CatBoost/unseen_drug,light_resume,fill_missing_only,0.3962516268548209,0.4753875722285787,0.2881270808693921,2.517954201967112,1.856938561754908,0.2205885732684304,0.3618415320197354,0.0,0.7580931588745563,0.3962516268548209,1.588930862424596,2.517954201967112,0.24904526263709512,0.5666666666666667,0.0,10.0,0.0,0.20408163265306123,0.2929506301879883,0.05345776503633326,8.748190174842379e-49,False,,,False,True,True
ML,luad,2C_numeric_smiles_context,CatBoost,cv,results/20260424_multicancer_stad_protocol_rerun/step4_models/fs_a_stad_baseline/ml_step4_1/luad/2C_numeric_smiles_context/CatBoost/cv,light_resume,fill_missing_only,0.747251385034435,0.8178750628869293,0.5619049432286745,1.6920675581075322,1.3250251913101387,0.6239158854886263,0.0024008612402690956,0.004248440730407915,0.7496522462747041,0.747251385034435,1.6861777966221545,1.6920675581075322,0.6822633597443816,1.0,295.0,220.0,1.0,1.0,0.0,0.004448802889330056,0.6450500009263341,False,,,False,True,True
ML,luad,2B_numeric_smiles,XGBoost,scaffoldcv,results/20260424_multicancer_stad_protocol_rerun/step4_models/fs_a_stad_baseline/ml_step4_1/luad/2B_numeric_smiles/XGBoost/scaffoldcv,light_resume,fill_missing_only,0.44451022639122684,0.4649165868759155,0.30965000080769656,2.483677374215059,1.9218278328577678,0.1692495346069336,0.34630988847357275,0.07405144409308705,0.7908201148647996,0.44451022639122684,1.497280828413316,2.483677374215059,0.21689377191605178,0.9555555555555556,0.0,0.0,0.0,0.0,-4.38690185546875e-05,0.0941207068551463,9.127519685561636e-89,False,,,False,True,True
ML,luad,2B_numeric_smiles,XGBoost,holdout,results/20260424_multicancer_stad_protocol_rerun/step4_models/fs_a_stad_baseline/ml_step4_1/luad/2B_numeric_smiles/XGBoost/holdout,light_resume,fill_missing_only,0.7735278318829164,0.8395817279815674,0.5887217316001763,1.5668705658760522,1.2145267724990845,0.6715759038925171,0.006698120589510359,0.0,0.7802259524724268,0.7735278318829164,1.557717289592972,1.5668705658760522,0.8099631611433042,1.0,295.0,220.0,1.0,1.0,-0.02993011474609375,0.008026118141156835,0.14982826160409668,False,,,False,True,True
ML,luad,2B_numeric_smiles,XGBoost,groupcv,results/20260424_multicancer_stad_protocol_rerun/step4_models/fs_a_stad_baseline/ml_step4_1/luad/2B_numeric_smiles/XGBoost/groupcv,light_resume,fill_missing_only,0.43280621672992975,0.46230827768643695,0.3021444161075473,2.462286147639537,1.8402752081553142,0.19623448451360068,0.36569984989967846,0.02129312726842547,0.7985060666296082,0.43280621672992975,1.4849335173817915,2.462286147639537,0.3337471794868645,0.9222222222222222,0.0,11.0,0.0,0.1389010989010989,0.00010673205057779948,0.04989926983305611,4.1043965493721306e-26,False,,,False,True,True
ML,luad,2B_numeric_smiles,XGBoost,unseen_drug,results/20260424_multicancer_stad_protocol_rerun/step4_models/fs_a_stad_baseline/ml_step4_1/luad/2B_numeric_smiles/XGBoost/unseen_drug,light_resume,fill_missing_only,0.46287082223685555,0.5358370542526245,0.3271371994795689,2.4154120071293366,1.824530005455017,0.28277814388275146,0.3207241316142552,0.0,0.7835949538511108,0.46287082223685555,1.4892561315308137,2.4154120071293366,0.12351497665074827,0.5666666666666667,0.0,10.0,0.0,0.20408163265306123,0.2929506301879883,0.05345776503633326,8.748190174842379e-49,False,,,False,True,True
ML,luad,2B_numeric_smiles,XGBoost,cv,results/20260424_multicancer_stad_protocol_rerun/step4_models/fs_a_stad_baseline/ml_step4_1/luad/2B_numeric_smiles/XGBoost/cv,light_resume,fill_missing_only,0.7720866673054495,0.8405722181002299,0.5872554916814856,1.577268530017294,1.2255335251490276,0.6732105215390524,0.007984772205236265,0.002164270231527283,0.7800714395106857,0.7720866673054495,1.551265419241022,1.577268530017294,0.7642716362781493,1.0,295.0,220.0,1.0,1.0,0.0,0.004448802889330056,0.6450500009263341,False,,,False,True,True
ML,luad,2B_numeric_smiles,RandomForest,scaffoldcv,results/20260424_multicancer_stad_protocol_rerun/step4_models/fs_a_stad_baseline/ml_step4_1/luad/2B_numeric_smiles/RandomForest/scaffoldcv,light_resume,fill_missing_only,0.3906847407143356,0.36155160175131495,0.2703816282652944,2.890201024667585,2.174460939168787,-0.11227780227540925,0.5202985157832972,0.003877495409415494,0.9109832564976328,0.3906847407143356,0.9005082432171351,2.890201024667585,0.19826009279042603,0.8444444444444444,0.0,0.0,0.0,0.0,-4.38690185546875e-05,0.0941207068551463,9.127519685561636e-89,False,,,False,True,True
ML,luad,2B_numeric_smiles,RandomForest,holdout,results/20260424_multicancer_stad_protocol_rerun/step4_models/fs_a_stad_baseline/ml_step4_1/luad/2B_numeric_smiles/RandomForest/holdout,light_resume,fill_missing_only,0.8057306379584976,0.86189225717548,0.6243993686606597,1.3865299204181856,1.0177114954228224,0.7428258208731446,0.10942406297013652,0.0,0.9151547009286342,0.8057306379584976,0.9416610208599643,1.3865299204181856,0.4719902923851038,1.0,295.0,220.0,1.0,1.0,-0.02993011474609375,0.008026118141156835,0.14982826160409668,False,,,False,True,True
ML,luad,2B_numeric_smiles,RandomForest,groupcv,results/20260424_multicancer_stad_protocol_rerun/step4_models/fs_a_stad_baseline/ml_step4_1/luad/2B_numeric_smiles/RandomForest/groupcv,light_resume,fill_missing_only,0.41007239539895596,0.41067347275545557,0.28687092387807195,2.7643202895327654,2.0283486810357947,-0.0193000789222173,0.5067165996811361,0.05623720780703356,0.9167889950800922,0.41007239539895596,0.9324541141172489,2.7643202895327654,0.4185657263930813,0.9555555555555556,0.0,11.0,0.0,0.1389010989010989,0.00010673205057779948,0.04989926983305611,4.1043965493721306e-26,False,,,False,True,True
ML,luad,2B_numeric_smiles,RandomForest,unseen_drug,results/20260424_multicancer_stad_protocol_rerun/step4_models/fs_a_stad_baseline/ml_step4_1/luad/2B_numeric_smiles/RandomForest/unseen_drug,light_resume,fill_missing_only,0.5335764765068645,0.5685007415114229,0.37542219016147654,2.4863828804082506,1.8595125072236316,0.24001131038650225,0.38577147302329806,0.0,0.9193479495301625,0.5335764765068645,0.8745933760593827,2.4863828804082506,0.2299347518568741,0.5666666666666667,0.0,10.0,0.0,0.20408163265306123,0.2929506301879883,0.05345776503633326,8.748190174842379e-49,False,,,False,True,True
ML,luad,2B_numeric_smiles,RandomForest,cv,results/20260424_multicancer_stad_protocol_rerun/step4_models/fs_a_stad_baseline/ml_step4_1/luad/2B_numeric_smiles/RandomForest/cv,light_resume,fill_missing_only,0.8055561441791745,0.8627061972077307,0.6247019780303077,1.3956756256051521,1.0240008396429494,0.7441148662274211,0.11121994548698044,0.0018021183396553745,0.916776089666155,0.8055561441791745,0.9344972348545385,1.3956756256051521,0.4592415421359186,1.0,295.0,220.0,1.0,1.0,0.0,0.004448802889330056,0.6450500009263341,False,,,False,True,True
ML,luad,2B_numeric_smiles,ExtraTrees,scaffoldcv,results/20260424_multicancer_stad_protocol_rerun/step4_models/fs_a_stad_baseline/ml_step4_1/luad/2B_numeric_smiles/ExtraTrees/scaffoldcv,light_resume,fill_missing_only,0.40941513914628974,0.39452965324029576,0.28513112541574054,2.6361822083867748,1.9721281741939887,0.06760553032306231,0.5153716356405913,0.047649097912649,0.9247867747868811,0.40941513914628974,0.7809400507757759,2.6361822083867748,0.16607319424281938,0.8666666666666667,0.0,0.0,0.0,0.0,-4.38690185546875e-05,0.0941207068551463,9.127519685561636e-89,False,,,False,True,True
ML,luad,2B_numeric_smiles,ExtraTrees,holdout,results/20260424_multicancer_stad_protocol_rerun/step4_models/fs_a_stad_baseline/ml_step4_1/luad/2B_numeric_smiles/ExtraTrees/holdout,light_resume,fill_missing_only,0.81459471710651,0.866260813438713,0.6342389668022987,1.365946817148785,0.9975556257113097,0.7504046720819638,0.1143826824679881,0.0,0.9289773995744981,0.81459471710651,0.8544561071668368,1.365946817148785,0.647034281809709,1.0,295.0,220.0,1.0,1.0,-0.02993011474609375,0.008026118141156835,0.14982826160409668,False,,,False,True,True
ML,luad,2B_numeric_smiles,ExtraTrees,groupcv,results/20260424_multicancer_stad_protocol_rerun/step4_models/fs_a_stad_baseline/ml_step4_1/luad/2B_numeric_smiles/ExtraTrees/groupcv,light_resume,fill_missing_only,0.3842017705459884,0.44183873675212076,0.2655781880187032,2.599052132391757,1.9716979704959254,0.1085871158677999,0.5463090881180519,0.07583577785825141,0.9305108586640403,0.3842017705459884,0.8456702494676059,2.599052132391757,0.28005212532035256,0.8555555555555556,0.0,11.0,0.0,0.1389010989010989,0.00010673205057779948,0.04989926983305611,4.1043965493721306e-26,False,,,False,True,True
ML,luad,2B_numeric_smiles,ExtraTrees,unseen_drug,results/20260424_multicancer_stad_protocol_rerun/step4_models/fs_a_stad_baseline/ml_step4_1/luad/2B_numeric_smiles/ExtraTrees/unseen_drug,light_resume,fill_missing_only,0.44250573549483896,0.5172060518584342,0.3110668082494845,2.5556164799315892,1.8881159413999626,0.19709811903923635,0.4911562286059262,0.0,0.9336619641007652,0.44250573549483896,0.778816986078208,2.5556164799315892,0.3897627343057094,0.8,0.0,10.0,0.0,0.20408163265306123,0.2929506301879883,0.05345776503633326,8.748190174842379e-49,False,,,False,True,True
ML,luad,2B_numeric_smiles,ExtraTrees,cv,results/20260424_multicancer_stad_protocol_rerun/step4_models/fs_a_stad_baseline/ml_step4_1/luad/2B_numeric_smiles/ExtraTrees/cv,light_resume,fill_missing_only,0.8104310923432166,0.8647859794588477,0.6303052996985198,1.3855583599745669,1.0114349750529552,0.7478202735049578,0.12022573686652009,0.0025315561281557134,0.9306568292097367,0.8104310923432166,0.8444567716283848,1.3855583599745669,0.5973391322620847,1.0,295.0,220.0,1.0,1.0,0.0,0.004448802889330056,0.6450500009263341,False,,,False,True,True
ML,luad,2B_numeric_smiles,LightGBM,scaffoldcv,results/20260424_multicancer_stad_protocol_rerun/step4_models/fs_a_stad_baseline/ml_step4_1/luad/2B_numeric_smiles/LightGBM/scaffoldcv,light_resume,fill_missing_only,0.4072155343606669,0.4263188856316507,0.2848468519088108,2.641673491567362,2.021125764791456,0.04762562957441122,0.3860335700346907,0.10672812832818751,0.7932491043953576,0.4072155343606669,1.4788759482417155,2.641673491567362,0.1611039693282928,0.9111111111111111,0.0,0.0,0.0,0.0,-4.38690185546875e-05,0.0941207068551463,9.127519685561636e-89,False,,,False,True,True
ML,luad,2B_numeric_smiles,LightGBM,holdout,results/20260424_multicancer_stad_protocol_rerun/step4_models/fs_a_stad_baseline/ml_step4_1/luad/2B_numeric_smiles/LightGBM/holdout,light_resume,fill_missing_only,0.7830517111225337,0.8459845073441884,0.5989743384121762,1.5244089260101867,1.1702491834353497,0.6891349936823091,0.00279783824996771,0.0,0.7858495493725014,0.7830517111225337,1.5273437157215095,1.5244089260101867,0.8244383357695563,1.0,295.0,220.0,1.0,1.0,-0.02993011474609375,0.008026118141156835,0.14982826160409668,False,,,False,True,True
ML,luad,2B_numeric_smiles,LightGBM,groupcv,results/20260424_multicancer_stad_protocol_rerun/step4_models/fs_a_stad_baseline/ml_step4_1/luad/2B_numeric_smiles/LightGBM/groupcv,light_resume,fill_missing_only,0.4291100009624728,0.4306477954981867,0.301456110995956,2.5406652171805244,1.879576460333336,0.14516598024446783,0.3697716652429765,0.031190952537505097,0.7988816662054493,0.4291100009624728,1.475769016865038,2.5406652171805244,0.27424029625102897,0.9111111111111111,0.0,11.0,0.0,0.1389010989010989,0.00010673205057779948,0.04989926983305611,4.1043965493721306e-26,False,,,False,True,True
ML,luad,2B_numeric_smiles,LightGBM,unseen_drug,results/20260424_multicancer_stad_protocol_rerun/step4_models/fs_a_stad_baseline/ml_step4_1/luad/2B_numeric_smiles/LightGBM/unseen_drug,light_resume,fill_missing_only,0.4687696454102372,0.5364589939788912,0.32512371027782105,2.4305940485884547,1.8834904441930362,0.2737335611469477,0.32063907106438777,0.0,0.789408716474625,0.4687696454102372,1.4625630193230126,2.4305940485884547,0.15215049029792582,0.6666666666666666,0.0,10.0,0.0,0.20408163265306123,0.2929506301879883,0.05345776503633326,8.748190174842379e-49,False,,,False,True,True
ML,luad,2B_numeric_smiles,LightGBM,cv,results/20260424_multicancer_stad_protocol_rerun/step4_models/fs_a_stad_baseline/ml_step4_1/luad/2B_numeric_smiles/LightGBM/cv,light_resume,fill_missing_only,0.7826037103546172,0.8466841285380338,0.5987520600777584,1.5341453384772745,1.1796146538899672,0.6908385659615052,0.00420340057332443,0.0026542206505106324,0.7868071109279415,0.7826037103546172,1.5235384868489616,1.5341453384772745,0.7533552884315892,1.0,295.0,220.0,1.0,1.0,0.0,0.004448802889330056,0.6450500009263341,False,,,False,True,True
ML,luad,2B_numeric_smiles,CatBoost,scaffoldcv,results/20260424_multicancer_stad_protocol_rerun/step4_models/fs_a_stad_baseline/ml_step4_1/luad/2B_numeric_smiles/CatBoost/scaffoldcv,light_resume,fill_missing_only,0.42979507622655005,0.4679919958309891,0.3009603996823022,2.448889884684973,1.8568183584975066,0.1977131650176669,0.32619506678808263,0.04952184542352326,0.7559901430146327,0.42979507622655005,1.6255777088162782,2.448889884684973,0.21159819031996221,0.8333333333333334,0.0,0.0,0.0,0.0,-4.38690185546875e-05,0.0941207068551463,9.127519685561636e-89,False,,,False,True,True
ML,luad,2B_numeric_smiles,CatBoost,holdout,results/20260424_multicancer_stad_protocol_rerun/step4_models/fs_a_stad_baseline/ml_step4_1/luad/2B_numeric_smiles/CatBoost/holdout,light_resume,fill_missing_only,0.7448458444191424,0.8143445402825832,0.5600492561504802,1.693127743229265,1.3205146351262318,0.6165150516401995,0.0010061373749065128,0.0,0.7458519817940489,0.7448458444191424,1.7027502528710865,1.693127743229265,0.7697412772378809,1.0,295.0,220.0,1.0,1.0,-0.02993011474609375,0.008026118141156835,0.14982826160409668,False,,,False,True,True
ML,luad,2B_numeric_smiles,CatBoost,groupcv,results/20260424_multicancer_stad_protocol_rerun/step4_models/fs_a_stad_baseline/ml_step4_1/luad/2B_numeric_smiles/CatBoost/groupcv,light_resume,fill_missing_only,0.40661055477216773,0.45492795424451593,0.2834284150814465,2.480590096899568,1.8776525938179,0.1863925602709069,0.3584074424758423,0.03786755110992534,0.7650179972480101,0.40661055477216773,1.6178504614666431,2.480590096899568,0.15797333540481298,0.7999999999999999,0.0,11.0,0.0,0.1389010989010989,0.00010673205057779948,0.04989926983305611,4.1043965493721306e-26,False,,,False,True,True
ML,luad,2B_numeric_smiles,CatBoost,unseen_drug,results/20260424_multicancer_stad_protocol_rerun/step4_models/fs_a_stad_baseline/ml_step4_1/luad/2B_numeric_smiles/CatBoost/unseen_drug,light_resume,fill_missing_only,0.3669485909332911,0.45257162234737236,0.2663069376675347,2.553518443867832,1.893907311192981,0.19841586421898827,0.3866206123755069,0.0,0.753569203308798,0.3669485909332911,1.6177793218891614,2.553518443867832,0.1340403557947046,0.3,0.0,10.0,0.0,0.20408163265306123,0.2929506301879883,0.05345776503633326,8.748190174842379e-49,False,,,False,True,True
ML,luad,2B_numeric_smiles,CatBoost,cv,results/20260424_multicancer_stad_protocol_rerun/step4_models/fs_a_stad_baseline/ml_step4_1/luad/2B_numeric_smiles/CatBoost/cv,light_resume,fill_missing_only,0.7395697405979305,0.812278378513365,0.5551101720577315,1.711565830171903,1.3390006419151834,0.61519890533564,0.0032144180844673556,0.002875193617901539,0.7427841586823978,0.7395697405979305,1.7057366923210082,1.711565830171903,0.7182997408047157,1.0,295.0,220.0,1.0,1.0,0.0,0.004448802889330056,0.6450500009263341,False,,,False,True,True
ML,brca,2A_numeric,XGBoost,scaffoldcv,results/20260424_multicancer_stad_protocol_rerun/step4_models/fs_a_stad_baseline/ml_step4_1/brca/2A_numeric/XGBoost/scaffoldcv,existing_result,,0.25823028033254697,0.2318718284368515,0.17853032600332297,2.559579898969032,1.9342578252156575,0.04450350999832153,0.013700479367424764,0.0025663561155196955,0.27193075969997177,0.25823028033254697,2.5403944711480997,2.559579898969032,0.1511272724362628,0.5444444444444444,0.0,0.0,0.0,0.0,-1.533826192220052e-05,0.038841211054895276,0.12885177723524274,False,,,False,True,True
ML,brca,2A_numeric,XGBoost,holdout,results/20260424_multicancer_stad_protocol_rerun/step4_models/fs_a_stad_baseline/ml_step4_1/brca/2A_numeric/XGBoost/holdout,existing_result,,0.23022895723676762,0.2044115662574768,0.15728734424001015,2.5646035469140718,1.9217607975006104,0.039652466773986816,0.043795366892939225,0.0,0.27402432412970684,0.23022895723676762,2.5425659423198685,2.5646035469140718,0.03452151315498248,0.3333333333333333,284.0,209.0,1.0,1.0,0.09128904342651367,0.029754204398447608,0.22092089155773265,False,,,False,True,True
ML,brca,2A_numeric,XGBoost,groupcv,results/20260424_multicancer_stad_protocol_rerun/step4_models/fs_a_stad_baseline/ml_step4_1/brca/2A_numeric/XGBoost/groupcv,existing_result,,0.2636490608140007,0.24018780390421549,0.18150149351319098,2.547512138680318,1.9160263935724895,0.05473609765370687,0.009068434662007463,0.026740168518370064,0.27271749547600815,0.2636490608140007,2.542275802140207,2.547512138680318,0.06571928442242345,0.4666666666666666,0.0,11.0,0.0,0.13833615608336078,-1.1761983235677084e-05,0.057240233151776086,0.0004423519704285981,False,,,False,True,True
ML,brca,2A_numeric,XGBoost,unseen_drug,results/20260424_multicancer_stad_protocol_rerun/step4_models/fs_a_stad_baseline/ml_step4_1/brca/2A_numeric/XGBoost/unseen_drug,existing_result,,0.23253524992428007,0.21935147047042847,0.15940727483376582,2.756018035885022,2.085092782974243,0.03177309036254883,0.046336165999725704,0.0,0.27887141592400577,0.23253524992428007,2.4947636124235415,2.756018035885022,0.16019457650154217,0.43333333333333335,0.0,10.0,0.0,0.20408163265306123,0.346210241317749,0.07675375918544944,1.6329447270880188e-06,False,,,False,True,True
ML,brca,2A_numeric,XGBoost,cv,results/20260424_multicancer_stad_protocol_rerun/step4_models/fs_a_stad_baseline/ml_step4_1/brca/2A_numeric/XGBoost/cv,existing_result,,0.2452413587352885,0.2211156189441681,0.16818866753533526,2.562447318847421,1.9226758082707722,0.04662905136744181,0.028554847157888252,0.012376146119999161,0.2737962058931767,0.2452413587352885,2.5412240353905626,2.562447318847421,0.03516987080242228,0.4888888888888889,285.0,210.0,0.9884894243785997,0.9844661262290259,3.6557515462239585e-06,0.02649029456841759,0.2171403552506631,False,,,False,True,True
ML,brca,2A_numeric,RandomForest,scaffoldcv,results/20260424_multicancer_stad_protocol_rerun/step4_models/fs_a_stad_baseline/ml_step4_1/brca/2A_numeric/RandomForest/scaffoldcv,existing_result,,0.2574629939963958,0.23181876891702857,0.17798122221566814,2.560187726302224,1.93574899834136,0.04408495149044278,0.014084564963253296,0.0019968362877792255,0.27154755895964916,0.2574629939963958,2.540168496374035,2.560187726302224,0.14743231651270097,0.5222222222222223,0.0,0.0,0.0,0.0,-1.533826192220052e-05,0.038841211054895276,0.12885177723524274,False,,,False,True,True
ML,brca,2A_numeric,RandomForest,holdout,results/20260424_multicancer_stad_protocol_rerun/step4_models/fs_a_stad_baseline/ml_step4_1/brca/2A_numeric/RandomForest/holdout,existing_result,,0.2294237647927981,0.2038377532702774,0.15674796576054714,2.5665585321914595,1.9236228810104512,0.03818783978065887,0.04478024875298117,0.0,0.2742040135457793,0.2294237647927981,2.542356030792554,2.5665585321914595,0.03843440292562941,0.4,284.0,209.0,1.0,1.0,0.09128904342651367,0.029754204398447608,0.22092089155773265,False,,,False,True,True
ML,brca,2A_numeric,RandomForest,groupcv,results/20260424_multicancer_stad_protocol_rerun/step4_models/fs_a_stad_baseline/ml_step4_1/brca/2A_numeric/RandomForest/groupcv,existing_result,,0.26260890418866717,0.23947817697969798,0.18068338236952852,2.5480836999641454,1.916238422037203,0.05431597307990258,0.00993035721720604,0.0258581582875516,0.2725392614058732,0.26260890418866717,2.542041043959951,2.5480836999641454,0.06893564051342155,0.4777777777777778,0.0,11.0,0.0,0.13833615608336078,-1.1761983235677084e-05,0.057240233151776086,0.0004423519704285981,False,,,False,True,True
ML,brca,2A_numeric,RandomForest,unseen_drug,results/20260424_multicancer_stad_protocol_rerun/step4_models/fs_a_stad_baseline/ml_step4_1/brca/2A_numeric/RandomForest/unseen_drug,existing_result,,0.2318035742481806,0.21916078343279274,0.15880588876092203,2.7561856875575788,2.0840018805884255,0.03165528908279913,0.046692107361727686,0.0,0.2784956816099083,0.2318035742481806,2.4945497548999604,2.7561856875575788,0.1575859379957922,0.5333333333333333,0.0,10.0,0.0,0.20408163265306123,0.346210241317749,0.07675375918544944,1.6329447270880188e-06,False,,,False,True,True
ML,brca,2A_numeric,RandomForest,cv,results/20260424_multicancer_stad_protocol_rerun/step4_models/fs_a_stad_baseline/ml_step4_1/brca/2A_numeric/RandomForest/cv,existing_result,,0.24319070698572368,0.21958226070474526,0.1667302641260329,2.5641717179588794,1.9250574647148662,0.04533582006001761,0.030306530066507964,0.013365956923684042,0.27349723705223167,0.24319070698572368,2.54099331101158,2.5641717179588794,0.0424429386144051,0.4777777777777778,285.0,210.0,0.9884894243785997,0.9844661262290259,3.6557515462239585e-06,0.02649029456841759,0.2171403552506631,False,,,False,True,True
ML,brca,2A_numeric,ExtraTrees,scaffoldcv,results/20260424_multicancer_stad_protocol_rerun/step4_models/fs_a_stad_baseline/ml_step4_1/brca/2A_numeric/ExtraTrees/scaffoldcv,existing_result,,0.2572550009251963,0.23171426898604894,0.17780960300371348,2.560462610172723,1.9358011056962088,0.04386866911275763,0.014554193231174462,0.0025036860717946962,0.2718091941563708,0.2572550009251963,2.540061832718439,2.560462610172723,0.1469573300857612,0.5222222222222223,0.0,0.0,0.0,0.0,-1.533826192220052e-05,0.038841211054895276,0.12885177723524274,False,,,False,True,True
ML,brca,2A_numeric,ExtraTrees,holdout,results/20260424_multicancer_stad_protocol_rerun/step4_models/fs_a_stad_baseline/ml_step4_1/brca/2A_numeric/ExtraTrees/holdout,existing_result,,0.2289398374610171,0.20439319048524449,0.15662075385501342,2.566067316493765,1.9238831306196011,0.03855596855187027,0.04548009149393334,0.0,0.27441992895495043,0.2289398374610171,2.542234091466115,2.566067316493765,0.036180111757803605,0.3,284.0,209.0,1.0,1.0,0.09128904342651367,0.029754204398447608,0.22092089155773265,False,,,False,True,True
ML,brca,2A_numeric,ExtraTrees,groupcv,results/20260424_multicancer_stad_protocol_rerun/step4_models/fs_a_stad_baseline/ml_step4_1/brca/2A_numeric/ExtraTrees/groupcv,existing_result,,0.26354174024615407,0.24014427693751697,0.18143029816951076,2.5476826378032955,1.9161383492635924,0.05462425750960901,0.009040043671776197,0.027350229197458206,0.27258178391793025,0.26354174024615407,2.5419109609836634,2.5476826378032955,0.05741036872894922,0.4666666666666666,0.0,11.0,0.0,0.13833615608336078,-1.1761983235677084e-05,0.057240233151776086,0.0004423519704285981,False,,,False,True,True
ML,brca,2A_numeric,ExtraTrees,unseen_drug,results/20260424_multicancer_stad_protocol_rerun/step4_models/fs_a_stad_baseline/ml_step4_1/brca/2A_numeric/ExtraTrees/unseen_drug,existing_result,,0.23156824742536578,0.2195566962503237,0.15872024833915627,2.756169384517302,2.0833610185531644,0.03166674470874231,0.046919104048052634,0.0,0.2784873514734184,0.23156824742536578,2.4944492242360483,2.756169384517302,0.18943024773659586,0.5333333333333333,0.0,10.0,0.0,0.20408163265306123,0.346210241317749,0.07675375918544944,1.6329447270880188e-06,False,,,False,True,True
ML,brca,2A_numeric,ExtraTrees,cv,results/20260424_multicancer_stad_protocol_rerun/step4_models/fs_a_stad_baseline/ml_step4_1/brca/2A_numeric/ExtraTrees/cv,existing_result,,0.2441452816234757,0.2205066662686824,0.16736507465534103,2.563674634619065,1.9245458012069,0.04570620956948283,0.02977786822797875,0.013070897002352994,0.27392314985145444,0.2441452816234757,2.5408567300882656,2.563674634619065,0.032160583143675224,0.3888888888888889,285.0,210.0,0.9884894243785997,0.9844661262290259,3.6557515462239585e-06,0.02649029456841759,0.2171403552506631,False,,,False,True,True
ML,brca,2A_numeric,LightGBM,scaffoldcv,results/20260424_multicancer_stad_protocol_rerun/step4_models/fs_a_stad_baseline/ml_step4_1/brca/2A_numeric/LightGBM/scaffoldcv,existing_result,,0.2572769349951823,0.23304713349451944,0.17782228178762868,2.5590240600936016,1.9343966463272302,0.04490605702004128,0.014499427117872462,0.0025181060090975296,0.2717763621130547,0.2572769349951823,2.54050013556175,2.5590240600936016,0.1469573300857612,0.5222222222222223,0.0,0.0,0.0,0.0,-1.533826192220052e-05,0.038841211054895276,0.12885177723524274,False,,,False,True,True
ML,brca,2A_numeric,LightGBM,holdout,results/20260424_multicancer_stad_protocol_rerun/step4_models/fs_a_stad_baseline/ml_step4_1/brca/2A_numeric/LightGBM/holdout,existing_result,,0.2287978324888887,0.20626886779608805,0.1565579959816168,2.5634787721981063,1.9221090710950524,0.040494721426477254,0.044847210064365456,0.0,0.27364504255325417,0.2287978324888887,2.5430487000416893,2.5634787721981063,0.04878818969895265,0.4,284.0,209.0,1.0,1.0,0.09128904342651367,0.029754204398447608,0.22092089155773265,False,,,False,True,True
ML,brca,2A_numeric,LightGBM,groupcv,results/20260424_multicancer_stad_protocol_rerun/step4_models/fs_a_stad_baseline/ml_step4_1/brca/2A_numeric/LightGBM/groupcv,existing_result,,0.2637265840671454,0.24011320315114315,0.18156724131693455,2.5476066806880837,1.9163667046820805,0.05466152497436927,0.008573235077688701,0.026674972962258424,0.27229981914483403,0.2637265840671454,2.542347822659081,2.5476066806880837,0.0714695157219241,0.4666666666666666,0.0,11.0,0.0,0.13833615608336078,-1.1761983235677084e-05,0.057240233151776086,0.0004423519704285981,False,,,False,True,True
ML,brca,2A_numeric,LightGBM,unseen_drug,results/20260424_multicancer_stad_protocol_rerun/step4_models/fs_a_stad_baseline/ml_step4_1/brca/2A_numeric/LightGBM/unseen_drug,existing_result,,0.2305064262089136,0.2183803746942133,0.15809031545905725,2.7564839932129157,2.08595764700384,0.031445667258780174,0.048092074596767675,0.0,0.27859850080568127,0.2305064262089136,2.4947716471031973,2.7564839932129157,0.12758802654811482,0.4,0.0,10.0,0.0,0.20408163265306123,0.346210241317749,0.07675375918544944,1.6329447270880188e-06,False,,,False,True,True
ML,brca,2A_numeric,LightGBM,cv,results/20260424_multicancer_stad_protocol_rerun/step4_models/fs_a_stad_baseline/ml_step4_1/brca/2A_numeric/LightGBM/cv,existing_result,,0.2444955376727652,0.22035553385133466,0.16767170996029424,2.5628884449269926,1.9243408480788808,0.046299343544374705,0.029226650207205745,0.012948928764659475,0.2737221878799709,0.2444955376727652,2.541229407648423,2.5628884449269926,0.03167920243664501,0.37777777777777777,285.0,210.0,0.9884894243785997,0.9844661262290259,3.6557515462239585e-06,0.02649029456841759,0.2171403552506631,False,,,False,True,True
ML,brca,2A_numeric,ElasticNet,scaffoldcv,results/20260424_multicancer_stad_protocol_rerun/step4_models/fs_a_stad_baseline/ml_step4_1/brca/2A_numeric/ElasticNet/scaffoldcv,existing_result,,0.25806009148711095,0.23253430426120758,0.1785672140303192,2.5597372216223184,1.9359682003657024,0.0444143017133077,0.010638817957656274,0.004328668798747233,0.2686989094447672,0.25806009148711095,2.542167026700434,2.5597372216223184,0.1477214571896627,0.5222222222222223,0.0,0.0,0.0,0.0,-1.533826192220052e-05,0.038841211054895276,0.12885177723524274,False,,,False,True,True
ML,brca,2A_numeric,ElasticNet,holdout,results/20260424_multicancer_stad_protocol_rerun/step4_models/fs_a_stad_baseline/ml_step4_1/brca/2A_numeric/ElasticNet/holdout,existing_result,,0.2328513409541162,0.20711016654968262,0.1597298128262577,2.563275847796997,1.9192821979522705,0.04064655303955078,0.037637501979023325,0.0,0.2704888429331395,0.2328513409541162,2.544893113835225,2.563275847796997,0.0426343724567669,0.4,284.0,209.0,1.0,1.0,0.09128904342651367,0.029754204398447608,0.22092089155773265,False,,,False,True,True
ML,brca,2A_numeric,ElasticNet,groupcv,results/20260424_multicancer_stad_protocol_rerun/step4_models/fs_a_stad_baseline/ml_step4_1/brca/2A_numeric/ElasticNet/groupcv,existing_result,,0.2631148808059129,0.23953844110171,0.18122142097274185,2.54797717182691,1.9174668788909912,0.054402669270833336,0.005162210556401675,0.02746627835241465,0.26827709136231453,0.2631148808059129,2.544478470487478,2.54797717182691,0.07062129270345001,0.4888888888888889,0.0,11.0,0.0,0.13833615608336078,-1.1761983235677084e-05,0.057240233151776086,0.0004423519704285981,False,,,False,True,True
ML,brca,2A_numeric,ElasticNet,unseen_drug,results/20260424_multicancer_stad_protocol_rerun/step4_models/fs_a_stad_baseline/ml_step4_1/brca/2A_numeric/ElasticNet/unseen_drug,existing_result,,0.22956408306993292,0.21723133325576782,0.15739757960299663,2.7574130625434687,2.0873587131500244,0.030792653560638428,0.04538006645074277,0.0,0.2749441495206757,0.22956408306993292,2.4967458526861064,2.7574130625434687,0.12712037442749322,0.4666666666666667,0.0,10.0,0.0,0.20408163265306123,0.346210241317749,0.07675375918544944,1.6329447270880188e-06,False,,,False,True,True
ML,brca,2A_numeric,ElasticNet,cv,results/20260424_multicancer_stad_protocol_rerun/step4_models/fs_a_stad_baseline/ml_step4_1/brca/2A_numeric/ElasticNet/cv,existing_result,,0.2496542572044266,0.2262194554011027,0.1715585595731363,2.5592399837392605,1.9212708075841267,0.04901629686355591,0.018428203218525563,0.010569252145894839,0.2680824604229522,0.2496542572044266,2.5443370257706976,2.5592399837392605,0.03948585903527007,0.4444444444444444,285.0,210.0,0.9884894243785997,0.9844661262290259,3.6557515462239585e-06,0.02649029456841759,0.2171403552506631,False,,,False,True,True
ML,brca,2A_numeric,CatBoost,scaffoldcv,results/20260424_multicancer_stad_protocol_rerun/step4_models/fs_a_stad_baseline/ml_step4_1/brca/2A_numeric/CatBoost/scaffoldcv,existing_result,,0.2590657637998139,0.23284734122700315,0.17920518578307432,2.557486302057195,1.9295663155548228,0.04604694972661209,0.011733199626304333,0.0036736282425117507,0.27079896342611814,0.2590657637998139,2.541649599714788,2.557486302057195,0.1349066689858671,0.5,0.0,0.0,0.0,0.0,-1.533826192220052e-05,0.038841211054895276,0.12885177723524274,False,,,False,True,True
ML,brca,2A_numeric,CatBoost,holdout,results/20260424_multicancer_stad_protocol_rerun/step4_models/fs_a_stad_baseline/ml_step4_1/brca/2A_numeric/CatBoost/holdout,existing_result,,0.23476928930429808,0.20659104235963624,0.1608713276585803,2.5626650010209464,1.9174311904525558,0.04110381077333891,0.03774334432337334,0.0,0.2725126336276714,0.23476928930429808,2.544321465650181,2.5626650010209464,0.04752834634434868,0.36666666666666664,284.0,209.0,1.0,1.0,0.09128904342651367,0.029754204398447608,0.22092089155773265,False,,,False,True,True
ML,brca,2A_numeric,CatBoost,groupcv,results/20260424_multicancer_stad_protocol_rerun/step4_models/fs_a_stad_baseline/ml_step4_1/brca/2A_numeric/CatBoost/groupcv,existing_result,,0.26366188866644297,0.23957409601409865,0.18155706015235476,2.547890843957783,1.916075223734375,0.0544170984068284,0.0067650857663959785,0.02427365605791306,0.2704269744328389,0.26366188866644297,2.5442574045156285,2.547890843957783,0.07357474804323547,0.4777777777777778,0.0,11.0,0.0,0.13833615608336078,-1.1761983235677084e-05,0.057240233151776086,0.0004423519704285981,False,,,False,True,True
ML,brca,2A_numeric,CatBoost,unseen_drug,results/20260424_multicancer_stad_protocol_rerun/step4_models/fs_a_stad_baseline/ml_step4_1/brca/2A_numeric/CatBoost/unseen_drug,existing_result,,0.23265652913995363,0.21925952018990708,0.15974222403889402,2.7554224420077413,2.087675961864336,0.032191524693209406,0.04380431559294948,0.0,0.2764608447329031,0.23265652913995363,2.4965603466110933,2.7554224420077413,0.16764568033157437,0.5333333333333333,0.0,10.0,0.0,0.20408163265306123,0.346210241317749,0.07675375918544944,1.6329447270880188e-06,False,,,False,True,True
ML,brca,2A_numeric,CatBoost,cv,results/20260424_multicancer_stad_protocol_rerun/step4_models/fs_a_stad_baseline/ml_step4_1/brca/2A_numeric/CatBoost/cv,existing_result,,0.2499346407660059,0.22418269074099628,0.1717126426232709,2.560089405256933,1.921006143793197,0.04838897585127385,0.021597569074378774,0.009495829204724039,0.2715322098403847,0.2499346407660059,2.5435738689654985,2.560089405256933,0.031708074505391946,0.4444444444444444,285.0,210.0,0.9884894243785997,0.9844661262290259,3.6557515462239585e-06,0.02649029456841759,0.2171403552506631,False,,,False,True,True
ML,brca,2C_numeric_smiles_context,XGBoost,scaffoldcv,results/20260424_multicancer_stad_protocol_rerun/step4_models/fs_a_stad_baseline/ml_step4_1/brca/2C_numeric_smiles_context/XGBoost/scaffoldcv,existing_result,,0.3189480477794311,0.33183519790569943,0.22124456847268267,2.661814388122609,2.0983214378356934,-0.06655961275100708,0.4981478242534753,0.17013132643764464,0.8170958720329065,0.3189480477794311,1.2972647406321955,2.661814388122609,0.1524311901035987,0.5777777777777777,0.0,0.0,0.0,0.0,-1.533826192220052e-05,0.038841211054895276,0.12885177723524274,False,,,False,True,True
ML,brca,2C_numeric_smiles_context,XGBoost,holdout,results/20260424_multicancer_stad_protocol_rerun/step4_models/fs_a_stad_baseline/ml_step4_1/brca/2C_numeric_smiles_context/XGBoost/holdout,existing_result,,0.7710583122005729,0.8390346169471741,0.5862179247291831,1.4799252118726156,1.1510225534439087,0.6802080869674683,0.029792871883539518,0.0,0.8008511840841124,0.7710583122005729,1.3726902114583632,1.4799252118726156,0.9766631732822143,1.0,284.0,209.0,1.0,1.0,0.09128904342651367,0.029754204398447608,0.22092089155773265,False,,,False,True,True
ML,brca,2C_numeric_smiles_context,XGBoost,groupcv,results/20260424_multicancer_stad_protocol_rerun/step4_models/fs_a_stad_baseline/ml_step4_1/brca/2C_numeric_smiles_context/XGBoost/groupcv,existing_result,,0.46007755970502157,0.4935394326845805,0.32141149332508356,2.2806095887573083,1.7362610896428425,0.23463686307271323,0.3592105905257817,0.0720067435313472,0.8192881502308033,0.46007755970502157,1.309226930953285,2.2806095887573083,0.13196156028150952,0.4444444444444444,0.0,11.0,0.0,0.13833615608336078,-1.1761983235677084e-05,0.057240233151776086,0.0004423519704285981,False,,,False,True,True
ML,brca,2C_numeric_smiles_context,XGBoost,unseen_drug,results/20260424_multicancer_stad_protocol_rerun/step4_models/fs_a_stad_baseline/ml_step4_1/brca/2C_numeric_smiles_context/XGBoost/unseen_drug,existing_result,,0.444025929427869,0.5374959707260132,0.3117102281346986,2.376857633404377,1.8077067136764526,0.27985596656799316,0.37223798046967216,0.0,0.8162639098975412,0.444025929427869,1.2503667293459246,2.376857633404377,0.05094638235497078,0.13333333333333333,0.0,10.0,0.0,0.20408163265306123,0.346210241317749,0.07675375918544944,1.6329447270880188e-06,False,,,False,True,True
ML,brca,2C_numeric_smiles_context,XGBoost,cv,results/20260424_multicancer_stad_protocol_rerun/step4_models/fs_a_stad_baseline/ml_step4_1/brca/2C_numeric_smiles_context/XGBoost/cv,existing_result,,0.7535305916216939,0.8340147336324056,0.5719789669933819,1.5098686031077415,1.167505939801534,0.6689902345339457,0.05474413157976484,0.00833404315868673,0.8082747232014587,0.7535305916216939,1.350786199853163,1.5098686031077415,0.8465890646106976,1.0,285.0,210.0,0.9884894243785997,0.9844661262290259,3.6557515462239585e-06,0.02649029456841759,0.2171403552506631,False,,,False,True,True
ML,brca,2C_numeric_smiles_context,RandomForest,scaffoldcv,results/20260424_multicancer_stad_protocol_rerun/step4_models/fs_a_stad_baseline/ml_step4_1/brca/2C_numeric_smiles_context/RandomForest/scaffoldcv,existing_result,,0.36170532607904393,0.3508731158615312,0.24881737711657928,2.5209260831685216,1.9411267126789973,0.05867222835035357,0.5650368045650114,0.0969108814811286,0.9267421306440552,0.36170532607904393,0.8188442662786853,2.5209260831685216,0.17915228462774213,0.48888888888888893,0.0,0.0,0.0,0.0,-1.533826192220052e-05,0.038841211054895276,0.12885177723524274,False,,,False,True,True
ML,brca,2C_numeric_smiles_context,RandomForest,holdout,results/20260424_multicancer_stad_protocol_rerun/step4_models/fs_a_stad_baseline/ml_step4_1/brca/2C_numeric_smiles_context/RandomForest/holdout,existing_result,,0.8002480540463274,0.8577369204650491,0.619121041253863,1.3483025012294625,0.995022291402464,0.734562304794304,0.12923894335819552,0.0,0.9294869974045229,0.8002480540463274,0.8528123530757172,1.3483025012294625,0.9844822285951332,1.0,284.0,209.0,1.0,1.0,0.09128904342651367,0.029754204398447608,0.22092089155773265,False,,,False,True,True
ML,brca,2C_numeric_smiles_context,RandomForest,groupcv,results/20260424_multicancer_stad_protocol_rerun/step4_models/fs_a_stad_baseline/ml_step4_1/brca/2C_numeric_smiles_context/RandomForest/groupcv,existing_result,,0.4449756238367888,0.4826170081263206,0.30974006772165363,2.3282987575958773,1.762990657938386,0.19920233090113681,0.48646805970258794,0.061655578222539933,0.9314436835393768,0.4449756238367888,0.8299776634378029,2.3282987575958773,0.26366403784786346,0.5333333333333333,0.0,11.0,0.0,0.13833615608336078,-1.1761983235677084e-05,0.057240233151776086,0.0004423519704285981,False,,,False,True,True
ML,brca,2C_numeric_smiles_context,RandomForest,unseen_drug,results/20260424_multicancer_stad_protocol_rerun/step4_models/fs_a_stad_baseline/ml_step4_1/brca/2C_numeric_smiles_context/RandomForest/unseen_drug,existing_result,,0.40311604863205713,0.49305615962371996,0.27955207068516014,2.498951498769127,1.885343926066852,0.20397136105910352,0.527501330033501,0.0,0.930617378665558,0.40311604863205713,0.755653521227332,2.498951498769127,0.14209466039775986,0.36666666666666664,0.0,10.0,0.0,0.20408163265306123,0.346210241317749,0.07675375918544944,1.6329447270880188e-06,False,,,False,True,True
ML,brca,2C_numeric_smiles_context,RandomForest,cv,results/20260424_multicancer_stad_protocol_rerun/step4_models/fs_a_stad_baseline/ml_step4_1/brca/2C_numeric_smiles_context/RandomForest/cv,existing_result,,0.7761236798123442,0.8468700480725238,0.5965646131766466,1.3976159612691428,1.0315849881405306,0.716422312591595,0.1547403569116467,0.009946299144797284,0.9308640367239908,0.7761236798123442,0.8434264398884572,1.3976159612691428,0.8000760713203849,1.0,285.0,210.0,0.9884894243785997,0.9844661262290259,3.6557515462239585e-06,0.02649029456841759,0.2171403552506631,False,,,False,True,True
ML,brca,2C_numeric_smiles_context,ExtraTrees,scaffoldcv,results/20260424_multicancer_stad_protocol_rerun/step4_models/fs_a_stad_baseline/ml_step4_1/brca/2C_numeric_smiles_context/ExtraTrees/scaffoldcv,existing_result,,0.3566291838432856,0.32639328716473676,0.24556956291840484,2.579193993885711,1.9086810717446472,0.027909795545272436,0.58706564859581,0.02019594192103153,0.9436948324390957,0.3566291838432856,0.6918902505544186,2.579193993885711,0.2625326759544144,0.6555555555555556,0.0,0.0,0.0,0.0,-1.533826192220052e-05,0.038841211054895276,0.12885177723524274,False,,,False,True,True
ML,brca,2C_numeric_smiles_context,ExtraTrees,holdout,results/20260424_multicancer_stad_protocol_rerun/step4_models/fs_a_stad_baseline/ml_step4_1/brca/2C_numeric_smiles_context/ExtraTrees/holdout,existing_result,,0.7891964268440901,0.8481187191009945,0.6115776797673218,1.3935070520051636,1.0051784976183318,0.7164652725405394,0.15829545893854124,0.0,0.9474918857826313,0.7891964268440901,0.7355183451319127,1.3935070520051636,0.9743375511279018,0.9333333333333333,284.0,209.0,1.0,1.0,0.09128904342651367,0.029754204398447608,0.22092089155773265,False,,,False,True,True
ML,brca,2C_numeric_smiles_context,ExtraTrees,groupcv,results/20260424_multicancer_stad_protocol_rerun/step4_models/fs_a_stad_baseline/ml_step4_1/brca/2C_numeric_smiles_context/ExtraTrees/groupcv,existing_result,,0.3597474002872738,0.3925647958886976,0.24937880176157823,2.517260652105072,1.8810177022501628,0.07079988362361507,0.5890278770956121,0.05921479259143376,0.9487752773828859,0.3597474002872738,0.7138315639603111,2.517260652105072,0.36503791178047246,0.6666666666666666,0.0,11.0,0.0,0.13833615608336078,-1.1761983235677084e-05,0.057240233151776086,0.0004423519704285981,False,,,False,True,True
ML,brca,2C_numeric_smiles_context,ExtraTrees,unseen_drug,results/20260424_multicancer_stad_protocol_rerun/step4_models/fs_a_stad_baseline/ml_step4_1/brca/2C_numeric_smiles_context/ExtraTrees/unseen_drug,existing_result,,0.35664690420358147,0.4914512748372012,0.24913204658774943,2.5322822035946198,1.9007220117766526,0.18259508610884723,0.5911452591338701,0.0,0.9477921633374515,0.35664690420358147,0.6364099999947257,2.5322822035946198,0.3050427725466698,0.5333333333333333,0.0,10.0,0.0,0.20408163265306123,0.346210241317749,0.07675375918544944,1.6329447270880188e-06,False,,,False,True,True
ML,brca,2C_numeric_smiles_context,ExtraTrees,cv,results/20260424_multicancer_stad_protocol_rerun/step4_models/fs_a_stad_baseline/ml_step4_1/brca/2C_numeric_smiles_context/ExtraTrees/cv,existing_result,,0.7629376106130237,0.8330032122764138,0.5863877870044508,1.4559722513998012,1.0523790054702182,0.6921992146058131,0.1853413391199321,0.015241293351226023,0.9482789497329557,0.7629376106130237,0.7211396707570641,1.4559722513998012,0.839020930469614,0.9888888888888889,285.0,210.0,0.9884894243785997,0.9844661262290259,3.6557515462239585e-06,0.02649029456841759,0.2171403552506631,False,,,False,True,True
ML,brca,2C_numeric_smiles_context,LightGBM,scaffoldcv,results/20260424_multicancer_stad_protocol_rerun/step4_models/fs_a_stad_baseline/ml_step4_1/brca/2C_numeric_smiles_context/LightGBM/scaffoldcv,existing_result,,0.3925183696159918,0.38563267798470874,0.2711856621462623,2.6198618739783908,1.9722663310776027,-0.01897580366822031,0.42303910994098676,0.07486488184448539,0.8155574795569785,0.3925183696159918,1.28980169882875,2.6198618739783908,0.1311848377221657,0.5444444444444444,0.0,0.0,0.0,0.0,-1.533826192220052e-05,0.038841211054895276,0.12885177723524274,False,,,False,True,True
ML,brca,2C_numeric_smiles_context,LightGBM,holdout,results/20260424_multicancer_stad_protocol_rerun/step4_models/fs_a_stad_baseline/ml_step4_1/brca/2C_numeric_smiles_context/LightGBM/holdout,existing_result,,0.7789945902997425,0.843014980385699,0.594162143224237,1.4495107043424418,1.1113699162655046,0.6932173665699402,0.015758052999726657,0.0,0.7947526432994692,0.7789945902997425,1.378584232469312,1.4495107043424418,0.9047575848038764,1.0,284.0,209.0,1.0,1.0,0.09128904342651367,0.029754204398447608,0.22092089155773265,False,,,False,True,True
ML,brca,2C_numeric_smiles_context,LightGBM,groupcv,results/20260424_multicancer_stad_protocol_rerun/step4_models/fs_a_stad_baseline/ml_step4_1/brca/2C_numeric_smiles_context/LightGBM/groupcv,existing_result,,0.46038028719611973,0.4859723729145457,0.32101478292068925,2.299435185951991,1.757210094178945,0.22033710909328041,0.3556009282922921,0.06745992734136885,0.8159812154884118,0.46038028719611973,1.2964385475462847,2.299435185951991,0.24813108650001595,0.48888888888888893,0.0,11.0,0.0,0.13833615608336078,-1.1761983235677084e-05,0.057240233151776086,0.0004423519704285981,False,,,False,True,True
ML,brca,2C_numeric_smiles_context,LightGBM,unseen_drug,results/20260424_multicancer_stad_protocol_rerun/step4_models/fs_a_stad_baseline/ml_step4_1/brca/2C_numeric_smiles_context/LightGBM/unseen_drug,existing_result,,0.42448744523802984,0.5439140649714866,0.29379412724936305,2.364238818374359,1.8339894735763678,0.2874821874979182,0.3796384318861593,0.0,0.8041258771241891,0.42448744523802984,1.2715797990048467,2.364238818374359,0.1385647433184899,0.4,0.0,10.0,0.0,0.20408163265306123,0.346210241317749,0.07675375918544944,1.6329447270880188e-06,False,,,False,True,True
ML,brca,2C_numeric_smiles_context,LightGBM,cv,results/20260424_multicancer_stad_protocol_rerun/step4_models/fs_a_stad_baseline/ml_step4_1/brca/2C_numeric_smiles_context/LightGBM/cv,existing_result,,0.761458747863565,0.8375854820568938,0.5798904438683762,1.474900050727246,1.1283678205809082,0.68415101896126,0.04310293973169458,0.00819838360129694,0.8045616875952598,0.761458747863565,1.3474986946217016,1.474900050727246,0.8694719895439061,1.0,285.0,210.0,0.9884894243785997,0.9844661262290259,3.6557515462239585e-06,0.02649029456841759,0.2171403552506631,False,,,False,True,True
ML,brca,2C_numeric_smiles_context,CatBoost,scaffoldcv,results/20260424_multicancer_stad_protocol_rerun/step4_models/fs_a_stad_baseline/ml_step4_1/brca/2C_numeric_smiles_context/CatBoost/scaffoldcv,existing_result,,0.41565238060366266,0.4386586066362595,0.2876593319602852,2.4974666245983514,1.8756014912669823,0.08202425243847211,0.33861283877808956,0.06455788332565181,0.7542652193817524,0.41565238060366266,1.5399219095614214,2.4974666245983514,0.14942233703110558,0.5555555555555556,0.0,0.0,0.0,0.0,-1.533826192220052e-05,0.038841211054895276,0.12885177723524274,False,,,False,True,True
ML,brca,2C_numeric_smiles_context,CatBoost,holdout,results/20260424_multicancer_stad_protocol_rerun/step4_models/fs_a_stad_baseline/ml_step4_1/brca/2C_numeric_smiles_context/CatBoost/holdout,existing_result,,0.7223059258096939,0.8024318742243339,0.5395806568991026,1.6573868802576137,1.293669944658517,0.5989156553147419,0.008128657176639131,0.0,0.730434582986333,0.7223059258096939,1.6330532098230837,1.6573868802576137,0.9022787467272649,1.0,284.0,209.0,1.0,1.0,0.09128904342651367,0.029754204398447608,0.22092089155773265,False,,,False,True,True
ML,brca,2C_numeric_smiles_context,CatBoost,groupcv,results/20260424_multicancer_stad_protocol_rerun/step4_models/fs_a_stad_baseline/ml_step4_1/brca/2C_numeric_smiles_context/CatBoost/groupcv,existing_result,,0.4695311330000176,0.5087621391798037,0.32838928384567095,2.256064947637992,1.7138703861058733,0.2522025826311304,0.28651524553942587,0.06521598496648276,0.7560463785394435,0.4695311330000176,1.5477758398297687,2.256064947637992,0.4104471168962132,0.7222222222222223,0.0,11.0,0.0,0.13833615608336078,-1.1761983235677084e-05,0.057240233151776086,0.0004423519704285981,False,,,False,True,True
ML,brca,2C_numeric_smiles_context,CatBoost,unseen_drug,results/20260424_multicancer_stad_protocol_rerun/step4_models/fs_a_stad_baseline/ml_step4_1/brca/2C_numeric_smiles_context/CatBoost/unseen_drug,existing_result,,0.39775414456333874,0.5023632675616678,0.2816202137178284,2.4315703470211876,1.8023660108449815,0.2463204777128326,0.35158039439994554,0.0,0.7493345389632843,0.39775414456333874,1.515867653353949,2.4315703470211876,0.4317663755179199,0.6666666666666666,0.0,10.0,0.0,0.20408163265306123,0.346210241317749,0.07675375918544944,1.6329447270880188e-06,False,,,False,True,True
ML,brca,2C_numeric_smiles_context,CatBoost,cv,results/20260424_multicancer_stad_protocol_rerun/step4_models/fs_a_stad_baseline/ml_step4_1/brca/2C_numeric_smiles_context/CatBoost/cv,existing_result,,0.7108007664008887,0.7975248213644024,0.53061017041296,1.693235586144511,1.321194303662393,0.5837819609030762,0.02477494174227716,0.0107416567108012,0.7355757081431659,0.7108007664008887,1.6394468762711927,1.693235586144511,0.8340728464377779,1.0,285.0,210.0,0.9884894243785997,0.9844661262290259,3.6557515462239585e-06,0.02649029456841759,0.2171403552506631,False,,,False,True,True
ML,brca,2B_numeric_smiles,XGBoost,scaffoldcv,results/20260424_multicancer_stad_protocol_rerun/step4_models/fs_a_stad_baseline/ml_step4_1/brca/2B_numeric_smiles/XGBoost/scaffoldcv,existing_result,,0.33775179653889653,0.3417209138472875,0.23257163218515872,2.559038519334569,2.001947283744812,0.03244578838348389,0.46583236986695303,0.13419967836702398,0.8035841664058495,0.33775179653889653,1.3359931383936414,2.559038519334569,0.22089143550243828,0.6,0.0,0.0,0.0,0.0,-1.533826192220052e-05,0.038841211054895276,0.12885177723524274,False,,,False,True,True
ML,brca,2B_numeric_smiles,XGBoost,holdout,results/20260424_multicancer_stad_protocol_rerun/step4_models/fs_a_stad_baseline/ml_step4_1/brca/2B_numeric_smiles/XGBoost/holdout,existing_result,,0.7578157292525819,0.831089437007904,0.574577370875531,1.507362970732019,1.1666094064712524,0.6682403087615967,0.028693161207107742,0.0,0.7865088904596896,0.7578157292525819,1.4168390655335807,1.507362970732019,0.9720648926128915,1.0,284.0,209.0,1.0,1.0,0.09128904342651367,0.029754204398447608,0.22092089155773265,False,,,False,True,True
ML,brca,2B_numeric_smiles,XGBoost,groupcv,results/20260424_multicancer_stad_protocol_rerun/step4_models/fs_a_stad_baseline/ml_step4_1/brca/2B_numeric_smiles/XGBoost/groupcv,existing_result,,0.4147013978746949,0.45382681488990784,0.28809353540636884,2.3483643164826407,1.7856577634811401,0.190808375676473,0.3925274589633739,0.05134860291818427,0.8072288568380688,0.4147013978746949,1.345852247565863,2.3483643164826407,0.11598670246450656,0.4666666666666666,0.0,11.0,0.0,0.13833615608336078,-1.1761983235677084e-05,0.057240233151776086,0.0004423519704285981,False,,,False,True,True
ML,brca,2B_numeric_smiles,XGBoost,unseen_drug,results/20260424_multicancer_stad_protocol_rerun/step4_models/fs_a_stad_baseline/ml_step4_1/brca/2B_numeric_smiles/XGBoost/unseen_drug,existing_result,,0.4144955644172571,0.5225568413734436,0.286740527916869,2.401337302674708,1.8413859605789185,0.2649458050727844,0.39314854439183367,0.0,0.8076441088090908,0.4144955644172571,1.292875949260677,2.401337302674708,0.07946494860975518,0.23333333333333334,0.0,10.0,0.0,0.20408163265306123,0.346210241317749,0.07675375918544944,1.6329447270880188e-06,False,,,False,True,True
ML,brca,2B_numeric_smiles,XGBoost,cv,results/20260424_multicancer_stad_protocol_rerun/step4_models/fs_a_stad_baseline/ml_step4_1/brca/2B_numeric_smiles/XGBoost/cv,existing_result,,0.741826081429136,0.8258817394574484,0.5606307919837701,1.5383668046900725,1.1842616001764934,0.656389077504476,0.05438439053981218,0.007531877670008358,0.7962104719689482,0.741826081429136,1.391419690484872,1.5383668046900725,0.838273355466343,1.0,285.0,210.0,0.9884894243785997,0.9844661262290259,3.6557515462239585e-06,0.02649029456841759,0.2171403552506631,False,,,False,True,True
ML,brca,2B_numeric_smiles,RandomForest,scaffoldcv,results/20260424_multicancer_stad_protocol_rerun/step4_models/fs_a_stad_baseline/ml_step4_1/brca/2B_numeric_smiles/RandomForest/scaffoldcv,existing_result,,0.3329021750268803,0.32075138564643385,0.22866634494834912,2.578896391804175,1.9749617210990078,0.01438891551863349,0.5605222253020342,0.09635453897744758,0.8934244003289146,0.3329021750268803,0.9419837060672226,2.578896391804175,0.1800488576874905,0.5,0.0,0.0,0.0,0.0,-1.533826192220052e-05,0.038841211054895276,0.12885177723524274,False,,,False,True,True
ML,brca,2B_numeric_smiles,RandomForest,holdout,results/20260424_multicancer_stad_protocol_rerun/step4_models/fs_a_stad_baseline/ml_step4_1/brca/2B_numeric_smiles/RandomForest/holdout,existing_result,,0.7885511673925297,0.8506692293683089,0.6058933740185678,1.3779776770279444,1.013843601892875,0.7227495360006082,0.10869997238804952,0.0,0.8972511397805792,0.7885511673925297,1.0012905630186841,1.3779776770279444,0.9836493523498004,1.0,284.0,209.0,1.0,1.0,0.09128904342651367,0.029754204398447608,0.22092089155773265,False,,,False,True,True
ML,brca,2B_numeric_smiles,RandomForest,groupcv,results/20260424_multicancer_stad_protocol_rerun/step4_models/fs_a_stad_baseline/ml_step4_1/brca/2B_numeric_smiles/RandomForest/groupcv,existing_result,,0.43289098299047685,0.4642295002309413,0.30037963731724965,2.3565530063641913,1.790056665024918,0.1805183817867696,0.4664280999915449,0.06205230196178684,0.8993190829820218,0.43289098299047685,0.9773254347803005,2.3565530063641913,0.27974898735972764,0.6000000000000001,0.0,11.0,0.0,0.13833615608336078,-1.1761983235677084e-05,0.057240233151776086,0.0004423519704285981,False,,,False,True,True
ML,brca,2B_numeric_smiles,RandomForest,unseen_drug,results/20260424_multicancer_stad_protocol_rerun/step4_models/fs_a_stad_baseline/ml_step4_1/brca/2B_numeric_smiles/RandomForest/unseen_drug,existing_result,,0.3992726035442449,0.49173934593555735,0.2772841420219785,2.4974949189861895,1.9158247671567465,0.2048990631823101,0.5041847678636724,0.0,0.9034573714079173,0.3992726035442449,0.9077173903872499,2.4974949189861895,0.11364267252277423,0.26666666666666666,0.0,10.0,0.0,0.20408163265306123,0.346210241317749,0.07675375918544944,1.6329447270880188e-06,False,,,False,True,True
ML,brca,2B_numeric_smiles,RandomForest,cv,results/20260424_multicancer_stad_protocol_rerun/step4_models/fs_a_stad_baseline/ml_step4_1/brca/2B_numeric_smiles/RandomForest/cv,existing_result,,0.7699388168991371,0.8408953502206472,0.5887222192744105,1.4223727782480033,1.0474360320982838,0.7062816421094178,0.12945344325287508,0.009014010687312411,0.8993922601520122,0.7699388168991371,0.985349776431812,1.4223727782480033,0.7988980271399438,1.0,285.0,210.0,0.9884894243785997,0.9844661262290259,3.6557515462239585e-06,0.02649029456841759,0.2171403552506631,False,,,False,True,True
ML,brca,2B_numeric_smiles,ExtraTrees,scaffoldcv,results/20260424_multicancer_stad_protocol_rerun/step4_models/fs_a_stad_baseline/ml_step4_1/brca/2B_numeric_smiles/ExtraTrees/scaffoldcv,existing_result,,0.32634598831067757,0.27959062737291057,0.22364868416835457,2.6679535527488896,1.9674065332979505,-0.041164344680383914,0.5816076381147376,0.018355431531423213,0.9079536264254151,0.32634598831067757,0.8364639812868694,2.6679535527488896,0.23905114813551656,0.5777777777777777,0.0,0.0,0.0,0.0,-1.533826192220052e-05,0.038841211054895276,0.12885177723524274,False,,,False,True,True
ML,brca,2B_numeric_smiles,ExtraTrees,holdout,results/20260424_multicancer_stad_protocol_rerun/step4_models/fs_a_stad_baseline/ml_step4_1/brca/2B_numeric_smiles/ExtraTrees/holdout,existing_result,,0.7833771404577148,0.8443668837200226,0.6016306315874237,1.4070422141296455,1.029488278011655,0.7109305660293836,0.12925190637885875,0.0,0.9126290468365735,0.7833771404577148,0.9217379932420698,1.4070422141296455,0.9706004038936934,0.9666666666666667,284.0,209.0,1.0,1.0,0.09128904342651367,0.029754204398447608,0.22092089155773265,False,,,False,True,True
ML,brca,2B_numeric_smiles,ExtraTrees,groupcv,results/20260424_multicancer_stad_protocol_rerun/step4_models/fs_a_stad_baseline/ml_step4_1/brca/2B_numeric_smiles/ExtraTrees/groupcv,existing_result,,0.3289136729879188,0.3628869974261996,0.22775294582584346,2.5518055266711084,1.9087497751326081,0.04671564523015,0.5852738280479743,0.061386767096757,0.9141875010358932,0.3289136729879188,0.898496472769362,2.5518055266711084,0.3651282506121496,0.6777777777777777,0.0,11.0,0.0,0.13833615608336078,-1.1761983235677084e-05,0.057240233151776086,0.0004423519704285981,False,,,False,True,True
ML,brca,2B_numeric_smiles,ExtraTrees,unseen_drug,results/20260424_multicancer_stad_protocol_rerun/step4_models/fs_a_stad_baseline/ml_step4_1/brca/2B_numeric_smiles/ExtraTrees/unseen_drug,existing_result,,0.38542237376029514,0.5089817474261917,0.26807345083159295,2.469657976145725,1.894240719718389,0.2225245899094257,0.5329231200502413,0.0,0.9183454938105364,0.38542237376029514,0.8247229578261588,2.469657976145725,0.3192182065812566,0.7,0.0,10.0,0.0,0.20408163265306123,0.346210241317749,0.07675375918544944,1.6329447270880188e-06,False,,,False,True,True
ML,brca,2B_numeric_smiles,ExtraTrees,cv,results/20260424_multicancer_stad_protocol_rerun/step4_models/fs_a_stad_baseline/ml_step4_1/brca/2B_numeric_smiles/ExtraTrees/cv,existing_result,,0.7662910449653388,0.8355606920493069,0.5853556831495209,1.4433625373981576,1.0564840995257156,0.6975719586541679,0.1481615147450979,0.010575909508833787,0.9144525597104368,0.7662910449653388,0.9016610231755743,1.4433625373981576,0.8198201919320122,0.9888888888888889,285.0,210.0,0.9884894243785997,0.9844661262290259,3.6557515462239585e-06,0.02649029456841759,0.2171403552506631,False,,,False,True,True
ML,brca,2B_numeric_smiles,LightGBM,scaffoldcv,results/20260424_multicancer_stad_protocol_rerun/step4_models/fs_a_stad_baseline/ml_step4_1/brca/2B_numeric_smiles/LightGBM/scaffoldcv,existing_result,,0.3487873207724718,0.3417184476251462,0.2397077509173348,2.710976619252649,2.050762961626286,-0.08800898084722064,0.45236104235452873,0.05207740254995331,0.8011483631270006,0.3487873207724718,1.3340282271806299,2.710976619252649,0.1647035759950751,0.5666666666666668,0.0,0.0,0.0,0.0,-1.533826192220052e-05,0.038841211054895276,0.12885177723524274,False,,,False,True,True
ML,brca,2B_numeric_smiles,LightGBM,holdout,results/20260424_multicancer_stad_protocol_rerun/step4_models/fs_a_stad_baseline/ml_step4_1/brca/2B_numeric_smiles/LightGBM/holdout,existing_result,,0.766476991405126,0.8355888288572836,0.5831831839553734,1.4723364166515827,1.1231842606419107,0.6834793671288236,0.013114639378765447,0.0,0.7795916307838915,0.766476991405126,1.4253726816386971,1.4723364166515827,0.907824316287392,1.0,284.0,209.0,1.0,1.0,0.09128904342651367,0.029754204398447608,0.22092089155773265,False,,,False,True,True
ML,brca,2B_numeric_smiles,LightGBM,groupcv,results/20260424_multicancer_stad_protocol_rerun/step4_models/fs_a_stad_baseline/ml_step4_1/brca/2B_numeric_smiles/LightGBM/groupcv,existing_result,,0.41763209411312113,0.45233147479679214,0.29050627779300586,2.3654685174552426,1.7997836450761646,0.1773487636093792,0.38601662235229584,0.054858136787450565,0.803648716465417,0.41763209411312113,1.3388188168929538,2.3654685174552426,0.17038089199448025,0.4666666666666666,0.0,11.0,0.0,0.13833615608336078,-1.1761983235677084e-05,0.057240233151776086,0.0004423519704285981,False,,,False,True,True
ML,brca,2B_numeric_smiles,LightGBM,unseen_drug,results/20260424_multicancer_stad_protocol_rerun/step4_models/fs_a_stad_baseline/ml_step4_1/brca/2B_numeric_smiles/LightGBM/unseen_drug,existing_result,,0.4129702615418134,0.5197107151247207,0.2872675084541834,2.413012324250923,1.8667447142734745,0.25778091299780814,0.3820829626434751,0.0,0.7950532241852885,0.4129702615418134,1.3156037946086634,2.413012324250923,0.10773938604643946,0.3,0.0,10.0,0.0,0.20408163265306123,0.346210241317749,0.07675375918544944,1.6329447270880188e-06,False,,,False,True,True
ML,brca,2B_numeric_smiles,LightGBM,cv,results/20260424_multicancer_stad_protocol_rerun/step4_models/fs_a_stad_baseline/ml_step4_1/brca/2B_numeric_smiles/LightGBM/cv,existing_result,,0.7504550896841606,0.8292006674979951,0.568561147907841,1.50628055760511,1.1486982882156862,0.6705626173520143,0.04176633323494124,0.007874971417966113,0.7922214229191019,0.7504550896841606,1.391022062867289,1.50628055760511,0.8660126581846525,1.0,285.0,210.0,0.9884894243785997,0.9844661262290259,3.6557515462239585e-06,0.02649029456841759,0.2171403552506631,False,,,False,True,True
ML,brca,2B_numeric_smiles,CatBoost,scaffoldcv,results/20260424_multicancer_stad_protocol_rerun/step4_models/fs_a_stad_baseline/ml_step4_1/brca/2B_numeric_smiles/CatBoost/scaffoldcv,existing_result,,0.382832306097322,0.3991959866501311,0.2659958645439166,2.6786068354415313,2.0546946888332314,-0.07507013317326279,0.3604859016464624,0.06835124270952075,0.7433182077437843,0.382832306097322,1.5609047053962861,2.6786068354415313,0.17034159226182088,0.5555555555555555,0.0,0.0,0.0,0.0,-1.533826192220052e-05,0.038841211054895276,0.12885177723524274,False,,,False,True,True
ML,brca,2B_numeric_smiles,CatBoost,holdout,results/20260424_multicancer_stad_protocol_rerun/step4_models/fs_a_stad_baseline/ml_step4_1/brca/2B_numeric_smiles/CatBoost/holdout,existing_result,,0.7156584795885034,0.7969759252377948,0.5340735367215148,1.6735367132036045,1.3091734229722687,0.5910611177255387,0.006346707098270565,0.0,0.7220051866867739,0.7156584795885034,1.6534334970559093,1.6735367132036045,0.8831513154573164,0.9666666666666667,284.0,209.0,1.0,1.0,0.09128904342651367,0.029754204398447608,0.22092089155773265,False,,,False,True,True
ML,brca,2B_numeric_smiles,CatBoost,groupcv,results/20260424_multicancer_stad_protocol_rerun/step4_models/fs_a_stad_baseline/ml_step4_1/brca/2B_numeric_smiles/CatBoost/groupcv,existing_result,,0.4211905601951753,0.46698601497734554,0.2938930153360037,2.310942461107943,1.7401400630344976,0.21663653459788945,0.3215234571627453,0.06442077645524401,0.7427140173579204,0.4211905601951753,1.5780076299327466,2.310942461107943,0.2041116529700002,0.6,0.0,11.0,0.0,0.13833615608336078,-1.1761983235677084e-05,0.057240233151776086,0.0004423519704285981,False,,,False,True,True
ML,brca,2B_numeric_smiles,CatBoost,unseen_drug,results/20260424_multicancer_stad_protocol_rerun/step4_models/fs_a_stad_baseline/ml_step4_1/brca/2B_numeric_smiles/CatBoost/unseen_drug,existing_result,,0.3796700239086746,0.5073447426868963,0.26281611248921566,2.417895005788559,1.8430917091709502,0.25477414344137583,0.3579524899065069,0.0,0.7376225138151815,0.3796700239086746,1.5474986383460185,2.417895005788559,0.178898460969743,0.4666666666666667,0.0,10.0,0.0,0.20408163265306123,0.346210241317749,0.07675375918544944,1.6329447270880188e-06,False,,,False,True,True
ML,brca,2B_numeric_smiles,CatBoost,cv,results/20260424_multicancer_stad_protocol_rerun/step4_models/fs_a_stad_baseline/ml_step4_1/brca/2B_numeric_smiles/CatBoost/cv,existing_result,,0.6966917841555373,0.7889124562503312,0.5179811823108222,1.7169576396389992,1.341366742021778,0.5719670342138115,0.023591292055619568,0.0027551076203071604,0.7202830762111567,0.6966917841555373,1.6656879566497327,1.7169576396389992,0.8341570946679197,1.0,285.0,210.0,0.9884894243785997,0.9844661262290259,3.6557515462239585e-06,0.02649029456841759,0.2171403552506631,False,,,False,True,True
ML,crc,2A_numeric,XGBoost,scaffoldcv,results/20260424_multicancer_stad_protocol_rerun/step4_models/fs_a_stad_baseline/ml_step4_1/crc/2A_numeric/XGBoost/scaffoldcv,existing_result,,0.24933355439843072,0.2559919059276581,0.17040699287712066,2.6344521095842097,2.049971103668213,0.059717019399007164,0.01768320518878898,0.01542819306980996,0.2670167595872197,0.24933355439843072,2.6176027167355866,2.6344521095842097,0.22374841740340198,0.5888888888888889,0.0,0.0,0.0,0.0,3.250439961751302e-05,0.0559185762663618,0.0029784188983603597,False,,,False,True,True
ML,crc,2A_numeric,XGBoost,holdout,results/20260424_multicancer_stad_protocol_rerun/step4_models/fs_a_stad_baseline/ml_step4_1/crc/2A_numeric/XGBoost/holdout,existing_result,,0.2686508714578787,0.2743333578109741,0.18307370626289562,2.601017067125432,1.9996049404144287,0.07483494281768799,-0.006947699659713813,0.0,0.2617031717981649,0.2686508714578787,2.626412238838666,2.601017067125432,0.1408036180222138,0.6333333333333333,289.0,214.0,1.0,1.0,-0.0155029296875,0.017380618339557723,0.7283501452982629,False,,,False,True,True
ML,crc,2A_numeric,XGBoost,groupcv,results/20260424_multicancer_stad_protocol_rerun/step4_models/fs_a_stad_baseline/ml_step4_1/crc/2A_numeric/XGBoost/groupcv,existing_result,,0.26077516948894175,0.26496370633443195,0.17806455234530874,2.6263460313482203,2.034461498260498,0.06427439053853352,0.006458006078946615,0.013041009793157012,0.2672331755678884,0.26077516948894175,2.616522446983427,2.6263460313482203,0.2426137370082911,0.6222222222222221,0.0,12.333333333333334,0.0,0.15517815517815517,2.7020772298177082e-05,0.06192166331152112,0.0014386910202053083,False,,,False,True,True
ML,crc,2A_numeric,XGBoost,unseen_drug,results/20260424_multicancer_stad_protocol_rerun/step4_models/fs_a_stad_baseline/ml_step4_1/crc/2A_numeric/XGBoost/unseen_drug,existing_result,,0.242473452472254,0.258420467376709,0.16474664508991158,2.76749697332725,2.1407644748687744,0.05574291944503784,0.028242539428267988,0.0,0.270715991900522,0.242473452472254,2.5846402236291626,2.76749697332725,0.40566679362744046,0.5333333333333333,0.0,10.0,0.0,0.20408163265306123,0.2846834659576416,0.05389594023834097,0.0003072319257805633,False,,,False,True,True
ML,crc,2A_numeric,XGBoost,cv,results/20260424_multicancer_stad_protocol_rerun/step4_models/fs_a_stad_baseline/ml_step4_1/crc/2A_numeric/XGBoost/cv,existing_result,,0.24215089738625717,0.24995011587937674,0.16518268731648564,2.636364673205714,2.0376083056131997,0.06151733795801798,0.02754786242082684,0.01664952311403968,0.269698759807084,0.24215089738625717,2.6161491768970926,2.636364673205714,0.05229198367980736,0.6,292.6666666666667,217.66666666666666,1.0,1.0,-1.430511474609375e-06,0.026184209789849422,0.21230344421985425,False,,,False,True,True
ML,crc,2A_numeric,RandomForest,scaffoldcv,results/20260424_multicancer_stad_protocol_rerun/step4_models/fs_a_stad_baseline/ml_step4_1/crc/2A_numeric/RandomForest/scaffoldcv,existing_result,,0.24858960980818315,0.2561952414035387,0.1699799569636922,2.635197627197551,2.05216570641462,0.05916375366595383,0.018441318595893635,0.015475859999809006,0.26703092840407683,0.24858960980818315,2.617316854580045,2.635197627197551,0.15219217562774176,0.5777777777777778,0.0,0.0,0.0,0.0,3.250439961751302e-05,0.0559185762663618,0.0029784188983603597,False,,,False,True,True
ML,crc,2A_numeric,RandomForest,holdout,results/20260424_multicancer_stad_protocol_rerun/step4_models/fs_a_stad_baseline/ml_step4_1/crc/2A_numeric/RandomForest/holdout,existing_result,,0.26898227034093114,0.2737910857468302,0.18330810047420426,2.600865348591067,1.9995216769521071,0.07494283770815058,-0.006807904905209161,0.0,0.262174365435722,0.26898227034093114,2.6261064591049035,2.600865348591067,0.17856972381135405,0.6333333333333333,289.0,214.0,1.0,1.0,-0.0155029296875,0.017380618339557723,0.7283501452982629,False,,,False,True,True
ML,crc,2A_numeric,RandomForest,groupcv,results/20260424_multicancer_stad_protocol_rerun/step4_models/fs_a_stad_baseline/ml_step4_1/crc/2A_numeric/RandomForest/groupcv,existing_result,,0.2609829990004376,0.2650182317842784,0.17810374934148557,2.6267592245429605,2.034679458553938,0.0639455544228329,0.006093068971774991,0.01245500589298036,0.26707606797221256,0.2609829990004376,2.6161908107917786,2.6267592245429605,0.16905862899746593,0.5888888888888889,0.0,12.333333333333334,0.0,0.15517815517815517,2.7020772298177082e-05,0.06192166331152112,0.0014386910202053083,False,,,False,True,True
ML,crc,2A_numeric,RandomForest,unseen_drug,results/20260424_multicancer_stad_protocol_rerun/step4_models/fs_a_stad_baseline/ml_step4_1/crc/2A_numeric/RandomForest/unseen_drug,existing_result,,0.2420882754986281,0.2573981387863766,0.16441182263961693,2.768791520351442,2.1409084089041523,0.05485940271454026,0.028818625817837062,0.0,0.27090690131646517,0.2420882754986281,2.5844389340576526,2.768791520351442,0.27755537125313634,0.5,0.0,10.0,0.0,0.20408163265306123,0.2846834659576416,0.05389594023834097,0.0003072319257805633,False,,,False,True,True
ML,crc,2A_numeric,RandomForest,cv,results/20260424_multicancer_stad_protocol_rerun/step4_models/fs_a_stad_baseline/ml_step4_1/crc/2A_numeric/RandomForest/cv,existing_result,,0.24060919063970318,0.24891302479836466,0.16406748793475293,2.638130303401525,2.039828132511539,0.060264953585712565,0.029268279775542666,0.01705729076914142,0.26987747041524585,0.24060919063970318,2.6158708454748347,2.638130303401525,0.050288623012061044,0.6,292.6666666666667,217.66666666666666,1.0,1.0,-1.430511474609375e-06,0.026184209789849422,0.21230344421985425,False,,,False,True,True
ML,crc,2A_numeric,ExtraTrees,scaffoldcv,results/20260424_multicancer_stad_protocol_rerun/step4_models/fs_a_stad_baseline/ml_step4_1/crc/2A_numeric/ExtraTrees/scaffoldcv,existing_result,,0.2491050070004542,0.2561800256310205,0.1702892293162874,2.634832256857622,2.051633859155444,0.05942479526173764,0.017812799415322284,0.015306273498412562,0.2669178064157765,0.2491050070004542,2.617208501177488,2.634832256857622,0.1873656480138083,0.5888888888888889,0.0,0.0,0.0,0.0,3.250439961751302e-05,0.0559185762663618,0.0029784188983603597,False,,,False,True,True
ML,crc,2A_numeric,ExtraTrees,holdout,results/20260424_multicancer_stad_protocol_rerun/step4_models/fs_a_stad_baseline/ml_step4_1/crc/2A_numeric/ExtraTrees/holdout,existing_result,,0.26953101197849266,0.2742527222460516,0.18369517348370476,2.600531880453242,1.9994445886568724,0.07518003361978887,-0.00731178149837769,0.0,0.262219230480115,0.26953101197849266,2.626034239169226,2.600531880453242,0.1564502215251623,0.6333333333333333,289.0,214.0,1.0,1.0,-0.0155029296875,0.017380618339557723,0.7283501452982629,False,,,False,True,True
ML,crc,2A_numeric,ExtraTrees,groupcv,results/20260424_multicancer_stad_protocol_rerun/step4_models/fs_a_stad_baseline/ml_step4_1/crc/2A_numeric/ExtraTrees/groupcv,existing_result,,0.2610561118250028,0.2649735265476916,0.17820565812944,2.626659508233569,2.0347535665912213,0.06401708365123604,0.00618580518348294,0.012422891808236762,0.26724191700848576,0.2610561118250028,2.616084305623326,2.626659508233569,0.19110683338262277,0.5444444444444444,0.0,12.333333333333334,0.0,0.15517815517815517,2.7020772298177082e-05,0.06192166331152112,0.0014386910202053083,False,,,False,True,True
ML,crc,2A_numeric,ExtraTrees,unseen_drug,results/20260424_multicancer_stad_protocol_rerun/step4_models/fs_a_stad_baseline/ml_step4_1/crc/2A_numeric/ExtraTrees/unseen_drug,existing_result,,0.24051325501672408,0.25749815408190163,0.1635811829719871,2.768210957566649,2.1406113105453914,0.05525571708185484,0.03045923262801506,0.0,0.27097248764473914,0.24051325501672408,2.5843397695726233,2.768210957566649,0.27292455838413004,0.4666666666666667,0.0,10.0,0.0,0.20408163265306123,0.2846834659576416,0.05389594023834097,0.0003072319257805633,False,,,False,True,True
ML,crc,2A_numeric,ExtraTrees,cv,results/20260424_multicancer_stad_protocol_rerun/step4_models/fs_a_stad_baseline/ml_step4_1/crc/2A_numeric/ExtraTrees/cv,existing_result,,0.24096379753005073,0.24948875674313128,0.1643521389423923,2.637550692734035,2.039180469886757,0.060677596095266684,0.028985909375696107,0.01680789054344231,0.2699497069057468,0.24096379753005073,2.6157467983260756,2.637550692734035,0.055330377575618934,0.5777777777777777,292.6666666666667,217.66666666666666,1.0,1.0,-1.430511474609375e-06,0.026184209789849422,0.21230344421985425,False,,,False,True,True
ML,crc,2A_numeric,LightGBM,scaffoldcv,results/20260424_multicancer_stad_protocol_rerun/step4_models/fs_a_stad_baseline/ml_step4_1/crc/2A_numeric/LightGBM/scaffoldcv,existing_result,,0.24909872660679558,0.2562191310246114,0.17043844492346763,2.6343596262259283,2.050312100090776,0.05977822237922933,0.01781955418200438,0.015365549422056316,0.2669182807888,0.24909872660679558,2.6174394631175617,2.6343596262259283,0.2485960933119471,0.6111111111111112,0.0,0.0,0.0,0.0,3.250439961751302e-05,0.0559185762663618,0.0029784188983603597,False,,,False,True,True
ML,crc,2A_numeric,LightGBM,holdout,results/20260424_multicancer_stad_protocol_rerun/step4_models/fs_a_stad_baseline/ml_step4_1/crc/2A_numeric/LightGBM/holdout,existing_result,,0.26948827266736364,0.2744821101938701,0.18367596192654478,2.600790606967673,1.999188367555866,0.07499600407497509,-0.007335909931519391,0.0,0.26215236273584425,0.26948827266736364,2.626263579408702,2.600790606967673,0.1564502215251623,0.6333333333333333,289.0,214.0,1.0,1.0,-0.0155029296875,0.017380618339557723,0.7283501452982629,False,,,False,True,True
ML,crc,2A_numeric,LightGBM,groupcv,results/20260424_multicancer_stad_protocol_rerun/step4_models/fs_a_stad_baseline/ml_step4_1/crc/2A_numeric/LightGBM/groupcv,existing_result,,0.2609715833647746,0.26500732072291283,0.1782086849024548,2.6263830605782537,2.0343316220839376,0.06423542659646635,0.006258335045974968,0.01256489857625,0.26722991841074956,0.2609715833647746,2.616329190625905,2.6263830605782537,0.1923356685303433,0.5333333333333333,0.0,12.333333333333334,0.0,0.15517815517815517,2.7020772298177082e-05,0.06192166331152112,0.0014386910202053083,False,,,False,True,True
ML,crc,2A_numeric,LightGBM,unseen_drug,results/20260424_multicancer_stad_protocol_rerun/step4_models/fs_a_stad_baseline/ml_step4_1/crc/2A_numeric/LightGBM/unseen_drug,existing_result,,0.24066484542961125,0.2576179819511084,0.16398308744129253,2.7681558565443813,2.1407766713495504,0.055293326829434775,0.03014684072824425,0.0,0.2708116861578555,0.24066484542961125,2.584576294349251,2.7681558565443813,0.27292455838413004,0.4666666666666667,0.0,10.0,0.0,0.20408163265306123,0.2846834659576416,0.05389594023834097,0.0003072319257805633,False,,,False,True,True
ML,crc,2A_numeric,LightGBM,cv,results/20260424_multicancer_stad_protocol_rerun/step4_models/fs_a_stad_baseline/ml_step4_1/crc/2A_numeric/LightGBM/cv,existing_result,,0.24106329957112257,0.24955744193791177,0.16454167879056,2.6367598436250734,2.0382373901504356,0.06123752823741524,0.028873727422078572,0.01690323055819926,0.2699370269932011,0.24106329957112257,2.6159926513515646,2.6367598436250734,0.11245389673142336,0.6444444444444444,292.6666666666667,217.66666666666666,1.0,1.0,-1.430511474609375e-06,0.026184209789849422,0.21230344421985425,False,,,False,True,True
ML,crc,2A_numeric,ElasticNet,scaffoldcv,results/20260424_multicancer_stad_protocol_rerun/step4_models/fs_a_stad_baseline/ml_step4_1/crc/2A_numeric/ElasticNet/scaffoldcv,existing_result,,0.25125474942875586,0.2562246421972911,0.17177551580777492,2.6348612849991535,2.0516106287638345,0.059410313765207924,0.01358620577969899,0.016270442533008786,0.26484095520845485,0.25125474942875586,2.619254581236753,2.6348612849991535,0.2309110762002091,0.5888888888888889,0.0,0.0,0.0,0.0,3.250439961751302e-05,0.0559185762663618,0.0029784188983603597,False,,,False,True,True
ML,crc,2A_numeric,ElasticNet,holdout,results/20260424_multicancer_stad_protocol_rerun/step4_models/fs_a_stad_baseline/ml_step4_1/crc/2A_numeric/ElasticNet/holdout,existing_result,,0.26998315738509276,0.2774490416049957,0.18436825043911398,2.598270475578691,1.9984387159347534,0.07678776979446411,-0.010468882384322475,0.0,0.2595142750007703,0.26998315738509276,2.6285367482130706,2.598270475578691,0.1653781496438958,0.6,289.0,214.0,1.0,1.0,-0.0155029296875,0.017380618339557723,0.7283501452982629,False,,,False,True,True
ML,crc,2A_numeric,ElasticNet,groupcv,results/20260424_multicancer_stad_protocol_rerun/step4_models/fs_a_stad_baseline/ml_step4_1/crc/2A_numeric/ElasticNet/groupcv,existing_result,,0.26150151332003385,0.2640550335248311,0.1785447374905659,2.627280873782223,2.0359724362691245,0.06359640757242839,0.003436259371869218,0.013908791066244505,0.26493777269190305,0.26150151332003385,2.6185255553150593,2.627280873782223,0.1327965335579538,0.5666666666666667,0.0,12.333333333333334,0.0,0.15517815517815517,2.7020772298177082e-05,0.06192166331152112,0.0014386910202053083,False,,,False,True,True
ML,crc,2A_numeric,ElasticNet,unseen_drug,results/20260424_multicancer_stad_protocol_rerun/step4_models/fs_a_stad_baseline/ml_step4_1/crc/2A_numeric/ElasticNet/unseen_drug,existing_result,,0.24311789334878917,0.2583293914794922,0.16504646867780604,2.767559517183387,2.1423213481903076,0.05570024251937866,0.02493603300501543,0.0,0.2680539263538046,0.24311789334878917,2.5869893588336437,2.767559517183387,0.40968243791765974,0.6666666666666666,0.0,10.0,0.0,0.20408163265306123,0.2846834659576416,0.05389594023834097,0.0003072319257805633,False,,,False,True,True
ML,crc,2A_numeric,ElasticNet,cv,results/20260424_multicancer_stad_protocol_rerun/step4_models/fs_a_stad_baseline/ml_step4_1/crc/2A_numeric/ElasticNet/cv,existing_result,,0.25037499906290334,0.2564281423886617,0.17079421900990044,2.6316710921311177,2.0347649256388345,0.06485005219777425,0.015201967817524373,0.01337170464491111,0.2655769668804277,0.25037499906290334,2.6194972800450262,2.6316710921311177,0.052914716666269235,0.6222222222222222,292.6666666666667,217.66666666666666,1.0,1.0,-1.430511474609375e-06,0.026184209789849422,0.21230344421985425,False,,,False,True,True
ML,crc,2A_numeric,CatBoost,scaffoldcv,results/20260424_multicancer_stad_protocol_rerun/step4_models/fs_a_stad_baseline/ml_step4_1/crc/2A_numeric/CatBoost/scaffoldcv,existing_result,,0.2505766948026458,0.25640730715810467,0.17116845539370007,2.633770770664897,2.047076514032827,0.06018185725791555,0.015893540100022936,0.016916809302818605,0.2664702349026688,0.2505766948026458,2.6188837435084094,2.633770770664897,0.1771944762862325,0.6,0.0,0.0,0.0,0.0,3.250439961751302e-05,0.0559185762663618,0.0029784188983603597,False,,,False,True,True
ML,crc,2A_numeric,CatBoost,holdout,results/20260424_multicancer_stad_protocol_rerun/step4_models/fs_a_stad_baseline/ml_step4_1/crc/2A_numeric/CatBoost/holdout,existing_result,,0.27078811472562,0.2767528546059123,0.18486499413463964,2.599767206811235,1.9981154929207674,0.0757238312059677,-0.009443438548464744,0.0,0.26134467617715523,0.27078811472562,2.627866757212963,2.599767206811235,0.16538897295116078,0.5666666666666667,289.0,214.0,1.0,1.0,-0.0155029296875,0.017380618339557723,0.7283501452982629,False,,,False,True,True
ML,crc,2A_numeric,CatBoost,groupcv,results/20260424_multicancer_stad_protocol_rerun/step4_models/fs_a_stad_baseline/ml_step4_1/crc/2A_numeric/CatBoost/groupcv,existing_result,,0.2612110671888333,0.2636343765029594,0.17831539301881064,2.6271202171132386,2.0349508071274207,0.06372867715308746,0.004744822478312473,0.0111141521157714,0.26595588966714584,0.2612110671888333,2.618237454899281,2.6271202171132386,0.16269051744471308,0.5555555555555555,0.0,12.333333333333334,0.0,0.15517815517815517,2.7020772298177082e-05,0.06192166331152112,0.0014386910202053083,False,,,False,True,True
ML,crc,2A_numeric,CatBoost,unseen_drug,results/20260424_multicancer_stad_protocol_rerun/step4_models/fs_a_stad_baseline/ml_step4_1/crc/2A_numeric/CatBoost/unseen_drug,existing_result,,0.24524514992907018,0.26011721666117366,0.1664989214674116,2.7664125888250557,2.142750425209667,0.05648282494022727,0.024818182245719717,0.0,0.2700633321747899,0.24524514992907018,2.5862239672033263,2.7664125888250557,0.32858753606653146,0.5666666666666667,0.0,10.0,0.0,0.20408163265306123,0.2846834659576416,0.05389594023834097,0.0003072319257805633,False,,,False,True,True
ML,crc,2A_numeric,CatBoost,cv,results/20260424_multicancer_stad_protocol_rerun/step4_models/fs_a_stad_baseline/ml_step4_1/crc/2A_numeric/CatBoost/cv,existing_result,,0.24727768024670396,0.2535664534551293,0.16871011983612672,2.6335779632005907,2.035528816274851,0.0634930496514472,0.020822425012451257,0.015784260780837882,0.26810010525915523,0.24727768024670396,2.6183778746528117,2.6335779632005907,0.12766002052169836,0.6555555555555556,292.6666666666667,217.66666666666666,1.0,1.0,-1.430511474609375e-06,0.026184209789849422,0.21230344421985425,False,,,False,True,True
ML,crc,2C_numeric_smiles_context,XGBoost,scaffoldcv,results/20260424_multicancer_stad_protocol_rerun/step4_models/fs_a_stad_baseline/ml_step4_1/crc/2C_numeric_smiles_context/XGBoost/scaffoldcv,existing_result,,0.35250258041889443,0.3437962085008621,0.24204664532739675,2.592374274918815,2.0367678801218667,0.0770951509475708,0.4820237455034146,0.1299019339475668,0.834526325922309,0.35250258041889443,1.3142571636536151,2.592374274918815,0.2420445533460063,0.6666666666666666,0.0,0.0,0.0,0.0,3.250439961751302e-05,0.0559185762663618,0.0029784188983603597,False,,,False,True,True
ML,crc,2C_numeric_smiles_context,XGBoost,holdout,results/20260424_multicancer_stad_protocol_rerun/step4_models/fs_a_stad_baseline/ml_step4_1/crc/2C_numeric_smiles_context/XGBoost/holdout,existing_result,,0.7616799074268904,0.8415125608444214,0.5798055957189079,1.5401649205963295,1.204304814338684,0.6756101250648499,0.06414049144568457,0.0,0.825820398872575,0.7616799074268904,1.4085106375024796,1.5401649205963295,0.9455317163391479,1.0,289.0,214.0,1.0,1.0,-0.0155029296875,0.017380618339557723,0.7283501452982629,False,,,False,True,True
ML,crc,2C_numeric_smiles_context,XGBoost,groupcv,results/20260424_multicancer_stad_protocol_rerun/step4_models/fs_a_stad_baseline/ml_step4_1/crc/2C_numeric_smiles_context/XGBoost/groupcv,existing_result,,0.4848832767895926,0.5364001194636027,0.33851323241521974,2.298463671447403,1.7776745160420735,0.28409938017527264,0.35416348840235523,0.05511994230046126,0.8390467651919479,0.4848832767895926,1.321293886520949,2.298463671447403,0.36999747968766306,0.7777777777777778,0.0,12.333333333333334,0.0,0.15517815517815517,2.7020772298177082e-05,0.06192166331152112,0.0014386910202053083,False,,,False,True,True
ML,crc,2C_numeric_smiles_context,XGBoost,unseen_drug,results/20260424_multicancer_stad_protocol_rerun/step4_models/fs_a_stad_baseline/ml_step4_1/crc/2C_numeric_smiles_context/XGBoost/unseen_drug,existing_result,,0.4076524973682582,0.513481855392456,0.2886936249027131,2.4631585649256924,1.8682252168655396,0.2520015835762024,0.42304800380934465,0.0,0.8307005011776029,0.4076524973682582,1.3074172011611866,2.4631585649256924,0.30363424668670713,0.36666666666666664,0.0,10.0,0.0,0.20408163265306123,0.2846834659576416,0.05389594023834097,0.0003072319257805633,False,,,False,True,True
ML,crc,2C_numeric_smiles_context,XGBoost,cv,results/20260424_multicancer_stad_protocol_rerun/step4_models/fs_a_stad_baseline/ml_step4_1/crc/2C_numeric_smiles_context/XGBoost/cv,existing_result,,0.7823456986441194,0.8449724316596985,0.5990866895387078,1.540737616886365,1.200209617614746,0.6794552206993103,0.045220128539135374,0.008521617830375411,0.8275658271832548,0.7823456986441194,1.3875113423312975,1.540737616886365,0.8453217591369796,1.0,292.6666666666667,217.66666666666666,1.0,1.0,-1.430511474609375e-06,0.026184209789849422,0.21230344421985425,False,,,False,True,True
ML,crc,2C_numeric_smiles_context,RandomForest,scaffoldcv,results/20260424_multicancer_stad_protocol_rerun/step4_models/fs_a_stad_baseline/ml_step4_1/crc/2C_numeric_smiles_context/RandomForest/scaffoldcv,existing_result,,0.398402738146621,0.38620405916290007,0.27462017348807205,2.5614567923880283,1.9703490867435953,0.10712095658418881,0.5318579355386585,0.06121107149729326,0.9302606736852795,0.398402738146621,0.8161681678109023,2.5614567923880283,0.1893143229279308,0.611111111111111,0.0,0.0,0.0,0.0,3.250439961751302e-05,0.0559185762663618,0.0029784188983603597,False,,,False,True,True
ML,crc,2C_numeric_smiles_context,RandomForest,holdout,results/20260424_multicancer_stad_protocol_rerun/step4_models/fs_a_stad_baseline/ml_step4_1/crc/2C_numeric_smiles_context/RandomForest/holdout,existing_result,,0.7941624358139502,0.8601190827772379,0.6172625308130084,1.3803003603540736,1.0181170559469177,0.7394566243773384,0.14097847400614483,0.0,0.935140909820095,0.7941624358139502,0.8436978329968503,1.3803003603540736,0.9381993356164686,0.9666666666666667,289.0,214.0,1.0,1.0,-0.0155029296875,0.017380618339557723,0.7283501452982629,False,,,False,True,True
ML,crc,2C_numeric_smiles_context,RandomForest,groupcv,results/20260424_multicancer_stad_protocol_rerun/step4_models/fs_a_stad_baseline/ml_step4_1/crc/2C_numeric_smiles_context/RandomForest/groupcv,existing_result,,0.48235898326621357,0.5132872851105771,0.3375459678176178,2.3737646103990078,1.8290614027419136,0.2374266602863128,0.4519628608504474,0.035371293040482,0.9343218441166611,0.48235898326621357,0.832935750834111,2.3737646103990078,0.341423013945588,0.7666666666666667,0.0,12.333333333333334,0.0,0.15517815517815517,2.7020772298177082e-05,0.06192166331152112,0.0014386910202053083,False,,,False,True,True
ML,crc,2C_numeric_smiles_context,RandomForest,unseen_drug,results/20260424_multicancer_stad_protocol_rerun/step4_models/fs_a_stad_baseline/ml_step4_1/crc/2C_numeric_smiles_context/RandomForest/unseen_drug,existing_result,,0.37499593141296145,0.4992366569548132,0.26380776433893977,2.5741479854464657,1.9310523761640574,0.18307360831230013,0.5595248793424055,0.0,0.934520810755367,0.37499593141296145,0.7646247568514145,2.5741479854464657,0.39901845152470566,0.5333333333333333,0.0,10.0,0.0,0.20408163265306123,0.2846834659576416,0.05389594023834097,0.0003072319257805633,False,,,False,True,True
ML,crc,2C_numeric_smiles_context,RandomForest,cv,results/20260424_multicancer_stad_protocol_rerun/step4_models/fs_a_stad_baseline/ml_step4_1/crc/2C_numeric_smiles_context/RandomForest/cv,existing_result,,0.8041728753439346,0.8618371825633343,0.627073065286787,1.382555865824853,1.0196654273691865,0.741858768062337,0.13050219553930764,0.007508253136701567,0.9346750708832422,0.8041728753439346,0.840278021341203,1.382555865824853,0.7974523896155444,1.0,292.6666666666667,217.66666666666666,1.0,1.0,-1.430511474609375e-06,0.026184209789849422,0.21230344421985425,False,,,False,True,True
ML,crc,2C_numeric_smiles_context,ExtraTrees,scaffoldcv,results/20260424_multicancer_stad_protocol_rerun/step4_models/fs_a_stad_baseline/ml_step4_1/crc/2C_numeric_smiles_context/ExtraTrees/scaffoldcv,existing_result,,0.3527314862393996,0.3414408909384325,0.24367560123007606,2.6484982987645194,2.0186399155898513,0.04758938589720766,0.5914079244443645,0.06899072625412019,0.9441394106837642,0.3527314862393996,0.6952046601508487,2.6484982987645194,0.18953311263213055,0.7333333333333333,0.0,0.0,0.0,0.0,3.250439961751302e-05,0.0559185762663618,0.0029784188983603597,False,,,False,True,True
ML,crc,2C_numeric_smiles_context,ExtraTrees,holdout,results/20260424_multicancer_stad_protocol_rerun/step4_models/fs_a_stad_baseline/ml_step4_1/crc/2C_numeric_smiles_context/ExtraTrees/holdout,existing_result,,0.7886346960872757,0.8527779302608317,0.6109345361067818,1.413886800593795,1.036177479314046,0.7266229119988455,0.1606921707164617,0.0,0.9493268668037373,0.7886346960872757,0.738290267842056,1.413886800593795,0.9396650424911422,0.9666666666666667,289.0,214.0,1.0,1.0,-0.0155029296875,0.017380618339557723,0.7283501452982629,False,,,False,True,True
ML,crc,2C_numeric_smiles_context,ExtraTrees,groupcv,results/20260424_multicancer_stad_protocol_rerun/step4_models/fs_a_stad_baseline/ml_step4_1/crc/2C_numeric_smiles_context/ExtraTrees/groupcv,existing_result,,0.42938257140226543,0.484385881266236,0.29757848653837776,2.430491809635905,1.8642652691943242,0.1994755397292658,0.519128129220395,0.03623712050546523,0.9485107006226604,0.42938257140226543,0.7216831236017845,2.430491809635905,0.35486174700895073,0.7222222222222223,0.0,12.333333333333334,0.0,0.15517815517815517,2.7020772298177082e-05,0.06192166331152112,0.0014386910202053083,False,,,False,True,True
ML,crc,2C_numeric_smiles_context,ExtraTrees,unseen_drug,results/20260424_multicancer_stad_protocol_rerun/step4_models/fs_a_stad_baseline/ml_step4_1/crc/2C_numeric_smiles_context/ExtraTrees/unseen_drug,existing_result,,0.3976376711847081,0.4880141630352833,0.28231596690107397,2.6235881216882553,1.9434573815281997,0.15139181248721012,0.5508966806548778,0.0,0.9485343518395859,0.3976376711847081,0.6579201585110428,2.6235881216882553,0.4341183918382403,0.6,0.0,10.0,0.0,0.20408163265306123,0.2846834659576416,0.05389594023834097,0.0003072319257805633,False,,,False,True,True
ML,crc,2C_numeric_smiles_context,ExtraTrees,cv,results/20260424_multicancer_stad_protocol_rerun/step4_models/fs_a_stad_baseline/ml_step4_1/crc/2C_numeric_smiles_context/ExtraTrees/cv,existing_result,,0.7965992622123652,0.8531121153714804,0.6210043344077624,1.4219140837030144,1.0334091985852805,0.7269633842422198,0.1525678970142141,0.006000374619121513,0.9491671592265792,0.7965992622123652,0.7274941788095242,1.4219140837030144,0.7412732971159949,1.0,292.6666666666667,217.66666666666666,1.0,1.0,-1.430511474609375e-06,0.026184209789849422,0.21230344421985425,False,,,False,True,True
ML,crc,2C_numeric_smiles_context,LightGBM,scaffoldcv,results/20260424_multicancer_stad_protocol_rerun/step4_models/fs_a_stad_baseline/ml_step4_1/crc/2C_numeric_smiles_context/LightGBM/scaffoldcv,existing_result,,0.3877097148323269,0.38066237240666984,0.26638118545386225,2.734442032328554,2.125298184877092,-0.05063774267068847,0.4439227105320032,0.10170489863552587,0.83163242536433,0.3877097148323269,1.3078765431092985,2.734442032328554,0.16119112399736688,0.7222222222222223,0.0,0.0,0.0,0.0,3.250439961751302e-05,0.0559185762663618,0.0029784188983603597,False,,,False,True,True
ML,crc,2C_numeric_smiles_context,LightGBM,holdout,results/20260424_multicancer_stad_protocol_rerun/step4_models/fs_a_stad_baseline/ml_step4_1/crc/2C_numeric_smiles_context/LightGBM/holdout,existing_result,,0.7738162420586815,0.8486523275740128,0.5911856163511027,1.4821706048877,1.148873378922193,0.6995797351647939,0.05151986141022513,0.0,0.8253361034689066,0.7738162420586815,1.3835596347746506,1.4821706048877,0.9512803724371084,1.0,289.0,214.0,1.0,1.0,-0.0155029296875,0.017380618339557723,0.7283501452982629,False,,,False,True,True
ML,crc,2C_numeric_smiles_context,LightGBM,groupcv,results/20260424_multicancer_stad_protocol_rerun/step4_models/fs_a_stad_baseline/ml_step4_1/crc/2C_numeric_smiles_context/LightGBM/groupcv,existing_result,,0.4942195427508471,0.5256963118708761,0.34666892026322066,2.3311169547131727,1.7943250256357672,0.2644616821000389,0.34195929078906145,0.0374910629903777,0.8361788335399085,0.4942195427508471,1.3085682546048363,2.3311169547131727,0.46842042373275766,0.811111111111111,0.0,12.333333333333334,0.0,0.15517815517815517,2.7020772298177082e-05,0.06192166331152112,0.0014386910202053083,False,,,False,True,True
ML,crc,2C_numeric_smiles_context,LightGBM,unseen_drug,results/20260424_multicancer_stad_protocol_rerun/step4_models/fs_a_stad_baseline/ml_step4_1/crc/2C_numeric_smiles_context/LightGBM/unseen_drug,existing_result,,0.40554681838767187,0.5238800193803621,0.2837870591367127,2.4455409713256873,1.8689874391315497,0.2626634000055065,0.42122216987064626,0.0,0.8267689882583181,0.40554681838767187,1.296567649456288,2.4455409713256873,0.3802573070007384,0.5333333333333333,0.0,10.0,0.0,0.20408163265306123,0.2846834659576416,0.05389594023834097,0.0003072319257805633,False,,,False,True,True
ML,crc,2C_numeric_smiles_context,LightGBM,cv,results/20260424_multicancer_stad_protocol_rerun/step4_models/fs_a_stad_baseline/ml_step4_1/crc/2C_numeric_smiles_context/LightGBM/cv,existing_result,,0.7927510266122058,0.8530895603537774,0.6098688742135889,1.4802700751707747,1.141820357818444,0.7041244626489843,0.03017094404552208,0.008933332253727009,0.8229219706577279,0.7927510266122058,1.3785292713362542,1.4802700751707747,0.8487105245995511,1.0,292.6666666666667,217.66666666666666,1.0,1.0,-1.430511474609375e-06,0.026184209789849422,0.21230344421985425,False,,,False,True,True
ML,crc,2C_numeric_smiles_context,CatBoost,scaffoldcv,results/20260424_multicancer_stad_protocol_rerun/step4_models/fs_a_stad_baseline/ml_step4_1/crc/2C_numeric_smiles_context/CatBoost/scaffoldcv,existing_result,,0.4025188980198406,0.40945865075805893,0.2785901461387045,2.5761771853962663,1.985208512634382,0.0864732153997982,0.3789605564513055,0.09155087956600753,0.7814794544711461,0.4025188980198406,1.550256987761321,2.5761771853962663,0.23208251944496625,0.7444444444444445,0.0,0.0,0.0,0.0,3.250439961751302e-05,0.0559185762663618,0.0029784188983603597,False,,,False,True,True
ML,crc,2C_numeric_smiles_context,CatBoost,holdout,results/20260424_multicancer_stad_protocol_rerun/step4_models/fs_a_stad_baseline/ml_step4_1/crc/2C_numeric_smiles_context/CatBoost/holdout,existing_result,,0.7308017598677631,0.813787469885738,0.5486578083716483,1.6794703236025683,1.327848138725546,0.614275254368679,0.04400578292543422,0.0,0.7748075427931973,0.7308017598677631,1.643981619307738,1.6794703236025683,0.9568187448471946,1.0,289.0,214.0,1.0,1.0,-0.0155029296875,0.017380618339557723,0.7283501452982629,False,,,False,True,True
ML,crc,2C_numeric_smiles_context,CatBoost,groupcv,results/20260424_multicancer_stad_protocol_rerun/step4_models/fs_a_stad_baseline/ml_step4_1/crc/2C_numeric_smiles_context/CatBoost/groupcv,existing_result,,0.4667617535318332,0.5330860808510144,0.3257635793657545,2.321894244169917,1.7990610803565605,0.2678333175926126,0.32035398716332963,0.056572399716650436,0.7871157406951627,0.4667617535318332,1.5614098829497778,2.321894244169917,0.31914462697127083,0.7888888888888889,0.0,12.333333333333334,0.0,0.15517815517815517,2.7020772298177082e-05,0.06192166331152112,0.0014386910202053083,False,,,False,True,True
ML,crc,2C_numeric_smiles_context,CatBoost,unseen_drug,results/20260424_multicancer_stad_protocol_rerun/step4_models/fs_a_stad_baseline/ml_step4_1/crc/2C_numeric_smiles_context/CatBoost/unseen_drug,existing_result,,0.3815656580581354,0.5093812047046383,0.2719085631751289,2.4552570669995486,1.8500704603233271,0.25679290809515987,0.3922074023677255,0.0,0.7737730604258609,0.3815656580581354,1.5561548744167362,2.4552570669995486,0.4364339768409346,0.6666666666666666,0.0,10.0,0.0,0.20408163265306123,0.2846834659576416,0.05389594023834097,0.0003072319257805633,False,,,False,True,True
ML,crc,2C_numeric_smiles_context,CatBoost,cv,results/20260424_multicancer_stad_protocol_rerun/step4_models/fs_a_stad_baseline/ml_step4_1/crc/2C_numeric_smiles_context/CatBoost/cv,existing_result,,0.7498333240112696,0.8134046950242076,0.5650707694191931,1.7145916644493442,1.3542326951715784,0.6030441877493679,0.015690920074278414,0.009328602097778334,0.765524244085548,0.7498333240112696,1.6649906842938993,1.7145916644493442,0.8047027297899337,1.0,292.6666666666667,217.66666666666666,1.0,1.0,-1.430511474609375e-06,0.026184209789849422,0.21230344421985425,False,,,False,True,True
ML,crc,2B_numeric_smiles,XGBoost,scaffoldcv,results/20260424_multicancer_stad_protocol_rerun/step4_models/fs_a_stad_baseline/ml_step4_1/crc/2B_numeric_smiles/XGBoost/scaffoldcv,existing_result,,0.3558814868383755,0.3673057903846105,0.24485473047104245,2.5464602557250853,2.0025211572647095,0.10998855034510295,0.46368281180369264,0.12271254565970878,0.8195642986420681,0.3558814868383755,1.3594849257452342,2.5464602557250853,0.3097711807604447,0.7222222222222222,0.0,0.0,0.0,0.0,3.250439961751302e-05,0.0559185762663618,0.0029784188983603597,False,,,False,True,True
ML,crc,2B_numeric_smiles,XGBoost,holdout,results/20260424_multicancer_stad_protocol_rerun/step4_models/fs_a_stad_baseline/ml_step4_1/crc/2B_numeric_smiles/XGBoost/holdout,existing_result,,0.7465620158295244,0.8356264233589172,0.5662221780398796,1.5580372211138278,1.2195218801498413,0.6680378913879395,0.06739535878602265,0.0,0.8139573746155471,0.7465620158295244,1.4348485792332788,1.5580372211138278,0.9476638136136117,0.9666666666666667,289.0,214.0,1.0,1.0,-0.0155029296875,0.017380618339557723,0.7283501452982629,False,,,False,True,True
ML,crc,2B_numeric_smiles,XGBoost,groupcv,results/20260424_multicancer_stad_protocol_rerun/step4_models/fs_a_stad_baseline/ml_step4_1/crc/2B_numeric_smiles/XGBoost/groupcv,existing_result,,0.45601435035455623,0.5156382222970327,0.3171494164230127,2.3331313016174966,1.8181602557500203,0.2619779109954834,0.3642681591808434,0.06425529885000626,0.8202825095353997,0.45601435035455623,1.3761086472559807,2.3331313016174966,0.35043672536190124,0.7333333333333333,0.0,12.333333333333334,0.0,0.15517815517815517,2.7020772298177082e-05,0.06192166331152112,0.0014386910202053083,False,,,False,True,True
ML,crc,2B_numeric_smiles,XGBoost,unseen_drug,results/20260424_multicancer_stad_protocol_rerun/step4_models/fs_a_stad_baseline/ml_step4_1/crc/2B_numeric_smiles/XGBoost/unseen_drug,existing_result,,0.39774788952581913,0.5125903487205505,0.2788275769734891,2.4676130549881496,1.8880735635757446,0.24929368495941162,0.41372206066678024,0.0,0.8114699501925994,0.39774788952581913,1.368760169004525,2.4676130549881496,0.3243484396634113,0.4,0.0,10.0,0.0,0.20408163265306123,0.2846834659576416,0.05389594023834097,0.0003072319257805633,False,,,False,True,True
ML,crc,2B_numeric_smiles,XGBoost,cv,results/20260424_multicancer_stad_protocol_rerun/step4_models/fs_a_stad_baseline/ml_step4_1/crc/2B_numeric_smiles/XGBoost/cv,existing_result,,0.7677184186725597,0.8375901381174723,0.5846605136090992,1.567247889273658,1.2212239901224773,0.6683380007743835,0.04296439596059968,0.013593045409956227,0.8106828146331594,0.7677184186725597,1.430793394000063,1.567247889273658,0.8765084734050327,1.0,292.6666666666667,217.66666666666666,1.0,1.0,-1.430511474609375e-06,0.026184209789849422,0.21230344421985425,False,,,False,True,True
ML,crc,2B_numeric_smiles,RandomForest,scaffoldcv,results/20260424_multicancer_stad_protocol_rerun/step4_models/fs_a_stad_baseline/ml_step4_1/crc/2B_numeric_smiles/RandomForest/scaffoldcv,existing_result,,0.376180423622304,0.371947261556732,0.2587266395721999,2.5647122750908093,1.983497317078171,0.1026875962562324,0.5189761271858381,0.06964688158120722,0.8951565508081419,0.376180423622304,0.9466889610113715,2.5647122750908093,0.16325060052863247,0.7000000000000001,0.0,0.0,0.0,0.0,3.250439961751302e-05,0.0559185762663618,0.0029784188983603597,False,,,False,True,True
ML,crc,2B_numeric_smiles,RandomForest,holdout,results/20260424_multicancer_stad_protocol_rerun/step4_models/fs_a_stad_baseline/ml_step4_1/crc/2B_numeric_smiles/RandomForest/holdout,existing_result,,0.7792503296139411,0.8509364183062014,0.6012778958949551,1.420736390418495,1.0443647544629884,0.723967739543218,0.12389301323980284,0.0,0.903143342853744,0.7792503296139411,0.9917261222000557,1.420736390418495,0.9445212047895858,0.9333333333333333,289.0,214.0,1.0,1.0,-0.0155029296875,0.017380618339557723,0.7283501452982629,False,,,False,True,True
ML,crc,2B_numeric_smiles,RandomForest,groupcv,results/20260424_multicancer_stad_protocol_rerun/step4_models/fs_a_stad_baseline/ml_step4_1/crc/2B_numeric_smiles/RandomForest/groupcv,existing_result,,0.45657374554642854,0.49427386150738567,0.3179629132258071,2.40294714177768,1.8671803578092525,0.2184448505819162,0.4447828630132449,0.044307293379967035,0.9013566085596735,0.45657374554642854,0.9876413465499033,2.40294714177768,0.36522247913343203,0.8222222222222223,0.0,12.333333333333334,0.0,0.15517815517815517,2.7020772298177082e-05,0.06192166331152112,0.0014386910202053083,False,,,False,True,True
ML,crc,2B_numeric_smiles,RandomForest,unseen_drug,results/20260424_multicancer_stad_protocol_rerun/step4_models/fs_a_stad_baseline/ml_step4_1/crc/2B_numeric_smiles/RandomForest/unseen_drug,existing_result,,0.3808411876572739,0.50969834871895,0.2652089216282306,2.532722581685965,1.928646485869094,0.20915540508388608,0.5233396951984416,0.0,0.9041808828557155,0.3808411876572739,0.9309081503686154,2.532722581685965,0.399554103549063,0.5333333333333333,0.0,10.0,0.0,0.20408163265306123,0.2846834659576416,0.05389594023834097,0.0003072319257805633,False,,,False,True,True
ML,crc,2B_numeric_smiles,RandomForest,cv,results/20260424_multicancer_stad_protocol_rerun/step4_models/fs_a_stad_baseline/ml_step4_1/crc/2B_numeric_smiles/RandomForest/cv,existing_result,,0.7933208320614714,0.8551703467042063,0.6142216786326159,1.4125770632653218,1.0443388210910785,0.7304515587919803,0.10857783057644128,0.01037665785247079,0.9018986626379127,0.7933208320614714,0.9924561107106342,1.4125770632653218,0.7772765002836457,1.0,292.6666666666667,217.66666666666666,1.0,1.0,-1.430511474609375e-06,0.026184209789849422,0.21230344421985425,False,,,False,True,True
ML,crc,2B_numeric_smiles,ExtraTrees,scaffoldcv,results/20260424_multicancer_stad_protocol_rerun/step4_models/fs_a_stad_baseline/ml_step4_1/crc/2B_numeric_smiles/ExtraTrees/scaffoldcv,existing_result,,0.3298184942193066,0.3096684337417453,0.22737377401902262,2.724959350041955,2.078810106034119,-0.006900428989361718,0.5767456637672109,0.05929369954610099,0.9065641579865176,0.3298184942193066,0.8456287508107844,2.724959350041955,0.17445293821195293,0.6555555555555556,0.0,0.0,0.0,0.0,3.250439961751302e-05,0.0559185762663618,0.0029784188983603597,False,,,False,True,True
ML,crc,2B_numeric_smiles,ExtraTrees,holdout,results/20260424_multicancer_stad_protocol_rerun/step4_models/fs_a_stad_baseline/ml_step4_1/crc/2B_numeric_smiles/ExtraTrees/holdout,existing_result,,0.7806906204541463,0.8465445331201779,0.6004876768347659,1.439977739917918,1.0579166765880426,0.7164403771979821,0.1343385159556506,0.0,0.9150291364097969,0.7806906204541463,0.9189670678561708,1.439977739917918,0.93774775136516,0.9666666666666667,289.0,214.0,1.0,1.0,-0.0155029296875,0.017380618339557723,0.7283501452982629,False,,,False,True,True
ML,crc,2B_numeric_smiles,ExtraTrees,groupcv,results/20260424_multicancer_stad_protocol_rerun/step4_models/fs_a_stad_baseline/ml_step4_1/crc/2B_numeric_smiles/ExtraTrees/groupcv,existing_result,,0.3966529483857068,0.4537787225332308,0.27477706242348554,2.4793178316973727,1.9117707369382602,0.1665729905987635,0.5168803636780468,0.06789807606272594,0.9135333120637535,0.3966529483857068,0.9137073849644168,2.4793178316973727,0.38332441175283183,0.7555555555555555,0.0,12.333333333333334,0.0,0.15517815517815517,2.7020772298177082e-05,0.06192166331152112,0.0014386910202053083,False,,,False,True,True
ML,crc,2B_numeric_smiles,ExtraTrees,unseen_drug,results/20260424_multicancer_stad_protocol_rerun/step4_models/fs_a_stad_baseline/ml_step4_1/crc/2B_numeric_smiles/ExtraTrees/unseen_drug,existing_result,,0.37588249700838405,0.4779245049119374,0.26696635556765785,2.638070016851727,1.979628859899155,0.14199752313912772,0.5407463892359277,0.0,0.9166288862443117,0.37588249700838405,0.8547302947005251,2.638070016851727,0.44059191713248963,0.6333333333333333,0.0,10.0,0.0,0.20408163265306123,0.2846834659576416,0.05389594023834097,0.0003072319257805633,False,,,False,True,True
ML,crc,2B_numeric_smiles,ExtraTrees,cv,results/20260424_multicancer_stad_protocol_rerun/step4_models/fs_a_stad_baseline/ml_step4_1/crc/2B_numeric_smiles/ExtraTrees/cv,existing_result,,0.7926945691060935,0.8515536606394726,0.6133088913770974,1.427446832859807,1.0494792911599287,0.7247895314216856,0.12160704134406042,0.007557178041109674,0.914301610450154,0.7926945691060935,0.9149219874724749,1.427446832859807,0.739032725439518,1.0,292.6666666666667,217.66666666666666,1.0,1.0,-1.430511474609375e-06,0.026184209789849422,0.21230344421985425,False,,,False,True,True
ML,crc,2B_numeric_smiles,LightGBM,scaffoldcv,results/20260424_multicancer_stad_protocol_rerun/step4_models/fs_a_stad_baseline/ml_step4_1/crc/2B_numeric_smiles/LightGBM/scaffoldcv,existing_result,,0.3212804977416102,0.333572193771099,0.21876211256888178,2.8085584551191496,2.190693982066431,-0.10369214477435078,0.49364918064369734,0.06726351684183977,0.8149296783853076,0.3212804977416102,1.3539540301604187,2.8085584551191496,0.11963277718019703,0.5555555555555555,0.0,0.0,0.0,0.0,3.250439961751302e-05,0.0559185762663618,0.0029784188983603597,False,,,False,True,True
ML,crc,2B_numeric_smiles,LightGBM,holdout,results/20260424_multicancer_stad_protocol_rerun/step4_models/fs_a_stad_baseline/ml_step4_1/crc/2B_numeric_smiles/LightGBM/holdout,existing_result,,0.7529307913252307,0.8369711072597116,0.5724653994463055,1.5247930807273626,1.1769130083081478,0.6820530538752578,0.05424646773302799,0.0,0.8071772590582587,0.7529307913252307,1.429957234946931,1.5247930807273626,0.9502735007768353,0.9666666666666667,289.0,214.0,1.0,1.0,-0.0155029296875,0.017380618339557723,0.7283501452982629,False,,,False,True,True
ML,crc,2B_numeric_smiles,LightGBM,groupcv,results/20260424_multicancer_stad_protocol_rerun/step4_models/fs_a_stad_baseline/ml_step4_1/crc/2B_numeric_smiles/LightGBM/groupcv,existing_result,,0.46666623038320515,0.5174416551567765,0.32634918847321553,2.345484007964371,1.8162470890159825,0.25509845213395205,0.35118825714557306,0.03479946002958138,0.8178544875287782,0.46666623038320515,1.3605505055710487,2.345484007964371,0.47423729442337154,0.8222222222222223,0.0,12.333333333333334,0.0,0.15517815517815517,2.7020772298177082e-05,0.06192166331152112,0.0014386910202053083,False,,,False,True,True
ML,crc,2B_numeric_smiles,LightGBM,unseen_drug,results/20260424_multicancer_stad_protocol_rerun/step4_models/fs_a_stad_baseline/ml_step4_1/crc/2B_numeric_smiles/LightGBM/unseen_drug,existing_result,,0.37413663908412786,0.5156290905091803,0.25912861355957056,2.4665947035716735,1.9126065709914777,0.24991324822420158,0.4355055104134402,0.0,0.8096421494975681,0.37413663908412786,1.3496605247386195,2.4665947035716735,0.44219777109800806,0.6333333333333333,0.0,10.0,0.0,0.20408163265306123,0.2846834659576416,0.05389594023834097,0.0003072319257805633,False,,,False,True,True
ML,crc,2B_numeric_smiles,LightGBM,cv,results/20260424_multicancer_stad_protocol_rerun/step4_models/fs_a_stad_baseline/ml_step4_1/crc/2B_numeric_smiles/LightGBM/cv,existing_result,,0.7805667015563196,0.8464226320469465,0.5981069245239806,1.5027656916681276,1.1557063600215696,0.6950354532983551,0.028278406062704115,0.011269561331977491,0.8088451076190237,0.7805667015563196,1.4139762413624766,1.5027656916681276,0.8727799168062238,1.0,292.6666666666667,217.66666666666666,1.0,1.0,-1.430511474609375e-06,0.026184209789849422,0.21230344421985425,False,,,False,True,True
ML,crc,2B_numeric_smiles,CatBoost,scaffoldcv,results/20260424_multicancer_stad_protocol_rerun/step4_models/fs_a_stad_baseline/ml_step4_1/crc/2B_numeric_smiles/CatBoost/scaffoldcv,existing_result,,0.3723459802759286,0.3878176799333999,0.25746986372157665,2.5836471409134556,1.9876305657434294,0.08452361331748681,0.39489263251724105,0.07923719956640897,0.7672386127931695,0.3723459802759286,1.578217063970721,2.5836471409134556,0.1969662232890753,0.7000000000000001,0.0,0.0,0.0,0.0,3.250439961751302e-05,0.0559185762663618,0.0029784188983603597,False,,,False,True,True
ML,crc,2B_numeric_smiles,CatBoost,holdout,results/20260424_multicancer_stad_protocol_rerun/step4_models/fs_a_stad_baseline/ml_step4_1/crc/2B_numeric_smiles/CatBoost/holdout,existing_result,,0.7110935429790715,0.8040357571871227,0.5312561802771993,1.7139699892892801,1.3558262271541162,0.5982653796189642,0.04948890551192553,0.0,0.760582448490997,0.7110935429790715,1.67041956436431,1.7139699892892801,0.9384697934415388,0.9333333333333333,289.0,214.0,1.0,1.0,-0.0155029296875,0.017380618339557723,0.7283501452982629,False,,,False,True,True
ML,crc,2B_numeric_smiles,CatBoost,groupcv,results/20260424_multicancer_stad_protocol_rerun/step4_models/fs_a_stad_baseline/ml_step4_1/crc/2B_numeric_smiles/CatBoost/groupcv,existing_result,,0.434264087258341,0.5160792460229481,0.3023196154586217,2.3408072608576056,1.819955873031013,0.25649318998568754,0.3357935596611328,0.06716954495466165,0.7700576469194736,0.434264087258341,1.593902344667297,2.3408072608576056,0.28929189933169225,0.7222222222222223,0.0,12.333333333333334,0.0,0.15517815517815517,2.7020772298177082e-05,0.06192166331152112,0.0014386910202053083,False,,,False,True,True
ML,crc,2B_numeric_smiles,CatBoost,unseen_drug,results/20260424_multicancer_stad_protocol_rerun/step4_models/fs_a_stad_baseline/ml_step4_1/crc/2B_numeric_smiles/CatBoost/unseen_drug,existing_result,,0.3084109021084216,0.45997871981217625,0.21852245778603824,2.544065917647567,1.9198939083258646,0.2020556106960456,0.4513729990087453,0.0,0.7597839011171669,0.3084109021084216,1.5807675149847884,2.544065917647567,0.37873389045381584,0.5666666666666667,0.0,10.0,0.0,0.20408163265306123,0.2846834659576416,0.05389594023834097,0.0003072319257805633,False,,,False,True,True
ML,crc,2B_numeric_smiles,CatBoost,cv,results/20260424_multicancer_stad_protocol_rerun/step4_models/fs_a_stad_baseline/ml_step4_1/crc/2B_numeric_smiles/CatBoost/cv,existing_result,,0.7346597137823226,0.8035688271254506,0.5515062750722602,1.738893370140893,1.3743368908528637,0.5916723369098259,0.016159383467928595,0.01233546592052365,0.7508190972502513,0.7346597137823226,1.6890215910204178,1.738893370140893,0.700862067617006,1.0,292.6666666666667,217.66666666666666,1.0,1.0,-1.430511474609375e-06,0.026184209789849422,0.21230344421985425,False,,,False,True,True
DL,stad,2A_numeric,WideDeep,scaffoldcv,results/20260424_multicancer_stad_protocol_rerun/step4_models/fs_a_stad_baseline/dl_step4_2_7model_full/stad/2A_numeric/WideDeep/scaffoldcv,dl_7model_full,skip_existing_only,0.23071893219847606,0.21642951667308807,0.15926667298455924,2.690705364747231,2.037811040878296,0.03761667013168335,0.006855949759483337,0.016873670741915703,0.23757489025592804,0.2307189255952835,2.6930229663848877,2.6907055377960205,0.1564436202181814,0.4000000000000001,0.0,0.0,0.0,0.0,-1.5894571940104166e-07,0.06359906213364595,0.2670644613945835,True,model_input_only,False,False,True,True
DL,stad,2A_numeric,WideDeep,holdout,results/20260424_multicancer_stad_protocol_rerun/step4_models/fs_a_stad_baseline/dl_step4_2_7model_full/stad/2A_numeric/WideDeep/holdout,dl_7model_full,skip_existing_only,0.21713125529384592,0.19483532011508942,0.15093826409866024,2.8160036092865095,2.0926475524902344,0.011018812656402588,0.014800086617469788,0.0,0.23193134367465973,0.21713125705718994,2.670510768890381,2.8160035610198975,0.1378006422915971,0.4666666666666667,273.0,201.0,0.9927272727272727,0.9901477832512315,0.20017170906066895,0.0381870763617489,0.17794058997625264,True,model_input_only,False,False,True,True
DL,stad,2A_numeric,WideDeep,groupcv,results/20260424_multicancer_stad_protocol_rerun/step4_models/fs_a_stad_baseline/dl_step4_2_7model_full/stad/2A_numeric/WideDeep/groupcv,dl_7model_full,skip_existing_only,0.22766029076058789,0.22108258306980133,0.15686911838230855,2.685976737163109,2.047459125518799,0.0453407367070516,0.008490324020385742,0.014156394638121128,0.2361506223678589,0.22766029834747314,2.685405731201172,2.68597674369812,0.06650404958540411,0.43333333333333335,0.0,11.333333333333334,0.0,0.1425891181988743,0.0,0.05441578741695976,0.0649787877285624,True,model_input_only,False,False,True,True
DL,stad,2A_numeric,WideDeep,unseen_drug,results/20260424_multicancer_stad_protocol_rerun/step4_models/fs_a_stad_baseline/dl_step4_2_7model_full/stad/2A_numeric/WideDeep/unseen_drug,dl_7model_full,skip_existing_only,0.2336992113291174,0.2322435975074768,0.16073298693088123,2.853829765391409,2.1483936309814453,-0.0006021261215209961,0.001568913459777832,0.0,0.23526813089847565,0.23369921743869781,2.680389881134033,2.853829860687256,0.16552723844150352,0.3333333333333333,0.0,10.0,0.0,0.20408163265306123,0.29152750968933105,0.060903648380308824,0.0053776829816946595,True,model_input_only,False,False,True,True
DL,stad,2A_numeric,WideDeep,cv,results/20260424_multicancer_stad_protocol_rerun/step4_models/fs_a_stad_baseline/dl_step4_2_7model_full/stad/2A_numeric/WideDeep/cv,dl_7model_full,skip_existing_only,0.214180235343553,0.1982178638378779,0.14739002199319273,2.7019830006282866,2.06553324063619,0.03454299767812093,0.026904338970780373,0.015552209690213203,0.24108457565307617,0.21418023109436035,2.6780357360839844,2.7019827365875244,0.020841705529893922,0.3111111111111111,280.3333333333333,205.33333333333334,0.9836459182748936,0.9778147405517075,7.947285970052083e-08,0.027256740914419694,0.4247109412075425,True,model_input_only,False,False,True,True
DL,stad,2A_numeric,TabTransformer,scaffoldcv,results/20260424_multicancer_stad_protocol_rerun/step4_models/fs_a_stad_baseline/dl_step4_2_7model_full/stad/2A_numeric/TabTransformer/scaffoldcv,dl_7model_full,skip_existing_only,0.2178389733043482,0.2056614557902018,0.1509318058137784,2.7540914899973554,2.094733476638794,-0.007741649945576985,0.007161065936088562,0.02664090506732464,0.2250000387430191,0.21783895790576935,2.7438743114471436,2.754091501235962,0.0896365438453572,0.36666666666666664,0.0,0.0,0.0,0.0,-1.5894571940104166e-07,0.06359906213364595,0.2670644613945835,True,model_input_only,False,False,True,True
DL,stad,2A_numeric,TabTransformer,holdout,results/20260424_multicancer_stad_protocol_rerun/step4_models/fs_a_stad_baseline/dl_step4_2_7model_full/stad/2A_numeric/TabTransformer/holdout,dl_7model_full,skip_existing_only,0.20007365996886847,0.1739445924758911,0.13689387635728095,2.8441798964635248,2.1338748931884766,-0.008871197700500488,0.02262246608734131,0.0,0.22269612550735474,0.20007365942001343,2.7284469604492188,2.84417986869812,0.03313714340719753,0.36666666666666664,273.0,201.0,0.9927272727272727,0.9901477832512315,0.20017170906066895,0.0381870763617489,0.17794058997625264,True,model_input_only,False,False,True,True
DL,stad,2A_numeric,TabTransformer,groupcv,results/20260424_multicancer_stad_protocol_rerun/step4_models/fs_a_stad_baseline/dl_step4_2_7model_full/stad/2A_numeric/TabTransformer/groupcv,dl_7model_full,skip_existing_only,0.21751599798242113,0.2136551489432653,0.1501417836722362,2.7549851532039935,2.0998406410217285,-0.004490951697031657,0.002866302849724889,0.014621986076235771,0.22038228809833527,0.2175160050392151,2.7515487670898438,2.7549850940704346,0.044887507081906676,0.25555555555555554,0.0,11.333333333333334,0.0,0.1425891181988743,0.0,0.05441578741695976,0.0649787877285624,True,model_input_only,False,False,True,True
DL,stad,2A_numeric,TabTransformer,unseen_drug,results/20260424_multicancer_stad_protocol_rerun/step4_models/fs_a_stad_baseline/dl_step4_2_7model_full/stad/2A_numeric/TabTransformer/unseen_drug,dl_7model_full,skip_existing_only,0.23434597139931132,0.2311030477285385,0.16058385828315289,2.8640818393884704,2.211792230606079,-0.007804155349731445,-0.010201588273048401,0.0,0.22414438426494598,0.23434597253799438,2.7217416763305664,2.864081859588623,0.21022003890786312,0.36666666666666664,0.0,10.0,0.0,0.20408163265306123,0.29152750968933105,0.060903648380308824,0.0053776829816946595,True,model_input_only,False,False,True,True
DL,stad,2A_numeric,TabTransformer,cv,results/20260424_multicancer_stad_protocol_rerun/step4_models/fs_a_stad_baseline/dl_step4_2_7model_full/stad/2A_numeric/TabTransformer/cv,dl_7model_full,skip_existing_only,0.17697625322514485,0.17831442256768545,0.122158861097873,2.746705082189995,2.084669589996338,0.0025638540585835776,0.04498465731739998,0.01644786074757576,0.2219609022140503,0.1769762486219406,2.747509002685547,2.7467050552368164,0.02346484180629785,0.36666666666666664,280.3333333333333,205.33333333333334,0.9836459182748936,0.9778147405517075,7.947285970052083e-08,0.027256740914419694,0.4247109412075425,True,model_input_only,False,False,True,True
DL,stad,2A_numeric,FTTransformer,scaffoldcv,results/20260424_multicancer_stad_protocol_rerun/step4_models/fs_a_stad_baseline/dl_step4_2_7model_full/stad/2A_numeric/FTTransformer/scaffoldcv,dl_7model_full,skip_existing_only,0.1944028102686236,0.18383677303791046,0.13434360617278476,2.749575618778279,2.0984970728556314,-0.004744410514831543,0.009676630608737469,0.017343752086162567,0.20407943427562714,0.194402813911438,2.7515153884887695,2.749575614929199,0.08512236349679314,0.3444444444444444,0.0,0.0,0.0,0.0,-1.5894571940104166e-07,0.06359906213364595,0.2670644613945835,True,model_input_only,False,False,True,True
DL,stad,2A_numeric,FTTransformer,holdout,results/20260424_multicancer_stad_protocol_rerun/step4_models/fs_a_stad_baseline/dl_step4_2_7model_full/stad/2A_numeric/FTTransformer/holdout,dl_7model_full,skip_existing_only,0.19926802878436128,0.16919898986816406,0.13785091773799543,2.831413759459804,2.164276599884033,0.00016510486602783203,0.019378647208213806,0.0,0.21864667534828186,0.19926802814006805,2.735341787338257,2.831413745880127,0.0418288369619568,0.36666666666666664,273.0,201.0,0.9927272727272727,0.9901477832512315,0.20017170906066895,0.0381870763617489,0.17794058997625264,True,model_input_only,False,False,True,True
DL,stad,2A_numeric,FTTransformer,groupcv,results/20260424_multicancer_stad_protocol_rerun/step4_models/fs_a_stad_baseline/dl_step4_2_7model_full/stad/2A_numeric/FTTransformer/groupcv,dl_7model_full,skip_existing_only,0.20488296060850994,0.1969621628522873,0.14111483379648182,2.756124201933909,2.086143891016642,-0.005220333735148112,0.008333702571690083,0.022123416885733604,0.2132166624069214,0.20488296449184418,2.7536919116973877,2.756124258041382,0.0230073885038482,0.3,0.0,11.333333333333334,0.0,0.1425891181988743,0.0,0.05441578741695976,0.0649787877285624,True,model_input_only,False,False,True,True
DL,stad,2A_numeric,FTTransformer,unseen_drug,results/20260424_multicancer_stad_protocol_rerun/step4_models/fs_a_stad_baseline/dl_step4_2_7model_full/stad/2A_numeric/FTTransformer/unseen_drug,dl_7model_full,skip_existing_only,0.2301197003195595,0.22591783106327057,0.15860257767761893,2.8776983783656243,2.208052158355713,-0.017409563064575195,-0.010220125317573547,0.0,0.21989957988262177,0.2301197052001953,2.725717306137085,2.8776984214782715,0.1295613174262862,0.23333333333333334,0.0,10.0,0.0,0.20408163265306123,0.29152750968933105,0.060903648380308824,0.0053776829816946595,True,model_input_only,False,False,True,True
DL,stad,2A_numeric,FTTransformer,cv,results/20260424_multicancer_stad_protocol_rerun/step4_models/fs_a_stad_baseline/dl_step4_2_7model_full/stad/2A_numeric/FTTransformer/cv,dl_7model_full,skip_existing_only,0.1661088758617093,0.16487800081570944,0.11434592870376399,2.7593179516320965,2.091506083806356,-0.006543199221293132,0.03181075677275658,0.010281690396368504,0.19791962206363678,0.1661088764667511,2.7541236877441406,2.7593181133270264,0.040093140001422965,0.3222222222222222,280.3333333333333,205.33333333333334,0.9836459182748936,0.9778147405517075,7.947285970052083e-08,0.027256740914419694,0.4247109412075425,True,model_input_only,False,False,True,True
DL,stad,2A_numeric,TabNet,scaffoldcv,results/20260424_multicancer_stad_protocol_rerun/step4_models/fs_a_stad_baseline/dl_step4_2_7model_full/stad/2A_numeric/TabNet/scaffoldcv,dl_7model_full,skip_existing_only,0.21781034380987055,0.20832223196824393,0.15056305133766437,2.6961738200139287,2.0580703814824424,0.03322370847066244,0.011881083250045776,0.018757211044430733,0.22969143092632294,0.21781034767627716,2.681511878967285,2.696173667907715,0.10703305111198957,0.3,0.0,0.0,0.0,0.0,-1.5894571940104166e-07,0.06359906213364595,0.2670644613945835,True,model_input_only,False,False,True,True
DL,stad,2A_numeric,TabNet,holdout,results/20260424_multicancer_stad_protocol_rerun/step4_models/fs_a_stad_baseline/dl_step4_2_7model_full/stad/2A_numeric/TabNet/holdout,dl_7model_full,skip_existing_only,0.21389299351828234,0.18592549860477448,0.14891524979796295,2.7949363766766515,2.1215672492980957,0.025761067867279053,0.019358515739440918,0.0,0.23325151205062866,0.21389299631118774,2.660444974899292,2.794936418533325,0.02183943015009923,0.2,273.0,201.0,0.9927272727272727,0.9901477832512315,0.20017170906066895,0.0381870763617489,0.17794058997625264,True,model_input_only,False,False,True,True
DL,stad,2A_numeric,TabNet,groupcv,results/20260424_multicancer_stad_protocol_rerun/step4_models/fs_a_stad_baseline/dl_step4_2_7model_full/stad/2A_numeric/TabNet/groupcv,dl_7model_full,skip_existing_only,0.22929926450222318,0.22038605312506357,0.15764241187137487,2.6881630994162435,2.0530951023101807,0.04369467496871948,0.001138488412834704,0.01449308730661869,0.2304377555847168,0.22929926216602325,2.6833419799804688,2.6881630420684814,0.023978711290836622,0.27777777777777773,0.0,11.333333333333334,0.0,0.1425891181988743,0.0,0.05441578741695976,0.0649787877285624,True,model_input_only,False,False,True,True
DL,stad,2A_numeric,TabNet,unseen_drug,results/20260424_multicancer_stad_protocol_rerun/step4_models/fs_a_stad_baseline/dl_step4_2_7model_full/stad/2A_numeric/TabNet/unseen_drug,dl_7model_full,skip_existing_only,0.22208347441174567,0.22597219049930573,0.152641692586991,2.7944379023615875,2.1573774814605713,0.04061216115951538,0.005624011158943176,0.0,0.22770749032497406,0.22208347916603088,2.660428047180176,2.794437885284424,0.16883754140653132,0.3333333333333333,0.0,10.0,0.0,0.20408163265306123,0.29152750968933105,0.060903648380308824,0.0053776829816946595,True,model_input_only,False,False,True,True
DL,stad,2A_numeric,TabNet,cv,results/20260424_multicancer_stad_protocol_rerun/step4_models/fs_a_stad_baseline/dl_step4_2_7model_full/stad/2A_numeric/TabNet/cv,dl_7model_full,skip_existing_only,0.20044050393749036,0.18866399427254996,0.13813670578935758,2.707180747932798,2.0611890951792398,0.03085090716679891,0.03090311586856842,0.016243405640125275,0.23134362697601318,0.20044051110744476,2.6816282272338867,2.7071807384490967,0.023431979558797843,0.3111111111111111,280.3333333333333,205.33333333333334,0.9836459182748936,0.9778147405517075,7.947285970052083e-08,0.027256740914419694,0.4247109412075425,True,model_input_only,False,False,True,True
DL,stad,2A_numeric,ResidualMLP,scaffoldcv,results/20260424_multicancer_stad_protocol_rerun/step4_models/fs_a_stad_baseline/dl_step4_2_7model_full/stad/2A_numeric/ResidualMLP/scaffoldcv,dl_7model_full,skip_existing_only,0.22649763269095904,0.21640338003635406,0.1563219841137955,2.690956094466326,2.034257928530375,0.03723259766896566,0.009722103364765644,0.01993645168840885,0.23621971905231476,0.22649763524532318,2.6827259063720703,2.6909561157226562,0.10963261587741929,0.41111111111111115,0.0,0.0,0.0,0.0,-1.5894571940104166e-07,0.06359906213364595,0.2670644613945835,True,model_input_only,False,False,True,True
DL,stad,2A_numeric,ResidualMLP,holdout,results/20260424_multicancer_stad_protocol_rerun/step4_models/fs_a_stad_baseline/dl_step4_2_7model_full/stad/2A_numeric/ResidualMLP/holdout,dl_7model_full,skip_existing_only,0.22188425446761634,0.1967165619134903,0.15407393626474106,2.7891553334405845,2.105067014694214,0.029787123203277588,0.01431111991405487,0.0,0.236195370554924,0.22188425064086914,2.6567771434783936,2.7891552448272705,0.03686506989050577,0.26666666666666666,273.0,201.0,0.9927272727272727,0.9901477832512315,0.20017170906066895,0.0381870763617489,0.17794058997625264,True,model_input_only,False,False,True,True
DL,stad,2A_numeric,ResidualMLP,groupcv,results/20260424_multicancer_stad_protocol_rerun/step4_models/fs_a_stad_baseline/dl_step4_2_7model_full/stad/2A_numeric/ResidualMLP/groupcv,dl_7model_full,skip_existing_only,0.23584741034268153,0.22378061215082803,0.1626151483141652,2.6927656420928634,2.068915526072184,0.040418525536855064,0.0016395648708567023,0.010367623530328274,0.23748697340488434,0.23584741353988647,2.6923458576202393,2.692765474319458,0.038219172783701766,0.35555555555555557,0.0,11.333333333333334,0.0,0.1425891181988743,0.0,0.05441578741695976,0.0649787877285624,True,model_input_only,False,False,True,True
DL,stad,2A_numeric,ResidualMLP,unseen_drug,results/20260424_multicancer_stad_protocol_rerun/step4_models/fs_a_stad_baseline/dl_step4_2_7model_full/stad/2A_numeric/ResidualMLP/unseen_drug,dl_7model_full,skip_existing_only,0.23265983281175456,0.23113034665584564,0.16007682088087644,2.8143657006286515,2.1442387104034424,0.02688014507293701,0.0019326657056808472,0.0,0.2345924973487854,0.23265983164310455,2.6611814498901367,2.8143656253814697,0.14506998628084639,0.3,0.0,10.0,0.0,0.20408163265306123,0.29152750968933105,0.060903648380308824,0.0053776829816946595,True,model_input_only,False,False,True,True
DL,stad,2A_numeric,ResidualMLP,cv,results/20260424_multicancer_stad_protocol_rerun/step4_models/fs_a_stad_baseline/dl_step4_2_7model_full/stad/2A_numeric/ResidualMLP/cv,dl_7model_full,skip_existing_only,0.2118130215648687,0.1980867087841034,0.14607851795263524,2.714797810245758,2.0656517346700034,0.02548271417617798,0.029019584879279137,0.0172540582716465,0.2408326119184494,0.21181301772594452,2.687530755996704,2.7147977352142334,0.020324149393611327,0.2888888888888889,280.3333333333333,205.33333333333334,0.9836459182748936,0.9778147405517075,7.947285970052083e-08,0.027256740914419694,0.4247109412075425,True,model_input_only,False,False,True,True
DL,stad,2A_numeric,CrossAttention,scaffoldcv,results/20260424_multicancer_stad_protocol_rerun/step4_models/fs_a_stad_baseline/dl_step4_2_7model_full/stad/2A_numeric/CrossAttention/scaffoldcv,dl_7model_full,skip_existing_only,0.22822915211925446,0.21793130040168762,0.15768326154054305,2.6939158652864825,2.058552900950114,0.0344772736231486,0.009123648516833782,0.018828660249710083,0.23735280334949493,0.22822916507720947,2.678804636001587,2.693915605545044,0.11116307916501054,0.37777777777777777,0.0,0.0,0.0,0.0,-1.5894571940104166e-07,0.06359906213364595,0.2670644613945835,True,model_input_only,False,False,True,True
DL,stad,2A_numeric,CrossAttention,holdout,results/20260424_multicancer_stad_protocol_rerun/step4_models/fs_a_stad_baseline/dl_step4_2_7model_full/stad/2A_numeric/CrossAttention/holdout,dl_7model_full,skip_existing_only,0.21832361271133593,0.197611466050148,0.15186807259455765,2.8128182972828255,2.0920772552490234,0.013254880905151367,0.018812179565429688,0.0,0.23713579773902893,0.21832361817359924,2.6686604022979736,2.8128182888031006,0.03686506989050577,0.26666666666666666,273.0,201.0,0.9927272727272727,0.9901477832512315,0.20017170906066895,0.0381870763617489,0.17794058997625264,True,model_input_only,False,False,True,True
DL,stad,2A_numeric,CrossAttention,groupcv,results/20260424_multicancer_stad_protocol_rerun/step4_models/fs_a_stad_baseline/dl_step4_2_7model_full/stad/2A_numeric/CrossAttention/groupcv,dl_7model_full,skip_existing_only,0.23554914049679984,0.22328213353951773,0.16233219997709505,2.6922682430966893,2.039714733759562,0.040870984395345054,0.001971215009689331,0.009879128076136112,0.23752035200595856,0.23554913699626923,2.6838769912719727,2.6922683715820312,0.04309909635001229,0.3666666666666667,0.0,11.333333333333334,0.0,0.1425891181988743,0.0,0.05441578741695976,0.0649787877285624,True,model_input_only,False,False,True,True
DL,stad,2A_numeric,CrossAttention,unseen_drug,results/20260424_multicancer_stad_protocol_rerun/step4_models/fs_a_stad_baseline/dl_step4_2_7model_full/stad/2A_numeric/CrossAttention/unseen_drug,dl_7model_full,skip_existing_only,0.23375739033783335,0.23694747686386108,0.1611420255075076,2.9095025678912743,2.1636202335357666,-0.04002261161804199,0.0005850791931152344,0.0,0.23434247076511383,0.2337573915719986,2.7211878299713135,2.9095025062561035,0.21839844323475524,0.4,0.0,10.0,0.0,0.20408163265306123,0.29152750968933105,0.060903648380308824,0.0053776829816946595,True,model_input_only,False,False,True,True
DL,stad,2A_numeric,CrossAttention,cv,results/20260424_multicancer_stad_protocol_rerun/step4_models/fs_a_stad_baseline/dl_step4_2_7model_full/stad/2A_numeric/CrossAttention/cv,dl_7model_full,skip_existing_only,0.21037031875808906,0.19743830462296805,0.14487031919070784,2.7329633279318926,2.0408021211624146,0.012367387612660726,0.02969552017748356,0.012061097659170628,0.2400658279657364,0.21037031710147858,2.701956033706665,2.7329635620117188,0.024781122018743374,0.3333333333333333,280.3333333333333,205.33333333333334,0.9836459182748936,0.9778147405517075,7.947285970052083e-08,0.027256740914419694,0.4247109412075425,True,model_input_only,False,False,True,True
DL,stad,2A_numeric,FlatMLP,scaffoldcv,results/20260424_multicancer_stad_protocol_rerun/step4_models/fs_a_stad_baseline/dl_step4_2_7model_full/stad/2A_numeric/FlatMLP/scaffoldcv,dl_7model_full,skip_existing_only,0.22647740531420169,0.21667352815469107,0.15653773511866,2.710643895128586,2.087615728378296,0.021932582060496014,0.00953422486782074,0.018382197245955467,0.23601162433624268,0.22647739946842194,2.7073278427124023,2.710643768310547,0.10331603116209402,0.41111111111111115,0.0,0.0,0.0,0.0,-1.5894571940104166e-07,0.06359906213364595,0.2670644613945835,True,model_input_only,False,False,True,True
DL,stad,2A_numeric,FlatMLP,holdout,results/20260424_multicancer_stad_protocol_rerun/step4_models/fs_a_stad_baseline/dl_step4_2_7model_full/stad/2A_numeric/FlatMLP/holdout,dl_7model_full,skip_existing_only,0.21944728416755951,0.19590145349502563,0.15204703155192703,2.7856042616639027,2.107410430908203,0.03225606679916382,0.016223669052124023,0.0,0.23567095398902893,0.2194472849369049,2.656074047088623,2.785604238510132,0.13349053561231528,0.43333333333333335,273.0,201.0,0.9927272727272727,0.9901477832512315,0.20017170906066895,0.0381870763617489,0.17794058997625264,True,model_input_only,False,False,True,True
DL,stad,2A_numeric,FlatMLP,groupcv,results/20260424_multicancer_stad_protocol_rerun/step4_models/fs_a_stad_baseline/dl_step4_2_7model_full/stad/2A_numeric/FlatMLP/groupcv,dl_7model_full,skip_existing_only,0.23238656812035918,0.2222061554590861,0.1601534291559109,2.691854640276439,2.073305606842041,0.040969510873158775,0.0045948573388159275,0.009009462781250477,0.23698140680789948,0.23238657414913177,2.686587333679199,2.69185471534729,0.03186153307544868,0.3444444444444444,0.0,11.333333333333334,0.0,0.1425891181988743,0.0,0.05441578741695976,0.0649787877285624,True,model_input_only,False,False,True,True
DL,stad,2A_numeric,FlatMLP,unseen_drug,results/20260424_multicancer_stad_protocol_rerun/step4_models/fs_a_stad_baseline/dl_step4_2_7model_full/stad/2A_numeric/FlatMLP/unseen_drug,dl_7model_full,skip_existing_only,0.2321834376190252,0.2310035675764084,0.15999160451074596,2.8154216426187957,2.146212100982666,0.02614980936050415,0.001979634165763855,0.0,0.2341630756855011,0.23218344151973724,2.6612236499786377,2.8154215812683105,0.14526621734378856,0.3,0.0,10.0,0.0,0.20408163265306123,0.29152750968933105,0.060903648380308824,0.0053776829816946595,True,model_input_only,False,False,True,True
DL,stad,2A_numeric,FlatMLP,cv,results/20260424_multicancer_stad_protocol_rerun/step4_models/fs_a_stad_baseline/dl_step4_2_7model_full/stad/2A_numeric/FlatMLP/cv,dl_7model_full,skip_existing_only,0.21184272825051123,0.1974152773618698,0.14593954337820236,2.709834950303353,2.049383004506429,0.029144108295440674,0.029215902090072632,0.015274066478013992,0.24105863273143768,0.21184273064136505,2.6810576915740967,2.7098350524902344,0.022295832222398698,0.3333333333333333,280.3333333333333,205.33333333333334,0.9836459182748936,0.9778147405517075,7.947285970052083e-08,0.027256740914419694,0.4247109412075425,True,model_input_only,False,False,True,True
DL,stad,2C_numeric_smiles_context,WideDeep,scaffoldcv,results/20260424_multicancer_stad_protocol_rerun/step4_models/fs_a_stad_baseline/dl_step4_2_7model_full/stad/2C_numeric_smiles_context/WideDeep/scaffoldcv,dl_7model_full,skip_existing_only,0.39040191601773117,0.4234447280565898,0.27191498505997785,2.7609045320874017,2.081454078356425,-0.04920669396718343,0.3961251676082611,0.10421504825353622,0.7865270972251892,0.3904019296169281,1.5839052200317383,2.760904550552368,0.0991171943204192,0.5222222222222223,0.0,0.0,0.0,0.0,-1.5894571940104166e-07,0.06359906213364595,0.2670644613945835,True,model_input_only,True,False,True,True
DL,stad,2C_numeric_smiles_context,WideDeep,holdout,results/20260424_multicancer_stad_protocol_rerun/step4_models/fs_a_stad_baseline/dl_step4_2_7model_full/stad/2C_numeric_smiles_context/WideDeep/holdout,dl_7model_full,skip_existing_only,0.6920553382495526,0.7174578309059143,0.5092835266913861,2.053374940937794,1.5357470512390137,0.474154531955719,0.04266077280044556,0.0,0.7347161173820496,0.692055344581604,1.8453309535980225,2.053375005722046,0.6599592063910904,0.8666666666666667,273.0,201.0,0.9927272727272727,0.9901477832512315,0.20017170906066895,0.0381870763617489,0.17794058997625264,True,model_input_only,True,False,True,True
DL,stad,2C_numeric_smiles_context,WideDeep,groupcv,results/20260424_multicancer_stad_protocol_rerun/step4_models/fs_a_stad_baseline/dl_step4_2_7model_full/stad/2C_numeric_smiles_context/WideDeep/groupcv,dl_7model_full,skip_existing_only,0.43452890703281616,0.5087483723958334,0.30442398048662583,2.3744240550087863,1.8145023981730144,0.2502836187680562,0.36396124958992004,0.06782182306051254,0.7984901070594788,0.4345289170742035,1.533273696899414,2.3744242191314697,0.2852165068204395,0.611111111111111,0.0,11.333333333333334,0.0,0.1425891181988743,0.0,0.05441578741695976,0.0649787877285624,True,model_input_only,True,False,True,True
DL,stad,2C_numeric_smiles_context,WideDeep,unseen_drug,results/20260424_multicancer_stad_protocol_rerun/step4_models/fs_a_stad_baseline/dl_step4_2_7model_full/stad/2C_numeric_smiles_context/WideDeep/unseen_drug,dl_7model_full,skip_existing_only,0.35334803999520603,0.5042523145675659,0.24443898531636102,2.5315586419965532,1.9340989589691162,0.2126256227493286,0.44100937247276306,0.0,0.794357419013977,0.353348046541214,1.4516255855560303,2.5315587520599365,0.44934738003418473,0.4,0.0,10.0,0.0,0.20408163265306123,0.29152750968933105,0.060903648380308824,0.0053776829816946595,True,model_input_only,True,False,True,True
DL,stad,2C_numeric_smiles_context,WideDeep,cv,results/20260424_multicancer_stad_protocol_rerun/step4_models/fs_a_stad_baseline/dl_step4_2_7model_full/stad/2C_numeric_smiles_context/WideDeep/cv,dl_7model_full,skip_existing_only,0.7306669707310407,0.7731282909711202,0.546792368136181,1.7977881880600275,1.348518967628479,0.5699993570645651,0.026760458946228027,0.021443957462906837,0.757427453994751,0.7306669354438782,1.7364236116409302,1.797788143157959,0.5674546712429503,0.9444444444444445,280.3333333333333,205.33333333333334,0.9836459182748936,0.9778147405517075,7.947285970052083e-08,0.027256740914419694,0.4247109412075425,True,model_input_only,True,False,True,True
DL,stad,2C_numeric_smiles_context,TabTransformer,scaffoldcv,results/20260424_multicancer_stad_protocol_rerun/step4_models/fs_a_stad_baseline/dl_step4_2_7model_full/stad/2C_numeric_smiles_context/TabTransformer/scaffoldcv,dl_7model_full,skip_existing_only,0.3719810411943934,0.41930433611075085,0.26088765898456173,2.874509075296556,2.2327765623728433,-0.17962771654129028,0.4097268581390381,0.16029560565948486,0.7817079424858093,0.37198105454444885,1.580664038658142,2.87450909614563,0.1381644414658644,0.6222222222222222,0.0,0.0,0.0,0.0,-1.5894571940104166e-07,0.06359906213364595,0.2670644613945835,True,model_input_only,True,False,True,True
DL,stad,2C_numeric_smiles_context,TabTransformer,holdout,results/20260424_multicancer_stad_protocol_rerun/step4_models/fs_a_stad_baseline/dl_step4_2_7model_full/stad/2C_numeric_smiles_context/TabTransformer/holdout,dl_7model_full,skip_existing_only,0.756782072143955,0.8093653321266174,0.5723073225383998,1.7444369586586885,1.3101383447647095,0.6204822063446045,0.013483047485351562,0.0,0.7702651023864746,0.756782054901123,1.619174599647522,1.7444369792938232,0.34747241186755135,0.8666666666666667,273.0,201.0,0.9927272727272727,0.9901477832512315,0.20017170906066895,0.0381870763617489,0.17794058997625264,True,model_input_only,True,False,True,True
DL,stad,2C_numeric_smiles_context,TabTransformer,groupcv,results/20260424_multicancer_stad_protocol_rerun/step4_models/fs_a_stad_baseline/dl_step4_2_7model_full/stad/2C_numeric_smiles_context/TabTransformer/groupcv,dl_7model_full,skip_existing_only,0.44665751750139143,0.5124906003475189,0.3120691687882313,2.41379726016692,1.8034795920054119,0.2257412870724996,0.3266797959804535,0.04776258021593094,0.7733373641967773,0.44665753841400146,1.6442335844039917,2.41379714012146,0.10174605139810687,0.7000000000000001,0.0,11.333333333333334,0.0,0.1425891181988743,0.0,0.05441578741695976,0.0649787877285624,True,model_input_only,True,False,True,True
DL,stad,2C_numeric_smiles_context,TabTransformer,unseen_drug,results/20260424_multicancer_stad_protocol_rerun/step4_models/fs_a_stad_baseline/dl_step4_2_7model_full/stad/2C_numeric_smiles_context/TabTransformer/unseen_drug,dl_7model_full,skip_existing_only,0.3652343155010135,0.5202089548110962,0.2502635472694763,2.473475219670292,1.9033914804458618,0.24834179878234863,0.4073088765144348,0.0,0.77254319190979,0.3652343153953552,1.529758095741272,2.473475217819214,0.6653881924218473,0.6666666666666666,0.0,10.0,0.0,0.20408163265306123,0.29152750968933105,0.060903648380308824,0.0053776829816946595,True,model_input_only,True,False,True,True
DL,stad,2C_numeric_smiles_context,TabTransformer,cv,results/20260424_multicancer_stad_protocol_rerun/step4_models/fs_a_stad_baseline/dl_step4_2_7model_full/stad/2C_numeric_smiles_context/TabTransformer/cv,dl_7model_full,skip_existing_only,0.739129222307975,0.7956562240918478,0.5583972115005623,1.7758937614783203,1.32527490456899,0.5815624197324117,0.025366028770804405,0.022537579759955406,0.7644951939582825,0.7391292452812195,1.7031068801879883,1.7758938074111938,0.6414252327556306,0.9333333333333335,280.3333333333333,205.33333333333334,0.9836459182748936,0.9778147405517075,7.947285970052083e-08,0.027256740914419694,0.4247109412075425,True,model_input_only,True,False,True,True
DL,stad,2C_numeric_smiles_context,FTTransformer,scaffoldcv,results/20260424_multicancer_stad_protocol_rerun/step4_models/fs_a_stad_baseline/dl_step4_2_7model_full/stad/2C_numeric_smiles_context/FTTransformer/scaffoldcv,dl_7model_full,skip_existing_only,0.38936706072209804,0.423711101214091,0.2725071740987211,2.8886842653689286,2.2298080921173096,-0.19512846072514853,0.3483874797821045,0.12051098793745041,0.7377545833587646,0.38936707377433777,1.7758550643920898,2.8886842727661133,0.141451279605004,0.6111111111111112,0.0,0.0,0.0,0.0,-1.5894571940104166e-07,0.06359906213364595,0.2670644613945835,True,model_input_only,True,False,True,True
DL,stad,2C_numeric_smiles_context,FTTransformer,holdout,results/20260424_multicancer_stad_protocol_rerun/step4_models/fs_a_stad_baseline/dl_step4_2_7model_full/stad/2C_numeric_smiles_context/FTTransformer/holdout,dl_7model_full,skip_existing_only,0.7263997850396392,0.7824853658676147,0.5440094434140724,1.777821503869717,1.3243649005889893,0.6058169603347778,0.03351563215255737,0.0,0.7599154114723206,0.7263997793197632,1.6561565399169922,1.7778215408325195,0.340404866938025,0.7666666666666667,273.0,201.0,0.9927272727272727,0.9901477832512315,0.20017170906066895,0.0381870763617489,0.17794058997625264,True,model_input_only,True,False,True,True
DL,stad,2C_numeric_smiles_context,FTTransformer,groupcv,results/20260424_multicancer_stad_protocol_rerun/step4_models/fs_a_stad_baseline/dl_step4_2_7model_full/stad/2C_numeric_smiles_context/FTTransformer/groupcv,dl_7model_full,skip_existing_only,0.4254653441057921,0.4963943262894948,0.2964006662790804,2.4500266493022664,1.831620732943217,0.2041934927304586,0.32562175393104553,0.044177815318107605,0.7510871291160583,0.42546534538269043,1.7202463150024414,2.450026750564575,0.18035141358565532,0.7222222222222223,0.0,11.333333333333334,0.0,0.1425891181988743,0.0,0.05441578741695976,0.0649787877285624,True,model_input_only,True,False,True,True
DL,stad,2C_numeric_smiles_context,FTTransformer,unseen_drug,results/20260424_multicancer_stad_protocol_rerun/step4_models/fs_a_stad_baseline/dl_step4_2_7model_full/stad/2C_numeric_smiles_context/FTTransformer/unseen_drug,dl_7model_full,skip_existing_only,0.39192283954886054,0.5418099761009216,0.26689139451305705,2.531211946931368,1.9139652252197266,0.21284133195877075,0.36446648836135864,0.0,0.756389319896698,0.39192283153533936,1.6595538854599,2.5312118530273438,0.5936484091683578,0.6,0.0,10.0,0.0,0.20408163265306123,0.29152750968933105,0.060903648380308824,0.0053776829816946595,True,model_input_only,True,False,True,True
DL,stad,2C_numeric_smiles_context,FTTransformer,cv,results/20260424_multicancer_stad_protocol_rerun/step4_models/fs_a_stad_baseline/dl_step4_2_7model_full/stad/2C_numeric_smiles_context/FTTransformer/cv,dl_7model_full,skip_existing_only,0.6935766418868411,0.7411004304885864,0.5170654510500253,1.8806917075168759,1.3977373043696086,0.5306139985720316,0.016575276851654053,0.028512557968497276,0.7101519107818604,0.6935766339302063,1.8118075132369995,1.880691647529602,0.33967807951952717,0.7555555555555555,280.3333333333333,205.33333333333334,0.9836459182748936,0.9778147405517075,7.947285970052083e-08,0.027256740914419694,0.4247109412075425,True,model_input_only,True,False,True,True
DL,stad,2C_numeric_smiles_context,TabNet,scaffoldcv,results/20260424_multicancer_stad_protocol_rerun/step4_models/fs_a_stad_baseline/dl_step4_2_7model_full/stad/2C_numeric_smiles_context/TabNet/scaffoldcv,dl_7model_full,skip_existing_only,0.3657937467617723,0.39291074872016907,0.25563581307943445,3.7839778189939133,2.996084531148275,-1.5270596146583557,0.45371904969215393,0.0974220409989357,0.8195127844810486,0.36579373478889465,1.3604192733764648,3.783977746963501,0.292280815343567,0.4333333333333333,0.0,0.0,0.0,0.0,-1.5894571940104166e-07,0.06359906213364595,0.2670644613945835,True,model_input_only,True,False,True,True
DL,stad,2C_numeric_smiles_context,TabNet,holdout,results/20260424_multicancer_stad_protocol_rerun/step4_models/fs_a_stad_baseline/dl_step4_2_7model_full/stad/2C_numeric_smiles_context/TabNet/holdout,dl_7model_full,skip_existing_only,0.7635891922810574,0.8307399153709412,0.5842391047471186,1.6180080230381946,1.2263853549957275,0.6735001802444458,0.0685882568359375,0.0,0.832177460193634,0.7635892033576965,1.3651610612869263,1.618008017539978,0.9238530307860032,0.9333333333333333,273.0,201.0,0.9927272727272727,0.9901477832512315,0.20017170906066895,0.0381870763617489,0.17794058997625264,True,model_input_only,True,False,True,True
DL,stad,2C_numeric_smiles_context,TabNet,groupcv,results/20260424_multicancer_stad_protocol_rerun/step4_models/fs_a_stad_baseline/dl_step4_2_7model_full/stad/2C_numeric_smiles_context/TabNet/groupcv,dl_7model_full,skip_existing_only,0.40352277512861123,0.5080355703830719,0.28239552598065704,2.4349193953635204,1.9141687949498494,0.20868424574534097,0.4274991452693939,0.07713141292333603,0.8310219645500183,0.4035227596759796,1.3693532943725586,2.4349193572998047,0.517993940762779,0.611111111111111,0.0,11.333333333333334,0.0,0.1425891181988743,0.0,0.05441578741695976,0.0649787877285624,True,model_input_only,True,False,True,True
DL,stad,2C_numeric_smiles_context,TabNet,unseen_drug,results/20260424_multicancer_stad_protocol_rerun/step4_models/fs_a_stad_baseline/dl_step4_2_7model_full/stad/2C_numeric_smiles_context/TabNet/unseen_drug,dl_7model_full,skip_existing_only,0.34844288047577004,0.4967164695262909,0.24215270866186714,2.5894411444404835,1.9339361190795898,0.17620837688446045,0.46714910864830017,0.0,0.8155919909477234,0.3484428822994232,1.3055243492126465,2.5894410610198975,0.4777740148909148,0.43333333333333335,0.0,10.0,0.0,0.20408163265306123,0.29152750968933105,0.060903648380308824,0.0053776829816946595,True,model_input_only,True,False,True,True
DL,stad,2C_numeric_smiles_context,TabNet,cv,results/20260424_multicancer_stad_protocol_rerun/step4_models/fs_a_stad_baseline/dl_step4_2_7model_full/stad/2C_numeric_smiles_context/TabNet/cv,dl_7model_full,skip_existing_only,0.7627473425182371,0.8271509806315104,0.5842930569144569,1.5942095494969883,1.2055325508117676,0.6631649732589722,0.06474872678518295,0.018198318779468536,0.8274960517883301,0.7627472877502441,1.3811670541763306,1.5942095518112183,0.8878431015026836,0.9888888888888889,280.3333333333333,205.33333333333334,0.9836459182748936,0.9778147405517075,7.947285970052083e-08,0.027256740914419694,0.4247109412075425,True,model_input_only,True,False,True,True
DL,stad,2C_numeric_smiles_context,ResidualMLP,scaffoldcv,results/20260424_multicancer_stad_protocol_rerun/step4_models/fs_a_stad_baseline/dl_step4_2_7model_full/stad/2C_numeric_smiles_context/ResidualMLP/scaffoldcv,dl_7model_full,skip_existing_only,0.38822150847793174,0.38178248703479767,0.2717879258243642,3.1670425577156553,2.478852947552999,-0.4990350802739461,0.41017183661460876,0.10848075151443481,0.7983933091163635,0.38822150230407715,1.597272276878357,3.1670424938201904,0.18135071942658845,0.5777777777777778,0.0,0.0,0.0,0.0,-1.5894571940104166e-07,0.06359906213364595,0.2670644613945835,True,model_input_only,True,False,True,True
DL,stad,2C_numeric_smiles_context,ResidualMLP,holdout,results/20260424_multicancer_stad_protocol_rerun/step4_models/fs_a_stad_baseline/dl_step4_2_7model_full/stad/2C_numeric_smiles_context/ResidualMLP/holdout,dl_7model_full,skip_existing_only,0.7772643579954321,0.8243626952171326,0.5915150474832291,1.6591812681625049,1.2648553848266602,0.656671941280365,0.023212730884552002,0.0,0.8004770874977112,0.7772643566131592,1.528252363204956,1.6591812372207642,0.7712871762265311,0.9666666666666667,273.0,201.0,0.9927272727272727,0.9901477832512315,0.20017170906066895,0.0381870763617489,0.17794058997625264,True,model_input_only,True,False,True,True
DL,stad,2C_numeric_smiles_context,ResidualMLP,groupcv,results/20260424_multicancer_stad_protocol_rerun/step4_models/fs_a_stad_baseline/dl_step4_2_7model_full/stad/2C_numeric_smiles_context/ResidualMLP/groupcv,dl_7model_full,skip_existing_only,0.46027902995447295,0.5305259525775909,0.32381136566703056,2.4373296187676874,1.8982819318771362,0.21255115667978922,0.3447744846343994,0.05207701399922371,0.8050535321235657,0.46027901768684387,1.5910135507583618,2.4373295307159424,0.3037220464482991,0.7555555555555555,0.0,11.333333333333334,0.0,0.1425891181988743,0.0,0.05441578741695976,0.0649787877285624,True,model_input_only,True,False,True,True
DL,stad,2C_numeric_smiles_context,ResidualMLP,unseen_drug,results/20260424_multicancer_stad_protocol_rerun/step4_models/fs_a_stad_baseline/dl_step4_2_7model_full/stad/2C_numeric_smiles_context/ResidualMLP/unseen_drug,dl_7model_full,skip_existing_only,0.3396917799720459,0.5014656782150269,0.23421773748921906,2.6598345636248264,1.980115532875061,0.13081037998199463,0.4538794457912445,0.0,0.7935712337493896,0.33969178795814514,1.514461636543274,2.659834623336792,0.5691023630603191,0.5666666666666667,0.0,10.0,0.0,0.20408163265306123,0.29152750968933105,0.060903648380308824,0.0053776829816946595,True,model_input_only,True,False,True,True
DL,stad,2C_numeric_smiles_context,ResidualMLP,cv,results/20260424_multicancer_stad_protocol_rerun/step4_models/fs_a_stad_baseline/dl_step4_2_7model_full/stad/2C_numeric_smiles_context/ResidualMLP/cv,dl_7model_full,skip_existing_only,0.7649264331441407,0.8180441459019979,0.5821709467273317,1.6126649803077224,1.1959580183029175,0.6557443340619405,0.02987251617014408,0.012254518456757069,0.7947989106178284,0.7649264335632324,1.507451057434082,1.612665057182312,0.7194178641911425,1.0,280.3333333333333,205.33333333333334,0.9836459182748936,0.9778147405517075,7.947285970052083e-08,0.027256740914419694,0.4247109412075425,True,model_input_only,True,False,True,True
DL,stad,2C_numeric_smiles_context,CrossAttention,scaffoldcv,results/20260424_multicancer_stad_protocol_rerun/step4_models/fs_a_stad_baseline/dl_step4_2_7model_full/stad/2C_numeric_smiles_context/CrossAttention/scaffoldcv,dl_7model_full,skip_existing_only,0.37771892171148225,0.39447498321533203,0.26310634948088946,3.125507194328296,2.4540679454803467,-0.4626118739446004,0.41714558005332947,0.09640923887491226,0.7948644757270813,0.3777189254760742,1.4750245809555054,3.125507354736328,0.13429372332972783,0.5222222222222223,0.0,0.0,0.0,0.0,-1.5894571940104166e-07,0.06359906213364595,0.2670644613945835,True,model_input_only,True,False,True,True
DL,stad,2C_numeric_smiles_context,CrossAttention,holdout,results/20260424_multicancer_stad_protocol_rerun/step4_models/fs_a_stad_baseline/dl_step4_2_7model_full/stad/2C_numeric_smiles_context/CrossAttention/holdout,dl_7model_full,skip_existing_only,0.7771358853920258,0.8331892490386963,0.5971333738689607,1.5750813357226494,1.174872875213623,0.6905947923660278,0.01833707094192505,0.0,0.7954729795455933,0.7771359086036682,1.4709352254867554,1.5750813484191895,0.7650341664511773,0.9666666666666667,273.0,201.0,0.9927272727272727,0.9901477832512315,0.20017170906066895,0.0381870763617489,0.17794058997625264,True,model_input_only,True,False,True,True
DL,stad,2C_numeric_smiles_context,CrossAttention,groupcv,results/20260424_multicancer_stad_protocol_rerun/step4_models/fs_a_stad_baseline/dl_step4_2_7model_full/stad/2C_numeric_smiles_context/CrossAttention/groupcv,dl_7model_full,skip_existing_only,0.4139377032741843,0.4919857084751129,0.29020597574758883,2.410190259578108,1.805490215619405,0.22780358791351318,0.3756771385669708,0.05409715697169304,0.7896148562431335,0.4139377176761627,1.4957071542739868,2.4101903438568115,0.32323687643235227,0.7000000000000001,0.0,11.333333333333334,0.0,0.1425891181988743,0.0,0.05441578741695976,0.0649787877285624,True,model_input_only,True,False,True,True
DL,stad,2C_numeric_smiles_context,CrossAttention,unseen_drug,results/20260424_multicancer_stad_protocol_rerun/step4_models/fs_a_stad_baseline/dl_step4_2_7model_full/stad/2C_numeric_smiles_context/CrossAttention/unseen_drug,dl_7model_full,skip_existing_only,0.34608838517726037,0.5044184923171997,0.23702324180883608,2.5162974341479605,1.9231743812561035,0.2220902442932129,0.4493010342121124,0.0,0.7953894138336182,0.34608837962150574,1.415545105934143,2.5162973403930664,0.2915450333394427,0.36666666666666664,0.0,10.0,0.0,0.20408163265306123,0.29152750968933105,0.060903648380308824,0.0053776829816946595,True,model_input_only,True,False,True,True
DL,stad,2C_numeric_smiles_context,CrossAttention,cv,results/20260424_multicancer_stad_protocol_rerun/step4_models/fs_a_stad_baseline/dl_step4_2_7model_full/stad/2C_numeric_smiles_context/CrossAttention/cv,dl_7model_full,skip_existing_only,0.7590608258860486,0.8120710055033366,0.5771676486676491,1.6722102602636861,1.2770151694615681,0.6293765902519226,0.027796706184744835,0.020495617762207985,0.786857545375824,0.7590608596801758,1.5956560373306274,1.6722102165222168,0.6587066740349828,0.9666666666666667,280.3333333333333,205.33333333333334,0.9836459182748936,0.9778147405517075,7.947285970052083e-08,0.027256740914419694,0.4247109412075425,True,model_input_only,True,False,True,True
DL,stad,2C_numeric_smiles_context,FlatMLP,scaffoldcv,results/20260424_multicancer_stad_protocol_rerun/step4_models/fs_a_stad_baseline/dl_step4_2_7model_full/stad/2C_numeric_smiles_context/FlatMLP/scaffoldcv,dl_7model_full,skip_existing_only,0.37947923081708296,0.42384934425354004,0.26394617536093673,2.6832349441961534,2.020684321721395,0.03396362066268921,0.4071824848651886,0.0883161723613739,0.786661684513092,0.3794792592525482,1.6246217489242554,2.6832351684570312,0.12288973462399977,0.5333333333333333,0.0,0.0,0.0,0.0,-1.5894571940104166e-07,0.06359906213364595,0.2670644613945835,True,model_input_only,True,False,True,True
DL,stad,2C_numeric_smiles_context,FlatMLP,holdout,results/20260424_multicancer_stad_protocol_rerun/step4_models/fs_a_stad_baseline/dl_step4_2_7model_full/stad/2C_numeric_smiles_context/FlatMLP/holdout,dl_7model_full,skip_existing_only,0.7540126105114925,0.8090690970420837,0.5707413716083181,2.0054538989288084,1.527422308921814,0.49841219186782837,0.016115963459014893,0.0,0.7701285481452942,0.7540125846862793,1.8137251138687134,2.0054538249969482,0.6593851384854661,0.9,273.0,201.0,0.9927272727272727,0.9901477832512315,0.20017170906066895,0.0381870763617489,0.17794058997625264,True,model_input_only,True,False,True,True
DL,stad,2C_numeric_smiles_context,FlatMLP,groupcv,results/20260424_multicancer_stad_protocol_rerun/step4_models/fs_a_stad_baseline/dl_step4_2_7model_full/stad/2C_numeric_smiles_context/FlatMLP/groupcv,dl_7model_full,skip_existing_only,0.430209620996437,0.5035982728004456,0.3011619475922977,2.4624659852331505,1.9109106461207073,0.19402347008387247,0.36238279938697815,0.05736241862177849,0.792592465877533,0.4302096366882324,1.6615585088729858,2.46246600151062,0.35128951499889866,0.611111111111111,0.0,11.333333333333334,0.0,0.1425891181988743,0.0,0.05441578741695976,0.0649787877285624,True,model_input_only,True,False,True,True
DL,stad,2C_numeric_smiles_context,FlatMLP,unseen_drug,results/20260424_multicancer_stad_protocol_rerun/step4_models/fs_a_stad_baseline/dl_step4_2_7model_full/stad/2C_numeric_smiles_context/FlatMLP/unseen_drug,dl_7model_full,skip_existing_only,0.3245535029943378,0.4900241494178772,0.22588078360808855,2.68668841150475,1.9868974685668945,0.11317098140716553,0.4633791446685791,0.0,0.7879326343536377,0.3245534896850586,1.5545527935028076,2.6866884231567383,0.34373227897988196,0.4,0.0,10.0,0.0,0.20408163265306123,0.29152750968933105,0.060903648380308824,0.0053776829816946595,True,model_input_only,True,False,True,True
DL,stad,2C_numeric_smiles_context,FlatMLP,cv,results/20260424_multicancer_stad_protocol_rerun/step4_models/fs_a_stad_baseline/dl_step4_2_7model_full/stad/2C_numeric_smiles_context/FlatMLP/cv,dl_7model_full,skip_existing_only,0.7635409587644202,0.8033597668011984,0.579000019855227,1.694680102154735,1.2339766422907512,0.6203143000602722,0.030460217967629433,0.008773605339229107,0.7940011620521545,0.7635409235954285,1.5947128534317017,1.694680094718933,0.6006337782889998,0.9666666666666667,280.3333333333333,205.33333333333334,0.9836459182748936,0.9778147405517075,7.947285970052083e-08,0.027256740914419694,0.4247109412075425,True,model_input_only,True,False,True,True
DL,stad,2B_numeric_smiles,WideDeep,scaffoldcv,results/20260424_multicancer_stad_protocol_rerun/step4_models/fs_a_stad_baseline/dl_step4_2_7model_full/stad/2B_numeric_smiles/WideDeep/scaffoldcv,dl_7model_full,skip_existing_only,0.3795488883425817,0.40819185972213745,0.26430036137355145,2.7390493112498375,2.0486958821614585,-0.030886789162953694,0.40287140011787415,0.09754522144794464,0.7824203372001648,0.3795488774776459,1.5852231979370117,2.739049196243286,0.12180228631290595,0.5111111111111111,0.0,0.0,0.0,0.0,-1.5894571940104166e-07,0.06359906213364595,0.2670644613945835,True,model_input_only,True,False,True,True
DL,stad,2B_numeric_smiles,WideDeep,holdout,results/20260424_multicancer_stad_protocol_rerun/step4_models/fs_a_stad_baseline/dl_step4_2_7model_full/stad/2B_numeric_smiles/WideDeep/holdout,dl_7model_full,skip_existing_only,0.7680868149459966,0.8014604449272156,0.580554965111771,1.712611942391553,1.2689580917358398,0.6342034935951233,0.021672964096069336,0.0,0.7897597551345825,0.7680867910385132,1.5571013689041138,1.7126119136810303,0.6980243822284381,0.9333333333333333,273.0,201.0,0.9927272727272727,0.9901477832512315,0.20017170906066895,0.0381870763617489,0.17794058997625264,True,model_input_only,True,False,True,True
DL,stad,2B_numeric_smiles,WideDeep,groupcv,results/20260424_multicancer_stad_protocol_rerun/step4_models/fs_a_stad_baseline/dl_step4_2_7model_full/stad/2B_numeric_smiles/WideDeep/groupcv,dl_7model_full,skip_existing_only,0.4366326361698118,0.5122848649819692,0.30548661350185186,2.3691005892429406,1.7861980199813843,0.25551241636276245,0.34912851452827454,0.04234499856829643,0.7857611775398254,0.4366326332092285,1.5875096321105957,2.369100570678711,0.23337720438726098,0.5666666666666667,0.0,11.333333333333334,0.0,0.1425891181988743,0.0,0.05441578741695976,0.0649787877285624,True,model_input_only,True,False,True,True
DL,stad,2B_numeric_smiles,WideDeep,unseen_drug,results/20260424_multicancer_stad_protocol_rerun/step4_models/fs_a_stad_baseline/dl_step4_2_7model_full/stad/2B_numeric_smiles/WideDeep/unseen_drug,dl_7model_full,skip_existing_only,0.3358506788519458,0.49244681000709534,0.2322532841605671,2.746899504221351,2.0385146141052246,0.07297629117965698,0.4502946436405182,0.0,0.7861453294754028,0.33585068583488464,1.7090576887130737,2.7468996047973633,0.21484468966334597,0.26666666666666666,0.0,10.0,0.0,0.20408163265306123,0.29152750968933105,0.060903648380308824,0.0053776829816946595,True,model_input_only,True,False,True,True
DL,stad,2B_numeric_smiles,WideDeep,cv,results/20260424_multicancer_stad_protocol_rerun/step4_models/fs_a_stad_baseline/dl_step4_2_7model_full/stad/2B_numeric_smiles/WideDeep/cv,dl_7model_full,skip_existing_only,0.7569684066391088,0.8019680778185526,0.5729850640218238,1.7017237124850129,1.265028993288676,0.6163176695505778,0.026689648628234863,0.009364905767142773,0.7836580276489258,0.7569684386253357,1.6226781606674194,1.7017236948013306,0.599492757188104,0.9666666666666667,280.3333333333333,205.33333333333334,0.9836459182748936,0.9778147405517075,7.947285970052083e-08,0.027256740914419694,0.4247109412075425,True,model_input_only,True,False,True,True
DL,stad,2B_numeric_smiles,TabTransformer,scaffoldcv,results/20260424_multicancer_stad_protocol_rerun/step4_models/fs_a_stad_baseline/dl_step4_2_7model_full/stad/2B_numeric_smiles/TabTransformer/scaffoldcv,dl_7model_full,skip_existing_only,0.3784487180794873,0.40715767939885456,0.2644208245145219,2.8736703797530008,2.232115387916565,-0.18741442759831747,0.40142202377319336,0.13421814143657684,0.7798707485198975,0.3784487247467041,1.551479697227478,2.8736705780029297,0.11934211613777003,0.5777777777777778,0.0,0.0,0.0,0.0,-1.5894571940104166e-07,0.06359906213364595,0.2670644613945835,True,model_input_only,True,False,True,True
DL,stad,2B_numeric_smiles,TabTransformer,holdout,results/20260424_multicancer_stad_protocol_rerun/step4_models/fs_a_stad_baseline/dl_step4_2_7model_full/stad/2B_numeric_smiles/TabTransformer/holdout,dl_7model_full,skip_existing_only,0.746943164368483,0.7961447834968567,0.5612156156934236,1.7181195576714459,1.2636305093765259,0.6318469643592834,0.0237729549407959,0.0,0.77071613073349,0.7469431757926941,1.5996736288070679,1.718119502067566,0.28581120681139055,0.8333333333333334,273.0,201.0,0.9927272727272727,0.9901477832512315,0.20017170906066895,0.0381870763617489,0.17794058997625264,True,model_input_only,True,False,True,True
DL,stad,2B_numeric_smiles,TabTransformer,groupcv,results/20260424_multicancer_stad_protocol_rerun/step4_models/fs_a_stad_baseline/dl_step4_2_7model_full/stad/2B_numeric_smiles/TabTransformer/groupcv,dl_7model_full,skip_existing_only,0.4400141052115653,0.4995398322741191,0.30834651006503705,2.4848817547029056,1.905282696088155,0.18270633618036905,0.3375824987888336,0.028892451897263527,0.777596652507782,0.440014123916626,1.707802653312683,2.484881639480591,0.24031674707618889,0.6333333333333333,0.0,11.333333333333334,0.0,0.1425891181988743,0.0,0.05441578741695976,0.0649787877285624,True,model_input_only,True,False,True,True
DL,stad,2B_numeric_smiles,TabTransformer,unseen_drug,results/20260424_multicancer_stad_protocol_rerun/step4_models/fs_a_stad_baseline/dl_step4_2_7model_full/stad/2B_numeric_smiles/TabTransformer/unseen_drug,dl_7model_full,skip_existing_only,0.368911549839647,0.5150364637374878,0.25160754991803225,2.5064782131487804,1.9153637886047363,0.22814953327178955,0.4005351662635803,0.0,0.7694467306137085,0.3689115643501282,1.5241358280181885,2.5064783096313477,0.5961947261249321,0.6,0.0,10.0,0.0,0.20408163265306123,0.29152750968933105,0.060903648380308824,0.0053776829816946595,True,model_input_only,True,False,True,True
DL,stad,2B_numeric_smiles,TabTransformer,cv,results/20260424_multicancer_stad_protocol_rerun/step4_models/fs_a_stad_baseline/dl_step4_2_7model_full/stad/2B_numeric_smiles/TabTransformer/cv,dl_7model_full,skip_existing_only,0.7347347618449266,0.7818238735198975,0.5529472875711084,1.7480312987127633,1.2943914731343586,0.5959693193435669,0.024789592251181602,0.009673464111983776,0.7595243453979492,0.7347347736358643,1.6713062524795532,1.7480312585830688,0.4594588803147544,0.8444444444444444,280.3333333333333,205.33333333333334,0.9836459182748936,0.9778147405517075,7.947285970052083e-08,0.027256740914419694,0.4247109412075425,True,model_input_only,True,False,True,True
DL,stad,2B_numeric_smiles,FTTransformer,scaffoldcv,results/20260424_multicancer_stad_protocol_rerun/step4_models/fs_a_stad_baseline/dl_step4_2_7model_full/stad/2B_numeric_smiles/FTTransformer/scaffoldcv,dl_7model_full,skip_existing_only,0.36055361490571985,0.39643872777620953,0.2512351690479963,2.974247694550264,2.300705909729004,-0.2855946222941081,0.3800082504749298,0.15730755031108856,0.7405619025230408,0.3605535924434662,1.6553081274032593,2.974247694015503,0.08778310441005249,0.37777777777777777,0.0,0.0,0.0,0.0,-1.5894571940104166e-07,0.06359906213364595,0.2670644613945835,True,model_input_only,True,False,True,True
DL,stad,2B_numeric_smiles,FTTransformer,holdout,results/20260424_multicancer_stad_protocol_rerun/step4_models/fs_a_stad_baseline/dl_step4_2_7model_full/stad/2B_numeric_smiles/FTTransformer/holdout,dl_7model_full,skip_existing_only,0.7285882335199092,0.7841770648956299,0.5493353474970906,1.758926377768805,1.298640489578247,0.6141513586044312,0.0325084924697876,0.0,0.761096715927124,0.7285882234573364,1.6200486421585083,1.7589263916015625,0.7212748969330615,0.7666666666666667,273.0,201.0,0.9927272727272727,0.9901477832512315,0.20017170906066895,0.0381870763617489,0.17794058997625264,True,model_input_only,True,False,True,True
DL,stad,2B_numeric_smiles,FTTransformer,groupcv,results/20260424_multicancer_stad_protocol_rerun/step4_models/fs_a_stad_baseline/dl_step4_2_7model_full/stad/2B_numeric_smiles/FTTransformer/groupcv,dl_7model_full,skip_existing_only,0.42749139927820234,0.5030599435170492,0.29851950234695784,2.4014137163466476,1.7904108762741089,0.23431513706843057,0.32615044713020325,0.04224502295255661,0.7536418437957764,0.4274914264678955,1.6608147621154785,2.401413679122925,0.22069343402421862,0.7444444444444445,0.0,11.333333333333334,0.0,0.1425891181988743,0.0,0.05441578741695976,0.0649787877285624,True,model_input_only,True,False,True,True
DL,stad,2B_numeric_smiles,FTTransformer,unseen_drug,results/20260424_multicancer_stad_protocol_rerun/step4_models/fs_a_stad_baseline/dl_step4_2_7model_full/stad/2B_numeric_smiles/FTTransformer/unseen_drug,dl_7model_full,skip_existing_only,0.35417221186751824,0.5088696479797363,0.2404785328468421,2.5089597365553242,1.9274293184280396,0.22662049531936646,0.4245782792568207,0.0,0.778750479221344,0.3541721999645233,1.5460660457611084,2.5089597702026367,0.5434038910278568,0.5666666666666667,0.0,10.0,0.0,0.20408163265306123,0.29152750968933105,0.060903648380308824,0.0053776829816946595,True,model_input_only,True,False,True,True
DL,stad,2B_numeric_smiles,FTTransformer,cv,results/20260424_multicancer_stad_protocol_rerun/step4_models/fs_a_stad_baseline/dl_step4_2_7model_full/stad/2B_numeric_smiles/FTTransformer/cv,dl_7model_full,skip_existing_only,0.7088518597646201,0.7664249738057455,0.5288575701832702,1.91796430342703,1.432384689648946,0.5123286247253418,0.023806890472769737,0.019488351419568062,0.7326586842536926,0.7088518142700195,1.844390869140625,1.9179643392562866,0.45817075656060496,0.8666666666666667,280.3333333333333,205.33333333333334,0.9836459182748936,0.9778147405517075,7.947285970052083e-08,0.027256740914419694,0.4247109412075425,True,model_input_only,True,False,True,True
DL,stad,2B_numeric_smiles,TabNet,scaffoldcv,results/20260424_multicancer_stad_protocol_rerun/step4_models/fs_a_stad_baseline/dl_step4_2_7model_full/stad/2B_numeric_smiles/TabNet/scaffoldcv,dl_7model_full,skip_existing_only,0.3559407744850793,0.38587406277656555,0.24881612776653994,3.593058833536116,2.8510289192199707,-1.1320926944414775,0.46581992506980896,0.09821838140487671,0.8217606544494629,0.3559407889842987,1.3343729972839355,3.5930585861206055,0.17103820510803056,0.3333333333333333,0.0,0.0,0.0,0.0,-1.5894571940104166e-07,0.06359906213364595,0.2670644613945835,True,model_input_only,True,False,True,True
DL,stad,2B_numeric_smiles,TabNet,holdout,results/20260424_multicancer_stad_protocol_rerun/step4_models/fs_a_stad_baseline/dl_step4_2_7model_full/stad/2B_numeric_smiles/TabNet/holdout,dl_7model_full,skip_existing_only,0.7605536685421764,0.8283116817474365,0.5762789856612414,1.6183821094416004,1.2245457172393799,0.673349142074585,0.05369192361831665,0.0,0.8142455816268921,0.7605536580085754,1.3853951692581177,1.6183820962905884,0.9165976310361521,0.9333333333333333,273.0,201.0,0.9927272727272727,0.9901477832512315,0.20017170906066895,0.0381870763617489,0.17794058997625264,True,model_input_only,True,False,True,True
DL,stad,2B_numeric_smiles,TabNet,groupcv,results/20260424_multicancer_stad_protocol_rerun/step4_models/fs_a_stad_baseline/dl_step4_2_7model_full/stad/2B_numeric_smiles/TabNet/groupcv,dl_7model_full,skip_existing_only,0.37832008284198887,0.4912531276543935,0.2639251674958765,2.4285218791681302,1.8989909092585247,0.2160226305325826,0.4548661410808563,0.0645870640873909,0.8331862092018127,0.3783200979232788,1.3195384740829468,2.4285218715667725,0.335114586070217,0.41111111111111115,0.0,11.333333333333334,0.0,0.1425891181988743,0.0,0.05441578741695976,0.0649787877285624,True,model_input_only,True,False,True,True
DL,stad,2B_numeric_smiles,TabNet,unseen_drug,results/20260424_multicancer_stad_protocol_rerun/step4_models/fs_a_stad_baseline/dl_step4_2_7model_full/stad/2B_numeric_smiles/TabNet/unseen_drug,dl_7model_full,skip_existing_only,0.2994158678919951,0.45661380887031555,0.2070328196456974,2.865517943534257,2.190108060836792,-0.00881505012512207,0.5151201486587524,0.0,0.8145359754562378,0.29941585659980774,1.403581142425537,2.8655178546905518,0.4946665837345042,0.4666666666666667,0.0,10.0,0.0,0.20408163265306123,0.29152750968933105,0.060903648380308824,0.0053776829816946595,True,model_input_only,True,False,True,True
DL,stad,2B_numeric_smiles,TabNet,cv,results/20260424_multicancer_stad_protocol_rerun/step4_models/fs_a_stad_baseline/dl_step4_2_7model_full/stad/2B_numeric_smiles/TabNet/cv,dl_7model_full,skip_existing_only,0.7559468644407646,0.8224323193232218,0.5746856713876173,1.6714155604983316,1.252004583676656,0.6293167273203532,0.0741644874215126,0.008400730788707733,0.8301113247871399,0.7559468746185303,1.4442015886306763,1.6714156866073608,0.8799316774943468,1.0,280.3333333333333,205.33333333333334,0.9836459182748936,0.9778147405517075,7.947285970052083e-08,0.027256740914419694,0.4247109412075425,True,model_input_only,True,False,True,True
DL,stad,2B_numeric_smiles,ResidualMLP,scaffoldcv,results/20260424_multicancer_stad_protocol_rerun/step4_models/fs_a_stad_baseline/dl_step4_2_7model_full/stad/2B_numeric_smiles/ResidualMLP/scaffoldcv,dl_7model_full,skip_existing_only,0.37571914149892655,0.3890484571456909,0.26217908584141464,3.076764894403654,2.3643056948979697,-0.40002044041951496,0.41184452176094055,0.10552681237459183,0.7875637412071228,0.3757191598415375,1.4789594411849976,3.0767650604248047,0.19717364170468218,0.6444444444444445,0.0,0.0,0.0,0.0,-1.5894571940104166e-07,0.06359906213364595,0.2670644613945835,True,model_input_only,True,False,True,True
DL,stad,2B_numeric_smiles,ResidualMLP,holdout,results/20260424_multicancer_stad_protocol_rerun/step4_models/fs_a_stad_baseline/dl_step4_2_7model_full/stad/2B_numeric_smiles/ResidualMLP/holdout,dl_7model_full,skip_existing_only,0.7712406874421757,0.8181365728378296,0.5867836036322029,1.6826449595067339,1.2905607223510742,0.646892786026001,0.026598095893859863,0.0,0.7978388071060181,0.7712407112121582,1.5591089725494385,1.6826449632644653,0.744456357306112,0.9666666666666667,273.0,201.0,0.9927272727272727,0.9901477832512315,0.20017170906066895,0.0381870763617489,0.17794058997625264,True,model_input_only,True,False,True,True
DL,stad,2B_numeric_smiles,ResidualMLP,groupcv,results/20260424_multicancer_stad_protocol_rerun/step4_models/fs_a_stad_baseline/dl_step4_2_7model_full/stad/2B_numeric_smiles/ResidualMLP/groupcv,dl_7model_full,skip_existing_only,0.438753215313822,0.5147185325622559,0.30776690026974524,2.3789283751983383,1.7993682622909546,0.24862003326416016,0.35939982533454895,0.05710229277610779,0.7981529831886292,0.438753217458725,1.496653437614441,2.3789284229278564,0.3394239029796969,0.7333333333333334,0.0,11.333333333333334,0.0,0.1425891181988743,0.0,0.05441578741695976,0.0649787877285624,True,model_input_only,True,False,True,True
DL,stad,2B_numeric_smiles,ResidualMLP,unseen_drug,results/20260424_multicancer_stad_protocol_rerun/step4_models/fs_a_stad_baseline/dl_step4_2_7model_full/stad/2B_numeric_smiles/ResidualMLP/unseen_drug,dl_7model_full,skip_existing_only,0.334153818225197,0.4967503845691681,0.2286330014988546,2.605016666293143,2.069390058517456,0.16626834869384766,0.4634079933166504,0.0,0.7975618243217468,0.33415383100509644,1.5708516836166382,2.6050167083740234,0.5254041907259522,0.5,0.0,10.0,0.0,0.20408163265306123,0.29152750968933105,0.060903648380308824,0.0053776829816946595,True,model_input_only,True,False,True,True
DL,stad,2B_numeric_smiles,ResidualMLP,cv,results/20260424_multicancer_stad_protocol_rerun/step4_models/fs_a_stad_baseline/dl_step4_2_7model_full/stad/2B_numeric_smiles/ResidualMLP/cv,dl_7model_full,skip_existing_only,0.7649686939144588,0.8150433301925659,0.5850968391107915,1.6438704377538549,1.247689684232076,0.6427460114161173,0.02995201013982296,0.002680737990885973,0.7949206829071045,0.7649686932563782,1.5498160123825073,1.6438703536987305,0.7543529182360939,0.9888888888888889,280.3333333333333,205.33333333333334,0.9836459182748936,0.9778147405517075,7.947285970052083e-08,0.027256740914419694,0.4247109412075425,True,model_input_only,True,False,True,True
DL,stad,2B_numeric_smiles,CrossAttention,scaffoldcv,results/20260424_multicancer_stad_protocol_rerun/step4_models/fs_a_stad_baseline/dl_step4_2_7model_full/stad/2B_numeric_smiles/CrossAttention/scaffoldcv,dl_7model_full,skip_existing_only,0.35924560995605437,0.3751285970211029,0.24994322239640512,3.0955848680741624,2.4044237534205117,-0.4122579296429952,0.43829354643821716,0.08993647992610931,0.7975391745567322,0.359245628118515,1.4554710388183594,3.0955848693847656,0.12344986749525788,0.5,0.0,0.0,0.0,0.0,-1.5894571940104166e-07,0.06359906213364595,0.2670644613945835,True,model_input_only,True,False,True,True
DL,stad,2B_numeric_smiles,CrossAttention,holdout,results/20260424_multicancer_stad_protocol_rerun/step4_models/fs_a_stad_baseline/dl_step4_2_7model_full/stad/2B_numeric_smiles/CrossAttention/holdout,dl_7model_full,skip_existing_only,0.7757698479943804,0.8252429962158203,0.5909564093158297,1.6383089702627698,1.2108383178710938,0.6652556657791138,0.019800186157226562,0.0,0.7955700159072876,0.775769829750061,1.4925566911697388,1.6383090019226074,0.7278299308166148,0.9666666666666667,273.0,201.0,0.9927272727272727,0.9901477832512315,0.20017170906066895,0.0381870763617489,0.17794058997625264,True,model_input_only,True,False,True,True
DL,stad,2B_numeric_smiles,CrossAttention,groupcv,results/20260424_multicancer_stad_protocol_rerun/step4_models/fs_a_stad_baseline/dl_step4_2_7model_full/stad/2B_numeric_smiles/CrossAttention/groupcv,dl_7model_full,skip_existing_only,0.4022894793516702,0.48268428444862366,0.2821259253743442,2.4589326914467855,1.8868273496627808,0.19731072584788004,0.3940037786960602,0.0573427639901638,0.7962932586669922,0.402289479970932,1.5170502662658691,2.458932638168335,0.3435947242949196,0.6888888888888888,0.0,11.333333333333334,0.0,0.1425891181988743,0.0,0.05441578741695976,0.0649787877285624,True,model_input_only,True,False,True,True
DL,stad,2B_numeric_smiles,CrossAttention,unseen_drug,results/20260424_multicancer_stad_protocol_rerun/step4_models/fs_a_stad_baseline/dl_step4_2_7model_full/stad/2B_numeric_smiles/CrossAttention/unseen_drug,dl_7model_full,skip_existing_only,0.3298923568181183,0.4906392991542816,0.2268312404519375,2.5866546097536705,1.9550776481628418,0.1779804229736328,0.465711385011673,0.0,0.7956037521362305,0.3298923671245575,1.4601929187774658,2.5866546630859375,0.34774635460455505,0.36666666666666664,0.0,10.0,0.0,0.20408163265306123,0.29152750968933105,0.060903648380308824,0.0053776829816946595,True,model_input_only,True,False,True,True
DL,stad,2B_numeric_smiles,CrossAttention,cv,results/20260424_multicancer_stad_protocol_rerun/step4_models/fs_a_stad_baseline/dl_step4_2_7model_full/stad/2B_numeric_smiles/CrossAttention/cv,dl_7model_full,skip_existing_only,0.7663295467334407,0.8188279271125793,0.5851821694680215,1.594074962099633,1.1588300069173176,0.6639492511749268,0.030396878719329834,0.009304776787757874,0.796726405620575,0.7663295269012451,1.498170256614685,1.5940748453140259,0.6965899722543772,0.9888888888888889,280.3333333333333,205.33333333333334,0.9836459182748936,0.9778147405517075,7.947285970052083e-08,0.027256740914419694,0.4247109412075425,True,model_input_only,True,False,True,True
DL,stad,2B_numeric_smiles,FlatMLP,scaffoldcv,results/20260424_multicancer_stad_protocol_rerun/step4_models/fs_a_stad_baseline/dl_step4_2_7model_full/stad/2B_numeric_smiles/FlatMLP/scaffoldcv,dl_7model_full,skip_existing_only,0.36245113009567165,0.4043302039305369,0.25138782642066665,2.6979135641315537,2.0112160046895347,0.0179100235303243,0.42103779315948486,0.08071208745241165,0.783488929271698,0.36245110630989075,1.584071159362793,2.697913408279419,0.09407519747670617,0.4777777777777778,0.0,0.0,0.0,0.0,-1.5894571940104166e-07,0.06359906213364595,0.2670644613945835,True,model_input_only,True,False,True,True
DL,stad,2B_numeric_smiles,FlatMLP,holdout,results/20260424_multicancer_stad_protocol_rerun/step4_models/fs_a_stad_baseline/dl_step4_2_7model_full/stad/2B_numeric_smiles/FlatMLP/holdout,dl_7model_full,skip_existing_only,0.7681436727399955,0.8202742338180542,0.5818006928158573,1.7659845576837003,1.2997397184371948,0.6110485196113586,0.019420623779296875,0.0,0.7875642776489258,0.7681436538696289,1.5925647020339966,1.7659845352172852,0.6988583799328364,0.9666666666666667,273.0,201.0,0.9927272727272727,0.9901477832512315,0.20017170906066895,0.0381870763617489,0.17794058997625264,True,model_input_only,True,False,True,True
DL,stad,2B_numeric_smiles,FlatMLP,groupcv,results/20260424_multicancer_stad_protocol_rerun/step4_models/fs_a_stad_baseline/dl_step4_2_7model_full/stad/2B_numeric_smiles/FlatMLP/groupcv,dl_7model_full,skip_existing_only,0.41526680239386354,0.4910772144794464,0.29094329889201814,2.4003181367765607,1.8056257565816243,0.2356802225112915,0.38124966621398926,0.04739049822092056,0.796516478061676,0.41526684165000916,1.5325554609298706,2.400317907333374,0.32697959375505564,0.6,0.0,11.333333333333334,0.0,0.1425891181988743,0.0,0.05441578741695976,0.0649787877285624,True,model_input_only,True,False,True,True
DL,stad,2B_numeric_smiles,FlatMLP,unseen_drug,results/20260424_multicancer_stad_protocol_rerun/step4_models/fs_a_stad_baseline/dl_step4_2_7model_full/stad/2B_numeric_smiles/FlatMLP/unseen_drug,dl_7model_full,skip_existing_only,0.3220486233976301,0.48632097244262695,0.22210057016828777,2.559029252356546,2.005307197570801,0.19544488191604614,0.47353729605674744,0.0,0.7955859303474426,0.3220486342906952,1.5371934175491333,2.5590293407440186,0.4244634872643552,0.36666666666666664,0.0,10.0,0.0,0.20408163265306123,0.29152750968933105,0.060903648380308824,0.0053776829816946595,True,model_input_only,True,False,True,True
DL,stad,2B_numeric_smiles,FlatMLP,cv,results/20260424_multicancer_stad_protocol_rerun/step4_models/fs_a_stad_baseline/dl_step4_2_7model_full/stad/2B_numeric_smiles/FlatMLP/cv,dl_7model_full,skip_existing_only,0.757840013259686,0.8038448890050253,0.574898918515692,1.64846344762299,1.2130311330159504,0.6406552791595459,0.029711147770285606,0.004522626753896475,0.7875511646270752,0.7578399777412415,1.5574339628219604,1.6484633684158325,0.5805891216186199,0.9666666666666667,280.3333333333333,205.33333333333334,0.9836459182748936,0.9778147405517075,7.947285970052083e-08,0.027256740914419694,0.4247109412075425,True,model_input_only,True,False,True,True
DL,luad,2A_numeric,WideDeep,scaffoldcv,results/20260424_multicancer_stad_protocol_rerun/step4_models/fs_a_stad_baseline/dl_step4_2_7model_full/luad/2A_numeric/WideDeep/scaffoldcv,dl_7model_full,skip_existing_only,0.3323646503657261,0.30773237347602844,0.22723478163662061,2.635828015553953,2.0209800004959106,0.07088214159011841,0.0059297881089150906,0.012024322524666786,0.3382944166660309,0.33236464858055115,2.613598585128784,2.6358280181884766,0.14486002709595516,0.8111111111111112,0.0,0.0,0.0,0.0,-4.38690185546875e-05,0.0941207068551463,9.127519685561636e-89,True,model_input_only,False,False,True,True
DL,luad,2A_numeric,WideDeep,holdout,results/20260424_multicancer_stad_protocol_rerun/step4_models/fs_a_stad_baseline/dl_step4_2_7model_full/luad/2A_numeric/WideDeep/holdout,dl_7model_full,skip_existing_only,0.3308012791695516,0.31376922130584717,0.22565177386250906,2.6060642093878172,2.008579969406128,0.09147042036056519,0.004822760820388794,0.0,0.3356240391731262,0.3308012783527374,2.6318271160125732,2.6060643196105957,0.034379300308625155,0.7,295.0,220.0,1.0,1.0,-0.02993011474609375,0.008026118141156835,0.14982826160409668,True,model_input_only,False,False,True,True
DL,luad,2A_numeric,WideDeep,groupcv,results/20260424_multicancer_stad_protocol_rerun/step4_models/fs_a_stad_baseline/dl_step4_2_7model_full/luad/2A_numeric/WideDeep/groupcv,dl_7model_full,skip_existing_only,0.33139324946154214,0.3110706110795339,0.22640208889715607,2.6308018544412857,1.9810332457224529,0.08551595608393352,0.005869527813047171,0.017940698191523552,0.33726274967193604,0.3313932418823242,2.6157143115997314,2.6308019161224365,0.03929948899390929,0.7333333333333334,0.0,11.0,0.0,0.1389010989010989,0.00010673205057779948,0.04989926983305611,4.1043965493721306e-26,True,model_input_only,False,False,True,True
DL,luad,2A_numeric,WideDeep,unseen_drug,results/20260424_multicancer_stad_protocol_rerun/step4_models/fs_a_stad_baseline/dl_step4_2_7model_full/luad/2A_numeric/WideDeep/unseen_drug,dl_7model_full,skip_existing_only,0.3080332530691507,0.30236726999282837,0.20883377113226617,2.74990376390782,2.075936794281006,0.07037860155105591,0.03593751788139343,0.0,0.34397077560424805,0.3080332577228546,2.5914506912231445,2.749903678894043,0.14650843189858812,0.6333333333333333,0.0,10.0,0.0,0.20408163265306123,0.2929506301879883,0.05345776503633326,8.748190174842379e-49,True,model_input_only,False,False,True,True
DL,luad,2A_numeric,WideDeep,cv,results/20260424_multicancer_stad_protocol_rerun/step4_models/fs_a_stad_baseline/dl_step4_2_7model_full/luad/2A_numeric/WideDeep/cv,dl_7model_full,skip_existing_only,0.32458138636976486,0.30411842465400696,0.22120245912128092,2.6380320301243256,2.009121378262838,0.08586597442626953,0.013143490068614483,0.006467810366302729,0.337724894285202,0.3245813846588135,2.6237194538116455,2.6380319595336914,0.02943261299911412,0.7444444444444445,295.0,220.0,1.0,1.0,0.0,0.004448802889330056,0.6450500009263341,True,model_input_only,False,False,True,True
DL,luad,2A_numeric,TabTransformer,scaffoldcv,results/20260424_multicancer_stad_protocol_rerun/step4_models/fs_a_stad_baseline/dl_step4_2_7model_full/luad/2A_numeric/TabTransformer/scaffoldcv,dl_7model_full,skip_existing_only,0.3327319491254843,0.30720486243565875,0.22750231425940856,2.6498617207186417,1.9979756275812786,0.06314420700073242,0.004605958703905344,0.011414352804422379,0.3373378813266754,0.3327319324016571,2.6255595684051514,2.6498615741729736,0.08060751608573449,0.6777777777777777,0.0,0.0,0.0,0.0,-4.38690185546875e-05,0.0941207068551463,9.127519685561636e-89,True,model_input_only,False,False,True,True
DL,luad,2A_numeric,TabTransformer,holdout,results/20260424_multicancer_stad_protocol_rerun/step4_models/fs_a_stad_baseline/dl_step4_2_7model_full/luad/2A_numeric/TabTransformer/holdout,dl_7model_full,skip_existing_only,0.3302898149529522,0.3110731542110443,0.22541662286227676,2.6173100229308015,1.9329982995986938,0.08361244201660156,0.002905726432800293,0.0,0.3331955373287201,0.3302898108959198,2.6530022621154785,2.617310047149658,0.040919320810175464,0.7666666666666667,295.0,220.0,1.0,1.0,-0.02993011474609375,0.008026118141156835,0.14982826160409668,True,model_input_only,False,False,True,True
DL,luad,2A_numeric,TabTransformer,groupcv,results/20260424_multicancer_stad_protocol_rerun/step4_models/fs_a_stad_baseline/dl_step4_2_7model_full/luad/2A_numeric/TabTransformer/groupcv,dl_7model_full,skip_existing_only,0.33034292825508416,0.3076656361420949,0.22568823187302245,2.6329083136820928,1.972650448481242,0.0842275619506836,0.0048142969608306885,0.016632163897156715,0.33515724539756775,0.3303429186344147,2.632445812225342,2.632908344268799,0.04475273440739617,0.7555555555555555,0.0,11.0,0.0,0.1389010989010989,0.00010673205057779948,0.04989926983305611,4.1043965493721306e-26,True,model_input_only,False,False,True,True
DL,luad,2A_numeric,TabTransformer,unseen_drug,results/20260424_multicancer_stad_protocol_rerun/step4_models/fs_a_stad_baseline/dl_step4_2_7model_full/luad/2A_numeric/TabTransformer/unseen_drug,dl_7model_full,skip_existing_only,0.30750050875864104,0.3004555404186249,0.20855133506067206,2.766776841815622,2.078716516494751,0.05893552303314209,0.030587822198867798,0.0,0.33808833360671997,0.3075005114078522,2.611386775970459,2.7667768001556396,0.14583920673908027,0.6333333333333333,0.0,10.0,0.0,0.20408163265306123,0.2929506301879883,0.05345776503633326,8.748190174842379e-49,True,model_input_only,False,False,True,True
DL,luad,2A_numeric,TabTransformer,cv,results/20260424_multicancer_stad_protocol_rerun/step4_models/fs_a_stad_baseline/dl_step4_2_7model_full/luad/2A_numeric/TabTransformer/cv,dl_7model_full,skip_existing_only,0.32328497987412846,0.30026549100875854,0.2203248160406199,2.6389864668889254,2.000228524208069,0.0852048397064209,0.012536386959254742,0.006056471727788448,0.33582139015197754,0.32328498363494873,2.625993251800537,2.638986587524414,0.06630994851722642,0.7222222222222223,295.0,220.0,1.0,1.0,0.0,0.004448802889330056,0.6450500009263341,True,model_input_only,False,False,True,True
DL,luad,2A_numeric,FTTransformer,scaffoldcv,results/20260424_multicancer_stad_protocol_rerun/step4_models/fs_a_stad_baseline/dl_step4_2_7model_full/luad/2A_numeric/FTTransformer/scaffoldcv,dl_7model_full,skip_existing_only,0.3305434664907381,0.3025408287843068,0.22590813678546606,2.630823632777172,1.9838286240895588,0.07545232772827148,-0.010576565749943256,0.012136260978877544,0.3199668824672699,0.33054348826408386,2.7230215072631836,2.6308236122131348,0.0583970803831009,0.5777777777777778,0.0,0.0,0.0,0.0,-4.38690185546875e-05,0.0941207068551463,9.127519685561636e-89,True,model_input_only,False,False,True,True
DL,luad,2A_numeric,FTTransformer,holdout,results/20260424_multicancer_stad_protocol_rerun/step4_models/fs_a_stad_baseline/dl_step4_2_7model_full/luad/2A_numeric/FTTransformer/holdout,dl_7model_full,skip_existing_only,0.33016053171811177,0.31183236837387085,0.2253480355635562,2.621885632026221,1.9342882633209229,0.080405592918396,-0.01582673192024231,0.0,0.31433379650115967,0.330160528421402,2.757202625274658,2.6218855381011963,0.04290485863874869,0.7666666666666667,295.0,220.0,1.0,1.0,-0.02993011474609375,0.008026118141156835,0.14982826160409668,True,model_input_only,False,False,True,True
DL,luad,2A_numeric,FTTransformer,groupcv,results/20260424_multicancer_stad_protocol_rerun/step4_models/fs_a_stad_baseline/dl_step4_2_7model_full/luad/2A_numeric/FTTransformer/groupcv,dl_7model_full,skip_existing_only,0.3286568998817562,0.3054039378960927,0.22439601536866557,2.659093354195564,2.0141109228134155,0.06564237674077351,-0.018321245908737183,0.015713807195425034,0.3103356659412384,0.3286568820476532,2.7388598918914795,2.6590936183929443,0.03803652146904355,0.6555555555555556,0.0,11.0,0.0,0.1389010989010989,0.00010673205057779948,0.04989926983305611,4.1043965493721306e-26,True,model_input_only,False,False,True,True
DL,luad,2A_numeric,FTTransformer,unseen_drug,results/20260424_multicancer_stad_protocol_rerun/step4_models/fs_a_stad_baseline/dl_step4_2_7model_full/luad/2A_numeric/FTTransformer/unseen_drug,dl_7model_full,skip_existing_only,0.3072641677680356,0.29972076416015625,0.20832366271574848,2.7640293496722514,2.0795340538024902,0.06080359220504761,0.006563127040863037,0.0,0.3138273060321808,0.30726417899131775,2.8458566665649414,2.7640292644500732,0.1537537860651085,0.6666666666666666,0.0,10.0,0.0,0.20408163265306123,0.2929506301879883,0.05345776503633326,8.748190174842379e-49,True,model_input_only,False,False,True,True
DL,luad,2A_numeric,FTTransformer,cv,results/20260424_multicancer_stad_protocol_rerun/step4_models/fs_a_stad_baseline/dl_step4_2_7model_full/luad/2A_numeric/FTTransformer/cv,dl_7model_full,skip_existing_only,0.3222117361031484,0.2988058030605316,0.2196096811848218,2.6384273541692256,1.989469091097514,0.08559813102086385,-0.010321279056370258,0.006137580145150423,0.31189045310020447,0.32221174240112305,2.7693684101104736,2.638427495956421,0.02458789310446294,0.6888888888888888,295.0,220.0,1.0,1.0,0.0,0.004448802889330056,0.6450500009263341,True,model_input_only,False,False,True,True
DL,luad,2A_numeric,TabNet,scaffoldcv,results/20260424_multicancer_stad_protocol_rerun/step4_models/fs_a_stad_baseline/dl_step4_2_7model_full/luad/2A_numeric/TabNet/scaffoldcv,dl_7model_full,skip_existing_only,0.32803682027326403,0.30381397406260174,0.22402675224205662,2.649576253973236,2.0275097688039145,0.06232454379399618,0.007438222412019968,0.011058246716856956,0.33547505736351013,0.3280368149280548,2.6160736083984375,2.649576187133789,0.1302414716228483,0.6555555555555556,0.0,0.0,0.0,0.0,-4.38690185546875e-05,0.0941207068551463,9.127519685561636e-89,True,model_input_only,False,False,True,True
DL,luad,2A_numeric,TabNet,holdout,results/20260424_multicancer_stad_protocol_rerun/step4_models/fs_a_stad_baseline/dl_step4_2_7model_full/luad/2A_numeric/TabNet/holdout,dl_7model_full,skip_existing_only,0.3237121416568185,0.3072225749492645,0.22082917455519654,2.6019246533778544,1.9704512357711792,0.09435445070266724,0.008289307355880737,0.0,0.3320014476776123,0.32371214032173157,2.6276662349700928,2.6019246578216553,0.02949697212513307,0.5666666666666667,295.0,220.0,1.0,1.0,-0.02993011474609375,0.008026118141156835,0.14982826160409668,True,model_input_only,False,False,True,True
DL,luad,2A_numeric,TabNet,groupcv,results/20260424_multicancer_stad_protocol_rerun/step4_models/fs_a_stad_baseline/dl_step4_2_7model_full/luad/2A_numeric/TabNet/groupcv,dl_7model_full,skip_existing_only,0.32613493768551616,0.30572769045829773,0.22270203522356277,2.6364229658909593,2.0086912314097085,0.08133802811304729,0.008051742799580097,0.01873098872601986,0.33418670296669006,0.32613494992256165,2.618098497390747,2.636422872543335,0.04645022003828802,0.7555555555555555,0.0,11.0,0.0,0.1389010989010989,0.00010673205057779948,0.04989926983305611,4.1043965493721306e-26,True,model_input_only,False,False,True,True
DL,luad,2A_numeric,TabNet,unseen_drug,results/20260424_multicancer_stad_protocol_rerun/step4_models/fs_a_stad_baseline/dl_step4_2_7model_full/luad/2A_numeric/TabNet/unseen_drug,dl_7model_full,skip_existing_only,0.3016944679561194,0.29619985818862915,0.20439534375936994,2.735477159988027,2.091787099838257,0.08010703325271606,0.0345938503742218,0.0,0.33628833293914795,0.30169448256492615,2.596104860305786,2.7354772090911865,0.2609938359435689,0.7666666666666667,0.0,10.0,0.0,0.20408163265306123,0.2929506301879883,0.05345776503633326,8.748190174842379e-49,True,model_input_only,False,False,True,True
DL,luad,2A_numeric,TabNet,cv,results/20260424_multicancer_stad_protocol_rerun/step4_models/fs_a_stad_baseline/dl_step4_2_7model_full/luad/2A_numeric/TabNet/cv,dl_7model_full,skip_existing_only,0.31776512574821325,0.29786137739817303,0.21632516682515704,2.634651550754269,1.9981181224187214,0.08820950984954834,0.01564623974263668,0.006921290419995785,0.3334113657474518,0.31776511669158936,2.6195578575134277,2.6346514225006104,0.026564534155499333,0.7222222222222222,295.0,220.0,1.0,1.0,0.0,0.004448802889330056,0.6450500009263341,True,model_input_only,False,False,True,True
DL,luad,2A_numeric,ResidualMLP,scaffoldcv,results/20260424_multicancer_stad_protocol_rerun/step4_models/fs_a_stad_baseline/dl_step4_2_7model_full/luad/2A_numeric/ResidualMLP/scaffoldcv,dl_7model_full,skip_existing_only,0.3324907328417424,0.3084496756394704,0.2273219719559579,2.6164750057818167,1.9832775990168254,0.08464344342549641,0.005613803863525391,0.01114620640873909,0.33810457587242126,0.3324907124042511,2.627375841140747,2.6164748668670654,0.16803604379329498,0.7111111111111112,0.0,0.0,0.0,0.0,-4.38690185546875e-05,0.0941207068551463,9.127519685561636e-89,True,model_input_only,False,False,True,True
DL,luad,2A_numeric,ResidualMLP,holdout,results/20260424_multicancer_stad_protocol_rerun/step4_models/fs_a_stad_baseline/dl_step4_2_7model_full/luad/2A_numeric/ResidualMLP/holdout,dl_7model_full,skip_existing_only,0.330332928342403,0.3133034408092499,0.22529551813800897,2.6043588999687026,1.9426501989364624,0.0926591157913208,0.0046051740646362305,0.0,0.334938108921051,0.3303329348564148,2.6342265605926514,2.6043589115142822,0.02643785633599434,0.6666666666666666,295.0,220.0,1.0,1.0,-0.02993011474609375,0.008026118141156835,0.14982826160409668,True,model_input_only,False,False,True,True
DL,luad,2A_numeric,ResidualMLP,groupcv,results/20260424_multicancer_stad_protocol_rerun/step4_models/fs_a_stad_baseline/dl_step4_2_7model_full/luad/2A_numeric/ResidualMLP/groupcv,dl_7model_full,skip_existing_only,0.33058098051785373,0.30946547786394757,0.2257971596957319,2.6494975677121113,2.0389928817749023,0.07216920455296834,0.006397714372724295,0.017305800691246986,0.3369786739349365,0.3305809795856476,2.6265742778778076,2.6494975090026855,0.04407029971848736,0.7333333333333334,0.0,11.0,0.0,0.1389010989010989,0.00010673205057779948,0.04989926983305611,4.1043965493721306e-26,True,model_input_only,False,False,True,True
DL,luad,2A_numeric,ResidualMLP,unseen_drug,results/20260424_multicancer_stad_protocol_rerun/step4_models/fs_a_stad_baseline/dl_step4_2_7model_full/luad/2A_numeric/ResidualMLP/unseen_drug,dl_7model_full,skip_existing_only,0.3050334284105052,0.2996867299079895,0.2067162873981982,2.7556603871506957,2.078674077987671,0.06648242473602295,0.03615131974220276,0.0,0.34118473529815674,0.305033415555954,2.5960493087768555,2.75566029548645,0.14866807021631442,0.6,0.0,10.0,0.0,0.20408163265306123,0.2929506301879883,0.05345776503633326,8.748190174842379e-49,True,model_input_only,False,False,True,True
DL,luad,2A_numeric,ResidualMLP,cv,results/20260424_multicancer_stad_protocol_rerun/step4_models/fs_a_stad_baseline/dl_step4_2_7model_full/luad/2A_numeric/ResidualMLP/cv,dl_7model_full,skip_existing_only,0.32417045800283817,0.30362602074941,0.22091505179390056,2.631720145473207,2.010785460472107,0.09024244546890259,0.013235966674983501,0.006188790313899517,0.3374064266681671,0.32417047023773193,2.6192216873168945,2.6317203044891357,0.028711481117540922,0.7555555555555555,295.0,220.0,1.0,1.0,0.0,0.004448802889330056,0.6450500009263341,True,model_input_only,False,False,True,True
DL,luad,2A_numeric,CrossAttention,scaffoldcv,results/20260424_multicancer_stad_protocol_rerun/step4_models/fs_a_stad_baseline/dl_step4_2_7model_full/luad/2A_numeric/CrossAttention/scaffoldcv,dl_7model_full,skip_existing_only,0.3328150410754596,0.3085143764813741,0.2275334548707482,2.641511065836609,2.0149778922398887,0.06737722953160603,0.005569875240325928,0.010675150901079178,0.3383848965167999,0.332815021276474,2.613306760787964,2.6415109634399414,0.1339885381313431,0.6888888888888888,0.0,0.0,0.0,0.0,-4.38690185546875e-05,0.0941207068551463,9.127519685561636e-89,True,model_input_only,False,False,True,True
DL,luad,2A_numeric,CrossAttention,holdout,results/20260424_multicancer_stad_protocol_rerun/step4_models/fs_a_stad_baseline/dl_step4_2_7model_full/luad/2A_numeric/CrossAttention/holdout,dl_7model_full,skip_existing_only,0.33043530037888935,0.31322258710861206,0.22547688324817733,2.6096895679296215,1.9351511001586914,0.08894091844558716,0.004788994789123535,0.0,0.33522430062294006,0.33043530583381653,2.6398351192474365,2.609689474105835,0.03779449119040176,0.8,295.0,220.0,1.0,1.0,-0.02993011474609375,0.008026118141156835,0.14982826160409668,True,model_input_only,False,False,True,True
DL,luad,2A_numeric,CrossAttention,groupcv,results/20260424_multicancer_stad_protocol_rerun/step4_models/fs_a_stad_baseline/dl_step4_2_7model_full/luad/2A_numeric/CrossAttention/groupcv,dl_7model_full,skip_existing_only,0.33092823113909137,0.3097461760044098,0.22603325392855475,2.6433359558170015,1.9856675068537395,0.07669289906819661,0.005667140241712332,0.01716829650104046,0.3365953862667084,0.330928236246109,2.626558542251587,2.643336057662964,0.03412961952654299,0.6555555555555556,0.0,11.0,0.0,0.1389010989010989,0.00010673205057779948,0.04989926983305611,4.1043965493721306e-26,True,model_input_only,False,False,True,True
DL,luad,2A_numeric,CrossAttention,unseen_drug,results/20260424_multicancer_stad_protocol_rerun/step4_models/fs_a_stad_baseline/dl_step4_2_7model_full/luad/2A_numeric/CrossAttention/unseen_drug,dl_7model_full,skip_existing_only,0.30833064116637793,0.3022729754447937,0.209039217290122,2.7196596750358966,2.10528302192688,0.09071457386016846,0.033830076456069946,0.0,0.34216073155403137,0.3083306550979614,2.6005241870880127,2.7196595668792725,0.27225625927645025,0.6666666666666666,0.0,10.0,0.0,0.20408163265306123,0.2929506301879883,0.05345776503633326,8.748190174842379e-49,True,model_input_only,False,False,True,True
DL,luad,2A_numeric,CrossAttention,cv,results/20260424_multicancer_stad_protocol_rerun/step4_models/fs_a_stad_baseline/dl_step4_2_7model_full/luad/2A_numeric/CrossAttention/cv,dl_7model_full,skip_existing_only,0.32313039647631264,0.3029130895932515,0.22018441494678165,2.6308074997672977,1.9845386743545532,0.09087151288986206,0.014011502265930176,0.006322258152067661,0.33714190125465393,0.32313039898872375,2.6167399883270264,2.630807399749756,0.03010166347357235,0.7555555555555555,295.0,220.0,1.0,1.0,0.0,0.004448802889330056,0.6450500009263341,True,model_input_only,False,False,True,True
DL,luad,2A_numeric,FlatMLP,scaffoldcv,results/20260424_multicancer_stad_protocol_rerun/step4_models/fs_a_stad_baseline/dl_step4_2_7model_full/luad/2A_numeric/FlatMLP/scaffoldcv,dl_7model_full,skip_existing_only,0.3321262811973385,0.3080834050973256,0.2270690346110994,2.6259480491103067,2.0195380449295044,0.07808679342269897,0.005477935075759888,0.011249402537941933,0.33760419487953186,0.332126259803772,2.621223211288452,2.625948190689087,0.1264002827178402,0.7777777777777777,0.0,0.0,0.0,0.0,-4.38690185546875e-05,0.0941207068551463,9.127519685561636e-89,True,model_input_only,False,False,True,True
DL,luad,2A_numeric,FlatMLP,holdout,results/20260424_multicancer_stad_protocol_rerun/step4_models/fs_a_stad_baseline/dl_step4_2_7model_full/luad/2A_numeric/FlatMLP/holdout,dl_7model_full,skip_existing_only,0.3317425471637368,0.31436094641685486,0.22632944716245354,2.5994344719817803,1.9437355995178223,0.09608709812164307,0.0035997629165649414,0.0,0.33534231781959534,0.3317425549030304,2.6301965713500977,2.5994343757629395,0.03633259226643964,0.8666666666666667,295.0,220.0,1.0,1.0,-0.02993011474609375,0.008026118141156835,0.14982826160409668,True,model_input_only,False,False,True,True
DL,luad,2A_numeric,FlatMLP,groupcv,results/20260424_multicancer_stad_protocol_rerun/step4_models/fs_a_stad_baseline/dl_step4_2_7model_full/luad/2A_numeric/FlatMLP/groupcv,dl_7model_full,skip_existing_only,0.3303717646725303,0.30945539474487305,0.22565455155056938,2.638199996813095,2.0241099993387857,0.07954853773117065,0.005990535020828247,0.017595771700143814,0.3363622725009918,0.33037176728248596,2.6263318061828613,2.638200044631958,0.04498063752363587,0.7999999999999999,0.0,11.0,0.0,0.1389010989010989,0.00010673205057779948,0.04989926983305611,4.1043965493721306e-26,True,model_input_only,False,False,True,True
DL,luad,2A_numeric,FlatMLP,unseen_drug,results/20260424_multicancer_stad_protocol_rerun/step4_models/fs_a_stad_baseline/dl_step4_2_7model_full/luad/2A_numeric/FlatMLP/unseen_drug,dl_7model_full,skip_existing_only,0.3074126962179426,0.30130377411842346,0.20840665085289567,2.7387129896301823,2.0818898677825928,0.07792949676513672,0.035364508628845215,0.0,0.34277719259262085,0.30741268396377563,2.5916318893432617,2.738713026046753,0.2907751908660745,0.8,0.0,10.0,0.0,0.20408163265306123,0.2929506301879883,0.05345776503633326,8.748190174842379e-49,True,model_input_only,False,False,True,True
DL,luad,2A_numeric,FlatMLP,cv,results/20260424_multicancer_stad_protocol_rerun/step4_models/fs_a_stad_baseline/dl_step4_2_7model_full/luad/2A_numeric/FlatMLP/cv,dl_7model_full,skip_existing_only,0.3229645826493184,0.3025473852952321,0.22012839482012403,2.6689686788049953,1.9799406131108601,0.06392731269200642,0.013363033533096313,0.006484507117420435,0.33632758259773254,0.3229645788669586,2.655860662460327,2.668968915939331,0.038409581114556675,0.7666666666666666,295.0,220.0,1.0,1.0,0.0,0.004448802889330056,0.6450500009263341,True,model_input_only,False,False,True,True
DL,luad,2C_numeric_smiles_context,WideDeep,scaffoldcv,results/20260424_multicancer_stad_protocol_rerun/step4_models/fs_a_stad_baseline/dl_step4_2_7model_full/luad/2C_numeric_smiles_context/WideDeep/scaffoldcv,dl_7model_full,skip_existing_only,0.440007269136131,0.4842498004436493,0.3094602571216896,2.5158443547446456,1.9058280388514202,0.1272398829460144,0.3905467987060547,0.10665859282016754,0.8305540084838867,0.4400072991847992,1.2768720388412476,2.5158443450927734,0.10970616249475217,0.8444444444444444,0.0,0.0,0.0,0.0,-4.38690185546875e-05,0.0941207068551463,9.127519685561636e-89,True,model_input_only,True,False,True,True
DL,luad,2C_numeric_smiles_context,WideDeep,holdout,results/20260424_multicancer_stad_protocol_rerun/step4_models/fs_a_stad_baseline/dl_step4_2_7model_full/luad/2C_numeric_smiles_context/WideDeep/holdout,dl_7model_full,skip_existing_only,0.8268409298991253,0.8803402781486511,0.647357874058066,1.2992246094351907,0.956242024898529,0.7741930484771729,0.006454885005950928,0.0,0.8332958221435547,0.8268409371376038,1.2897800207138062,1.299224615097046,0.8159424101019545,1.0,295.0,220.0,1.0,1.0,-0.02993011474609375,0.008026118141156835,0.14982826160409668,True,model_input_only,True,False,True,True
DL,luad,2C_numeric_smiles_context,WideDeep,groupcv,results/20260424_multicancer_stad_protocol_rerun/step4_models/fs_a_stad_baseline/dl_step4_2_7model_full/luad/2C_numeric_smiles_context/WideDeep/groupcv,dl_7model_full,skip_existing_only,0.40840570024565986,0.4914969603220622,0.2846954254210428,2.451953089871139,1.8807414372762044,0.20621583859125772,0.4293726980686188,0.04218889772891998,0.8377783894538879,0.40840569138526917,1.2786121368408203,2.4519529342651367,0.30314626377484943,0.8111111111111112,0.0,11.0,0.0,0.1389010989010989,0.00010673205057779948,0.04989926983305611,4.1043965493721306e-26,True,model_input_only,True,False,True,True
DL,luad,2C_numeric_smiles_context,WideDeep,unseen_drug,results/20260424_multicancer_stad_protocol_rerun/step4_models/fs_a_stad_baseline/dl_step4_2_7model_full/luad/2C_numeric_smiles_context/WideDeep/unseen_drug,dl_7model_full,skip_existing_only,0.33018996333698314,0.4817844331264496,0.22793724557264394,2.648960838261684,2.0018088817596436,0.13737469911575317,0.5042341947555542,0.0,0.8344241380691528,0.330189973115921,1.26533043384552,2.648960828781128,0.0923734666704224,0.23333333333333334,0.0,10.0,0.0,0.20408163265306123,0.2929506301879883,0.05345776503633326,8.748190174842379e-49,True,model_input_only,True,False,True,True
DL,luad,2C_numeric_smiles_context,WideDeep,cv,results/20260424_multicancer_stad_protocol_rerun/step4_models/fs_a_stad_baseline/dl_step4_2_7model_full/luad/2C_numeric_smiles_context/WideDeep/cv,dl_7model_full,skip_existing_only,0.8249522072928799,0.8794309695561727,0.6450735433344199,1.3194403490675946,0.9710505406061808,0.7712860703468323,0.006961663719266653,0.0020471049938350916,0.8319138884544373,0.8249521851539612,1.2933326959609985,1.3194403648376465,0.7641594103584929,1.0,295.0,220.0,1.0,1.0,0.0,0.004448802889330056,0.6450500009263341,True,model_input_only,True,False,True,True
DL,luad,2C_numeric_smiles_context,TabTransformer,scaffoldcv,results/20260424_multicancer_stad_protocol_rerun/step4_models/fs_a_stad_baseline/dl_step4_2_7model_full/luad/2C_numeric_smiles_context/TabTransformer/scaffoldcv,dl_7model_full,skip_existing_only,0.4652525640375001,0.49612756570180255,0.3275333087208911,2.572074692616054,1.9168377319971721,0.0706629753112793,0.3526339828968048,0.09769116342067719,0.8178865909576416,0.465252548456192,1.3647810220718384,2.5720748901367188,0.16047308846313338,0.8111111111111112,0.0,0.0,0.0,0.0,-4.38690185546875e-05,0.0941207068551463,9.127519685561636e-89,True,model_input_only,True,False,True,True
DL,luad,2C_numeric_smiles_context,TabTransformer,holdout,results/20260424_multicancer_stad_protocol_rerun/step4_models/fs_a_stad_baseline/dl_step4_2_7model_full/luad/2C_numeric_smiles_context/TabTransformer/holdout,dl_7model_full,skip_existing_only,0.8248517976787567,0.8791053891181946,0.646781768934004,1.3120276191409508,0.9632852077484131,0.7697207927703857,-0.013365387916564941,0.0,0.8114864230155945,0.8248518109321594,1.439099907875061,1.3120275735855103,0.7486929550933389,1.0,295.0,220.0,1.0,1.0,-0.02993011474609375,0.008026118141156835,0.14982826160409668,True,model_input_only,True,False,True,True
DL,luad,2C_numeric_smiles_context,TabTransformer,groupcv,results/20260424_multicancer_stad_protocol_rerun/step4_models/fs_a_stad_baseline/dl_step4_2_7model_full/luad/2C_numeric_smiles_context/TabTransformer/groupcv,dl_7model_full,skip_existing_only,0.4296855865804428,0.5027197599411011,0.30056199033711667,2.4181672029131467,1.8172001043955486,0.2279097636540731,0.3949003517627716,0.03417351096868515,0.8245859146118164,0.4296855926513672,1.3554153442382812,2.4181671142578125,0.4690656837454281,0.8555555555555556,0.0,11.0,0.0,0.1389010989010989,0.00010673205057779948,0.04989926983305611,4.1043965493721306e-26,True,model_input_only,True,False,True,True
DL,luad,2C_numeric_smiles_context,TabTransformer,unseen_drug,results/20260424_multicancer_stad_protocol_rerun/step4_models/fs_a_stad_baseline/dl_step4_2_7model_full/luad/2C_numeric_smiles_context/TabTransformer/unseen_drug,dl_7model_full,skip_existing_only,0.3849562098404703,0.5242886543273926,0.26752600284271216,2.55945611063667,1.9413657188415527,0.1946837306022644,0.42681917548179626,0.0,0.8117753863334656,0.3849562108516693,1.375200867652893,2.5594561100006104,0.13313485153945667,0.23333333333333334,0.0,10.0,0.0,0.20408163265306123,0.2929506301879883,0.05345776503633326,8.748190174842379e-49,True,model_input_only,True,False,True,True
DL,luad,2C_numeric_smiles_context,TabTransformer,cv,results/20260424_multicancer_stad_protocol_rerun/step4_models/fs_a_stad_baseline/dl_step4_2_7model_full/luad/2C_numeric_smiles_context/TabTransformer/cv,dl_7model_full,skip_existing_only,0.8205668782356436,0.8762271205584208,0.6412095600766828,1.3354929364191104,0.9772465825080872,0.7657179435094198,-0.0019129713764414191,0.002799735404551029,0.8186538815498352,0.8205668926239014,1.3721551895141602,1.3354929685592651,0.5968733513365964,1.0,295.0,220.0,1.0,1.0,0.0,0.004448802889330056,0.6450500009263341,True,model_input_only,True,False,True,True
DL,luad,2C_numeric_smiles_context,FTTransformer,scaffoldcv,results/20260424_multicancer_stad_protocol_rerun/step4_models/fs_a_stad_baseline/dl_step4_2_7model_full/luad/2C_numeric_smiles_context/FTTransformer/scaffoldcv,dl_7model_full,skip_existing_only,0.4460531377129899,0.4885215957959493,0.3133687322935555,2.5718121016009556,1.9474690357844036,0.09806301196416219,0.31125903129577637,0.09650180488824844,0.7573121190071106,0.4460531175136566,1.8064032793045044,2.571812152862549,0.15249283625892499,0.7777777777777778,0.0,0.0,0.0,0.0,-4.38690185546875e-05,0.0941207068551463,9.127519685561636e-89,True,model_input_only,True,False,True,True
DL,luad,2C_numeric_smiles_context,FTTransformer,holdout,results/20260424_multicancer_stad_protocol_rerun/step4_models/fs_a_stad_baseline/dl_step4_2_7model_full/luad/2C_numeric_smiles_context/FTTransformer/holdout,dl_7model_full,skip_existing_only,0.8201170731368841,0.875221848487854,0.6409253713526867,1.3408735671723413,0.9787086844444275,0.7594836950302124,-0.05696368217468262,0.0,0.7631533741950989,0.8201170563697815,1.6590781211853027,1.3408735990524292,0.4754956774308298,1.0,295.0,220.0,1.0,1.0,-0.02993011474609375,0.008026118141156835,0.14982826160409668,True,model_input_only,True,False,True,True
DL,luad,2C_numeric_smiles_context,FTTransformer,groupcv,results/20260424_multicancer_stad_protocol_rerun/step4_models/fs_a_stad_baseline/dl_step4_2_7model_full/luad/2C_numeric_smiles_context/FTTransformer/groupcv,dl_7model_full,skip_existing_only,0.4244492625070722,0.4974400997161865,0.29642947726585106,2.4262389264743205,1.8413060903549194,0.22291245063145956,0.34209033846855164,0.02945105731487274,0.7665395736694336,0.42444923520088196,1.6662508249282837,2.426239013671875,0.452497411057029,0.8333333333333334,0.0,11.0,0.0,0.1389010989010989,0.00010673205057779948,0.04989926983305611,4.1043965493721306e-26,True,model_input_only,True,False,True,True
DL,luad,2C_numeric_smiles_context,FTTransformer,unseen_drug,results/20260424_multicancer_stad_protocol_rerun/step4_models/fs_a_stad_baseline/dl_step4_2_7model_full/luad/2C_numeric_smiles_context/FTTransformer/unseen_drug,dl_7model_full,skip_existing_only,0.3752746874320311,0.5283383727073669,0.25971689485737565,2.5910349044186045,1.9850032329559326,0.17468899488449097,0.2387320101261139,0.0,0.6140066981315613,0.3752746880054474,2.3346376419067383,2.5910348892211914,0.3518869177322809,0.4666666666666667,0.0,10.0,0.0,0.20408163265306123,0.2929506301879883,0.05345776503633326,8.748190174842379e-49,True,model_input_only,True,False,True,True
DL,luad,2C_numeric_smiles_context,FTTransformer,cv,results/20260424_multicancer_stad_protocol_rerun/step4_models/fs_a_stad_baseline/dl_step4_2_7model_full/luad/2C_numeric_smiles_context/FTTransformer/cv,dl_7model_full,skip_existing_only,0.8211971556104736,0.8737002809842428,0.6405424534166704,1.3550659492058106,0.9968865513801575,0.7588052352269491,-0.0812654122710228,0.00196172297000885,0.7399317622184753,0.8211972117424011,1.7758935689926147,1.355065941810608,0.2791150378034923,1.0,295.0,220.0,1.0,1.0,0.0,0.004448802889330056,0.6450500009263341,True,model_input_only,True,False,True,True
DL,luad,2C_numeric_smiles_context,TabNet,scaffoldcv,results/20260424_multicancer_stad_protocol_rerun/step4_models/fs_a_stad_baseline/dl_step4_2_7model_full/luad/2C_numeric_smiles_context/TabNet/scaffoldcv,dl_7model_full,skip_existing_only,0.4236101392469784,0.45163680613040924,0.2988052662486367,2.8829189802736086,2.2220616340637207,-0.24080272515614828,0.43433836102485657,0.13600695133209229,0.8579484820365906,0.423610121011734,1.1992236375808716,2.8829190731048584,0.17030772286415807,0.8555555555555556,0.0,0.0,0.0,0.0,-4.38690185546875e-05,0.0941207068551463,9.127519685561636e-89,True,model_input_only,True,False,True,True
DL,luad,2C_numeric_smiles_context,TabNet,holdout,results/20260424_multicancer_stad_protocol_rerun/step4_models/fs_a_stad_baseline/dl_step4_2_7model_full/luad/2C_numeric_smiles_context/TabNet/holdout,dl_7model_full,skip_existing_only,0.8124404019186098,0.8704805374145508,0.6379430849506638,1.681609646360095,1.3257949352264404,0.6217148900032043,0.0237729549407959,0.0,0.8362133502960205,0.8124403953552246,1.6078613996505737,1.6816096305847168,0.845935244246341,1.0,295.0,220.0,1.0,1.0,-0.02993011474609375,0.008026118141156835,0.14982826160409668,True,model_input_only,True,False,True,True
DL,luad,2C_numeric_smiles_context,TabNet,groupcv,results/20260424_multicancer_stad_protocol_rerun/step4_models/fs_a_stad_baseline/dl_step4_2_7model_full/luad/2C_numeric_smiles_context/TabNet/groupcv,dl_7model_full,skip_existing_only,0.4203766910334659,0.48726649085680646,0.2935124523585226,2.469006783558076,1.8468825022379558,0.19317189852396646,0.45171716809272766,0.07772969454526901,0.8720938563346863,0.4203766882419586,1.1303316354751587,2.4690067768096924,0.26131461366916076,0.888888888888889,0.0,11.0,0.0,0.1389010989010989,0.00010673205057779948,0.04989926983305611,4.1043965493721306e-26,True,model_input_only,True,False,True,True
DL,luad,2C_numeric_smiles_context,TabNet,unseen_drug,results/20260424_multicancer_stad_protocol_rerun/step4_models/fs_a_stad_baseline/dl_step4_2_7model_full/luad/2C_numeric_smiles_context/TabNet/unseen_drug,dl_7model_full,skip_existing_only,0.39041293631519797,0.5274348258972168,0.27213101828633485,2.5289377082704134,1.9151620864868164,0.21377402544021606,0.4821275472640991,0.0,0.8725404739379883,0.39041292667388916,1.0726890563964844,2.528937816619873,0.3804161349700028,0.7,0.0,10.0,0.0,0.20408163265306123,0.2929506301879883,0.05345776503633326,8.748190174842379e-49,True,model_input_only,True,False,True,True
DL,luad,2C_numeric_smiles_context,TabNet,cv,results/20260424_multicancer_stad_protocol_rerun/step4_models/fs_a_stad_baseline/dl_step4_2_7model_full/luad/2C_numeric_smiles_context/TabNet/cv,dl_7model_full,skip_existing_only,0.8310832297021585,0.8853620290756226,0.6538824596373406,1.3119833541466817,0.964955190817515,0.7737319072087606,0.03325839713215828,0.0012586244847625494,0.8643415570259094,0.8310832381248474,1.1890500783920288,1.3119834661483765,0.7151639316619686,1.0,295.0,220.0,1.0,1.0,0.0,0.004448802889330056,0.6450500009263341,True,model_input_only,True,False,True,True
DL,luad,2C_numeric_smiles_context,ResidualMLP,scaffoldcv,results/20260424_multicancer_stad_protocol_rerun/step4_models/fs_a_stad_baseline/dl_step4_2_7model_full/luad/2C_numeric_smiles_context/ResidualMLP/scaffoldcv,dl_7model_full,skip_existing_only,0.4486610123313122,0.5072022477785746,0.31629880320048903,2.4071223485684183,1.7876195112864177,0.2029647429784139,0.3875541687011719,0.1090063825249672,0.8362151980400085,0.4486609995365143,1.2659209966659546,2.4071223735809326,0.11103211733612943,0.7111111111111111,0.0,0.0,0.0,0.0,-4.38690185546875e-05,0.0941207068551463,9.127519685561636e-89,True,model_input_only,True,False,True,True
DL,luad,2C_numeric_smiles_context,ResidualMLP,holdout,results/20260424_multicancer_stad_protocol_rerun/step4_models/fs_a_stad_baseline/dl_step4_2_7model_full/luad/2C_numeric_smiles_context/ResidualMLP/holdout,dl_7model_full,skip_existing_only,0.830258476569531,0.8834646344184875,0.652447974638206,1.2875946935996443,0.9391968250274658,0.7782175540924072,0.009731173515319824,0.0,0.8399896621704102,0.8302584886550903,1.2582405805587769,1.2875946760177612,0.8582593571518872,1.0,295.0,220.0,1.0,1.0,-0.02993011474609375,0.008026118141156835,0.14982826160409668,True,model_input_only,True,False,True,True
DL,luad,2C_numeric_smiles_context,ResidualMLP,groupcv,results/20260424_multicancer_stad_protocol_rerun/step4_models/fs_a_stad_baseline/dl_step4_2_7model_full/luad/2C_numeric_smiles_context/ResidualMLP/groupcv,dl_7model_full,skip_existing_only,0.41342106711552645,0.4959595799446106,0.2884995065741853,2.405877934059625,1.8370366493860881,0.2354140281677246,0.4261266887187958,0.035287413746118546,0.8395476937294006,0.41342106461524963,1.2775946855545044,2.4058780670166016,0.2928674502962888,0.8444444444444444,0.0,11.0,0.0,0.1389010989010989,0.00010673205057779948,0.04989926983305611,4.1043965493721306e-26,True,model_input_only,True,False,True,True
DL,luad,2C_numeric_smiles_context,ResidualMLP,unseen_drug,results/20260424_multicancer_stad_protocol_rerun/step4_models/fs_a_stad_baseline/dl_step4_2_7model_full/luad/2C_numeric_smiles_context/ResidualMLP/unseen_drug,dl_7model_full,skip_existing_only,0.36478908808862626,0.5036489963531494,0.2531331210021612,2.5137176865180044,1.926951289176941,0.22320914268493652,0.47898826003074646,0.0,0.8437773585319519,0.36478909850120544,1.1937813758850098,2.5137176513671875,0.15089860368854166,0.4666666666666667,0.0,10.0,0.0,0.20408163265306123,0.2929506301879883,0.05345776503633326,8.748190174842379e-49,True,model_input_only,True,False,True,True
DL,luad,2C_numeric_smiles_context,ResidualMLP,cv,results/20260424_multicancer_stad_protocol_rerun/step4_models/fs_a_stad_baseline/dl_step4_2_7model_full/luad/2C_numeric_smiles_context/ResidualMLP/cv,dl_7model_full,skip_existing_only,0.8269727537582111,0.8812039494514465,0.6479018659707926,1.3370283652659083,0.9900218447049459,0.765172004699707,0.010288218967616558,0.0007126308628357947,0.8372610211372375,0.8269727826118469,1.296815037727356,1.3370283842086792,0.78002207656692,1.0,295.0,220.0,1.0,1.0,0.0,0.004448802889330056,0.6450500009263341,True,model_input_only,True,False,True,True
DL,luad,2C_numeric_smiles_context,CrossAttention,scaffoldcv,results/20260424_multicancer_stad_protocol_rerun/step4_models/fs_a_stad_baseline/dl_step4_2_7model_full/luad/2C_numeric_smiles_context/CrossAttention/scaffoldcv,dl_7model_full,skip_existing_only,0.4409022069308479,0.4952452778816223,0.30934511582758684,2.4690914455970145,1.8527147769927979,0.16795084873835245,0.385591059923172,0.08440644294023514,0.8264932632446289,0.4409022033214569,1.2957574129104614,2.4690916538238525,0.0995737963675817,0.7666666666666666,0.0,0.0,0.0,0.0,-4.38690185546875e-05,0.0941207068551463,9.127519685561636e-89,True,model_input_only,True,False,True,True
DL,luad,2C_numeric_smiles_context,CrossAttention,holdout,results/20260424_multicancer_stad_protocol_rerun/step4_models/fs_a_stad_baseline/dl_step4_2_7model_full/luad/2C_numeric_smiles_context/CrossAttention/holdout,dl_7model_full,skip_existing_only,0.8228205987327056,0.875617504119873,0.6429208848202819,1.3545857392384286,0.9971544146537781,0.7545393705368042,0.005987823009490967,0.0,0.8288084268569946,0.8228206038475037,1.3456851243972778,1.3545857667922974,0.8346691220695664,1.0,295.0,220.0,1.0,1.0,-0.02993011474609375,0.008026118141156835,0.14982826160409668,True,model_input_only,True,False,True,True
DL,luad,2C_numeric_smiles_context,CrossAttention,groupcv,results/20260424_multicancer_stad_protocol_rerun/step4_models/fs_a_stad_baseline/dl_step4_2_7model_full/luad/2C_numeric_smiles_context/CrossAttention/groupcv,dl_7model_full,skip_existing_only,0.40176323993468155,0.48058944940567017,0.2807424443281421,2.4842856024345172,1.8786848386128743,0.18531964222590128,0.436001181602478,0.04208870232105255,0.8377644419670105,0.4017632305622101,1.2815521955490112,2.484285593032837,0.28966315504417267,0.7999999999999999,0.0,11.0,0.0,0.1389010989010989,0.00010673205057779948,0.04989926983305611,4.1043965493721306e-26,True,model_input_only,True,False,True,True
DL,luad,2C_numeric_smiles_context,CrossAttention,unseen_drug,results/20260424_multicancer_stad_protocol_rerun/step4_models/fs_a_stad_baseline/dl_step4_2_7model_full/luad/2C_numeric_smiles_context/CrossAttention/unseen_drug,dl_7model_full,skip_existing_only,0.3481075956456674,0.4785366952419281,0.24229472395210636,2.613890800606,1.9738729000091553,0.16006439924240112,0.48925289511680603,0.0,0.8373605012893677,0.34810760617256165,1.2203369140625,2.6138908863067627,0.019050343765803415,0.1,0.0,10.0,0.0,0.20408163265306123,0.2929506301879883,0.05345776503633326,8.748190174842379e-49,True,model_input_only,True,False,True,True
DL,luad,2C_numeric_smiles_context,CrossAttention,cv,results/20260424_multicancer_stad_protocol_rerun/step4_models/fs_a_stad_baseline/dl_step4_2_7model_full/luad/2C_numeric_smiles_context/CrossAttention/cv,dl_7model_full,skip_existing_only,0.8195110675612932,0.8759395480155945,0.6393791636885635,1.3498729578009527,1.0070173939069111,0.760591467221578,0.005872130393981934,0.004354110453277826,0.825383186340332,0.8195111155509949,1.3269528150558472,1.3498729467391968,0.7792029593436002,1.0,295.0,220.0,1.0,1.0,0.0,0.004448802889330056,0.6450500009263341,True,model_input_only,True,False,True,True
DL,luad,2C_numeric_smiles_context,FlatMLP,scaffoldcv,results/20260424_multicancer_stad_protocol_rerun/step4_models/fs_a_stad_baseline/dl_step4_2_7model_full/luad/2C_numeric_smiles_context/FlatMLP/scaffoldcv,dl_7model_full,skip_existing_only,0.4364245716685011,0.49097227056821185,0.3067803640887934,2.4903306257302513,1.8759355147679646,0.14210981130599976,0.39383652806282043,0.10295233130455017,0.8302610516548157,0.43642458319664,1.274916648864746,2.490330457687378,0.11784040026306897,0.8444444444444444,0.0,0.0,0.0,0.0,-4.38690185546875e-05,0.0941207068551463,9.127519685561636e-89,True,model_input_only,True,False,True,True
DL,luad,2C_numeric_smiles_context,FlatMLP,holdout,results/20260424_multicancer_stad_protocol_rerun/step4_models/fs_a_stad_baseline/dl_step4_2_7model_full/luad/2C_numeric_smiles_context/FlatMLP/holdout,dl_7model_full,skip_existing_only,0.8279210427891374,0.8804277181625366,0.6496875226170313,1.3015946145005464,0.9561088681221008,0.7733684778213501,0.006241798400878906,0.0,0.8341628313064575,0.8279210329055786,1.2865819931030273,1.301594614982605,0.8043559273212025,1.0,295.0,220.0,1.0,1.0,-0.02993011474609375,0.008026118141156835,0.14982826160409668,True,model_input_only,True,False,True,True
DL,luad,2C_numeric_smiles_context,FlatMLP,groupcv,results/20260424_multicancer_stad_protocol_rerun/step4_models/fs_a_stad_baseline/dl_step4_2_7model_full/luad/2C_numeric_smiles_context/FlatMLP/groupcv,dl_7model_full,skip_existing_only,0.4013294026279164,0.48685723543167114,0.2793534790605479,2.4317039775104115,1.8572505315144856,0.21912240982055664,0.4355241358280182,0.035382580012083054,0.8368535041809082,0.4013293981552124,1.2700307369232178,2.431703805923462,0.289583675386715,0.8111111111111112,0.0,11.0,0.0,0.1389010989010989,0.00010673205057779948,0.04989926983305611,4.1043965493721306e-26,True,model_input_only,True,False,True,True
DL,luad,2C_numeric_smiles_context,FlatMLP,unseen_drug,results/20260424_multicancer_stad_protocol_rerun/step4_models/fs_a_stad_baseline/dl_step4_2_7model_full/luad/2C_numeric_smiles_context/FlatMLP/unseen_drug,dl_7model_full,skip_existing_only,0.344347128874868,0.4844169020652771,0.23908659523568365,2.603017405911554,1.9955434799194336,0.16703784465789795,0.4952583312988281,0.0,0.839605450630188,0.34434711933135986,1.1977458000183105,2.6030173301696777,0.02144788818942246,0.13333333333333333,0.0,10.0,0.0,0.20408163265306123,0.2929506301879883,0.05345776503633326,8.748190174842379e-49,True,model_input_only,True,False,True,True
DL,luad,2C_numeric_smiles_context,FlatMLP,cv,results/20260424_multicancer_stad_protocol_rerun/step4_models/fs_a_stad_baseline/dl_step4_2_7model_full/luad/2C_numeric_smiles_context/FlatMLP/cv,dl_7model_full,skip_existing_only,0.8239487920992529,0.8786751627922058,0.6442081874605068,1.3222535183773827,0.9704747398694357,0.7703425884246826,0.007104555610567331,0.0032085441052913666,0.8310534358024597,0.8239488005638123,1.2942891120910645,1.3222535848617554,0.780138969596012,1.0,295.0,220.0,1.0,1.0,0.0,0.004448802889330056,0.6450500009263341,True,model_input_only,True,False,True,True
DL,luad,2B_numeric_smiles,WideDeep,scaffoldcv,results/20260424_multicancer_stad_protocol_rerun/step4_models/fs_a_stad_baseline/dl_step4_2_7model_full/luad/2B_numeric_smiles/WideDeep/scaffoldcv,dl_7model_full,skip_existing_only,0.3832784930584808,0.4476464589436849,0.2664772328185274,2.576025301196611,1.940088947614034,0.09485316276550293,0.43886271119117737,0.08447089791297913,0.8221412301063538,0.383278489112854,1.323720932006836,2.5760252475738525,0.09343227284373375,0.8111111111111112,0.0,0.0,0.0,0.0,-4.38690185546875e-05,0.0941207068551463,9.127519685561636e-89,True,model_input_only,True,False,True,True
DL,luad,2B_numeric_smiles,WideDeep,holdout,results/20260424_multicancer_stad_protocol_rerun/step4_models/fs_a_stad_baseline/dl_step4_2_7model_full/luad/2B_numeric_smiles/WideDeep/holdout,dl_7model_full,skip_existing_only,0.8200549967468378,0.8755491971969604,0.6406278224640225,1.327641387852676,0.9749276638031006,0.7642072439193726,0.0063980817794799805,0.0,0.8264530897140503,0.8200550079345703,1.3162505626678467,1.3276413679122925,0.8261821874771655,1.0,295.0,220.0,1.0,1.0,-0.02993011474609375,0.008026118141156835,0.14982826160409668,True,model_input_only,True,False,True,True
DL,luad,2B_numeric_smiles,WideDeep,groupcv,results/20260424_multicancer_stad_protocol_rerun/step4_models/fs_a_stad_baseline/dl_step4_2_7model_full/luad/2B_numeric_smiles/WideDeep/groupcv,dl_7model_full,skip_existing_only,0.362580072564171,0.4482694963614146,0.2526337195617112,2.4932103721034,1.8948257366816204,0.17897355556488037,0.4672824442386627,0.04040975123643875,0.8298625349998474,0.3625800609588623,1.3178024291992188,2.493210554122925,0.29460428388201226,0.7555555555555555,0.0,11.0,0.0,0.1389010989010989,0.00010673205057779948,0.04989926983305611,4.1043965493721306e-26,True,model_input_only,True,False,True,True
DL,luad,2B_numeric_smiles,WideDeep,unseen_drug,results/20260424_multicancer_stad_protocol_rerun/step4_models/fs_a_stad_baseline/dl_step4_2_7model_full/luad/2B_numeric_smiles/WideDeep/unseen_drug,dl_7model_full,skip_existing_only,0.33748363561763844,0.48745501041412354,0.2334122386226661,2.5725762969659303,1.982988715171814,0.1864061951637268,0.4912359118461609,0.0,0.8287195563316345,0.33748364448547363,1.2978578805923462,2.5725762844085693,0.09476148072264931,0.36666666666666664,0.0,10.0,0.0,0.20408163265306123,0.2929506301879883,0.05345776503633326,8.748190174842379e-49,True,model_input_only,True,False,True,True
DL,luad,2B_numeric_smiles,WideDeep,cv,results/20260424_multicancer_stad_protocol_rerun/step4_models/fs_a_stad_baseline/dl_step4_2_7model_full/luad/2B_numeric_smiles/WideDeep/cv,dl_7model_full,skip_existing_only,0.820558230363767,0.8750897645950317,0.6403517617657263,1.345944665394062,0.986133893330892,0.7620146075884501,0.006335774902254343,0.0008551825303584337,0.8268940448760986,0.8205582499504089,1.3223236799240112,1.3459447622299194,0.7779626830150365,1.0,295.0,220.0,1.0,1.0,0.0,0.004448802889330056,0.6450500009263341,True,model_input_only,True,False,True,True
DL,luad,2B_numeric_smiles,TabTransformer,scaffoldcv,results/20260424_multicancer_stad_protocol_rerun/step4_models/fs_a_stad_baseline/dl_step4_2_7model_full/luad/2B_numeric_smiles/TabTransformer/scaffoldcv,dl_7model_full,skip_existing_only,0.4258326885062587,0.46861305832862854,0.2992373280671183,2.6345590304039295,2.0133332014083862,0.02386520306269328,0.38004744052886963,0.10796653479337692,0.8058801293373108,0.4258326590061188,1.4211416244506836,2.634558916091919,0.16236389072741234,0.7777777777777778,0.0,0.0,0.0,0.0,-4.38690185546875e-05,0.0941207068551463,9.127519685561636e-89,True,model_input_only,True,False,True,True
DL,luad,2B_numeric_smiles,TabTransformer,holdout,results/20260424_multicancer_stad_protocol_rerun/step4_models/fs_a_stad_baseline/dl_step4_2_7model_full/luad/2B_numeric_smiles/TabTransformer/holdout,dl_7model_full,skip_existing_only,0.822330751572274,0.8749867081642151,0.6432229811583823,1.3271727794803614,0.9618145823478699,0.7643737196922302,-0.03698456287384033,0.0,0.7853462100028992,0.8223307728767395,1.473724126815796,1.3271727561950684,0.39644445805496975,1.0,295.0,220.0,1.0,1.0,-0.02993011474609375,0.008026118141156835,0.14982826160409668,True,model_input_only,True,False,True,True
DL,luad,2B_numeric_smiles,TabTransformer,groupcv,results/20260424_multicancer_stad_protocol_rerun/step4_models/fs_a_stad_baseline/dl_step4_2_7model_full/luad/2B_numeric_smiles/TabTransformer/groupcv,dl_7model_full,skip_existing_only,0.38217845356639035,0.4504954516887665,0.26698981667713967,2.517425357581772,1.8774165312449138,0.16281342506408691,0.40949973464012146,0.04848949983716011,0.7916781902313232,0.3821784555912018,1.4755988121032715,2.517425298690796,0.4323648207193786,0.8111111111111112,0.0,11.0,0.0,0.1389010989010989,0.00010673205057779948,0.04989926983305611,4.1043965493721306e-26,True,model_input_only,True,False,True,True
DL,luad,2B_numeric_smiles,TabTransformer,unseen_drug,results/20260424_multicancer_stad_protocol_rerun/step4_models/fs_a_stad_baseline/dl_step4_2_7model_full/luad/2B_numeric_smiles/TabTransformer/unseen_drug,dl_7model_full,skip_existing_only,0.4102386586434534,0.545667827129364,0.2850592466754137,2.5022548996809446,1.9206314086914062,0.230277419090271,0.38905277848243713,0.0,0.7992914319038391,0.410238653421402,1.4266291856765747,2.5022549629211426,0.18028465276962038,0.36666666666666664,0.0,10.0,0.0,0.20408163265306123,0.2929506301879883,0.05345776503633326,8.748190174842379e-49,True,model_input_only,True,False,True,True
DL,luad,2B_numeric_smiles,TabTransformer,cv,results/20260424_multicancer_stad_protocol_rerun/step4_models/fs_a_stad_baseline/dl_step4_2_7model_full/luad/2B_numeric_smiles/TabTransformer/cv,dl_7model_full,skip_existing_only,0.8188080431363428,0.8729398449261984,0.6393610003510535,1.3719380334425422,1.0110362768173218,0.7526514132817587,-0.020553728565573692,0.001320502022281289,0.7982543110847473,0.8188080787658691,1.4451671838760376,1.3719381093978882,0.5086826757703251,1.0,295.0,220.0,1.0,1.0,0.0,0.004448802889330056,0.6450500009263341,True,model_input_only,True,False,True,True
DL,luad,2B_numeric_smiles,FTTransformer,scaffoldcv,results/20260424_multicancer_stad_protocol_rerun/step4_models/fs_a_stad_baseline/dl_step4_2_7model_full/luad/2B_numeric_smiles/FTTransformer/scaffoldcv,dl_7model_full,skip_existing_only,0.40984657542825925,0.450872004032135,0.28678394212398434,2.621969523247468,1.9784856239954631,0.03889967997868856,0.36852383613586426,0.09439558535814285,0.7783703804016113,0.40984657406806946,1.6294832229614258,2.62196946144104,0.1341272130312745,0.7666666666666666,0.0,0.0,0.0,0.0,-4.38690185546875e-05,0.0941207068551463,9.127519685561636e-89,True,model_input_only,True,False,True,True
DL,luad,2B_numeric_smiles,FTTransformer,holdout,results/20260424_multicancer_stad_protocol_rerun/step4_models/fs_a_stad_baseline/dl_step4_2_7model_full/luad/2B_numeric_smiles/FTTransformer/holdout,dl_7model_full,skip_existing_only,0.8171953183680084,0.8713452816009521,0.6370727631649566,1.36675434335284,1.0186642408370972,0.7501094937324524,-0.0620347261428833,0.0,0.7551605701446533,0.8171952962875366,1.7485283613204956,1.3667542934417725,0.5223721025376412,1.0,295.0,220.0,1.0,1.0,-0.02993011474609375,0.008026118141156835,0.14982826160409668,True,model_input_only,True,False,True,True
DL,luad,2B_numeric_smiles,FTTransformer,groupcv,results/20260424_multicancer_stad_protocol_rerun/step4_models/fs_a_stad_baseline/dl_step4_2_7model_full/luad/2B_numeric_smiles/FTTransformer/groupcv,dl_7model_full,skip_existing_only,0.3668467744092078,0.4446037213007609,0.25642028016936946,2.5623039372424947,1.9169554710388184,0.13065961996714273,0.35305526852607727,0.06077255681157112,0.7199020385742188,0.36684679985046387,1.8401676416397095,2.5623037815093994,0.45647031914715014,0.8333333333333334,0.0,11.0,0.0,0.1389010989010989,0.00010673205057779948,0.04989926983305611,4.1043965493721306e-26,True,model_input_only,True,False,True,True
DL,luad,2B_numeric_smiles,FTTransformer,unseen_drug,results/20260424_multicancer_stad_protocol_rerun/step4_models/fs_a_stad_baseline/dl_step4_2_7model_full/luad/2B_numeric_smiles/FTTransformer/unseen_drug,dl_7model_full,skip_existing_only,0.4020571738842467,0.5513925552368164,0.27940570837678397,2.4591148772086844,1.897518277168274,0.256589412689209,0.2732332944869995,0.0,0.6752904653549194,0.4020571708679199,2.0903432369232178,2.4591147899627686,0.1673382397482168,0.3333333333333333,0.0,10.0,0.0,0.20408163265306123,0.2929506301879883,0.05345776503633326,8.748190174842379e-49,True,model_input_only,True,False,True,True
DL,luad,2B_numeric_smiles,FTTransformer,cv,results/20260424_multicancer_stad_protocol_rerun/step4_models/fs_a_stad_baseline/dl_step4_2_7model_full/luad/2B_numeric_smiles/FTTransformer/cv,dl_7model_full,skip_existing_only,0.8144655481254736,0.8704742789268494,0.6343062641471224,1.3771280846554053,0.9968646963437399,0.7508652210235596,-0.1178262010216713,0.0007630157051607966,0.696639358997345,0.8144655227661133,1.96371591091156,1.3771281242370605,0.27228891838163116,1.0,295.0,220.0,1.0,1.0,0.0,0.004448802889330056,0.6450500009263341,True,model_input_only,True,False,True,True
DL,luad,2B_numeric_smiles,TabNet,scaffoldcv,results/20260424_multicancer_stad_protocol_rerun/step4_models/fs_a_stad_baseline/dl_step4_2_7model_full/luad/2B_numeric_smiles/TabNet/scaffoldcv,dl_7model_full,skip_existing_only,0.38433543322310343,0.42435557146867114,0.2691770611279252,3.053499237984005,2.353386561075846,-0.43143904209136963,0.4712604582309723,0.12038679420948029,0.8555958867073059,0.3843354284763336,1.1927871704101562,3.053499221801758,0.10983536494751889,0.6777777777777777,0.0,0.0,0.0,0.0,-4.38690185546875e-05,0.0941207068551463,9.127519685561636e-89,True,model_input_only,True,False,True,True
DL,luad,2B_numeric_smiles,TabNet,holdout,results/20260424_multicancer_stad_protocol_rerun/step4_models/fs_a_stad_baseline/dl_step4_2_7model_full/luad/2B_numeric_smiles/TabNet/holdout,dl_7model_full,skip_existing_only,0.8347985803652209,0.8860019445419312,0.6595696884099304,1.2688515119861759,0.909957766532898,0.7846274375915527,0.029375016689300537,0.0,0.8641735911369324,0.8347985744476318,1.1691389083862305,1.2688515186309814,0.8252397985088046,1.0,295.0,220.0,1.0,1.0,-0.02993011474609375,0.008026118141156835,0.14982826160409668,True,model_input_only,True,False,True,True
DL,luad,2B_numeric_smiles,TabNet,groupcv,results/20260424_multicancer_stad_protocol_rerun/step4_models/fs_a_stad_baseline/dl_step4_2_7model_full/luad/2B_numeric_smiles/TabNet/groupcv,dl_7model_full,skip_existing_only,0.3992107453184511,0.4721803466478984,0.27871749086243,2.5442618472490914,1.9157021443049114,0.14200886090596518,0.45650944113731384,0.08850721269845963,0.8557202219963074,0.39921072125434875,1.2327604293823242,2.5442616939544678,0.3013825945622773,0.9,0.0,11.0,0.0,0.1389010989010989,0.00010673205057779948,0.04989926983305611,4.1043965493721306e-26,True,model_input_only,True,False,True,True
DL,luad,2B_numeric_smiles,TabNet,unseen_drug,results/20260424_multicancer_stad_protocol_rerun/step4_models/fs_a_stad_baseline/dl_step4_2_7model_full/luad/2B_numeric_smiles/TabNet/unseen_drug,dl_7model_full,skip_existing_only,0.3614765318309019,0.5061929225921631,0.251312055729521,2.603725141607138,1.943036437034607,0.16658484935760498,0.5005432367324829,0.0,0.8620197772979736,0.3614765405654907,1.1443215608596802,2.6037251949310303,0.35256798681912016,0.6,0.0,10.0,0.0,0.20408163265306123,0.2929506301879883,0.05345776503633326,8.748190174842379e-49,True,model_input_only,True,False,True,True
DL,luad,2B_numeric_smiles,TabNet,cv,results/20260424_multicancer_stad_protocol_rerun/step4_models/fs_a_stad_baseline/dl_step4_2_7model_full/luad/2B_numeric_smiles/TabNet/cv,dl_7model_full,skip_existing_only,0.8156027876547448,0.8775469263394674,0.6380781255239931,1.3717284098716502,1.021658678849538,0.752821664015452,0.032664258033037186,0.009955442510545254,0.8482670783996582,0.8156027793884277,1.258845567703247,1.3717284202575684,0.7893916019728452,1.0,295.0,220.0,1.0,1.0,0.0,0.004448802889330056,0.6450500009263341,True,model_input_only,True,False,True,True
DL,luad,2B_numeric_smiles,ResidualMLP,scaffoldcv,results/20260424_multicancer_stad_protocol_rerun/step4_models/fs_a_stad_baseline/dl_step4_2_7model_full/luad/2B_numeric_smiles/ResidualMLP/scaffoldcv,dl_7model_full,skip_existing_only,0.4117339247190385,0.4629344344139099,0.2886849633695771,2.561735331609224,1.9089891910552979,0.10158822933832805,0.41810059547424316,0.0951090157032013,0.829834520816803,0.4117339551448822,1.2994633913040161,2.5617353916168213,0.10682712641975149,0.7666666666666666,0.0,0.0,0.0,0.0,-4.38690185546875e-05,0.0941207068551463,9.127519685561636e-89,True,model_input_only,True,False,True,True
DL,luad,2B_numeric_smiles,ResidualMLP,holdout,results/20260424_multicancer_stad_protocol_rerun/step4_models/fs_a_stad_baseline/dl_step4_2_7model_full/luad/2B_numeric_smiles/ResidualMLP/holdout,dl_7model_full,skip_existing_only,0.8264423119132284,0.8789718747138977,0.648224609306705,1.3045988680949103,0.946557343006134,0.7723211050033569,0.00821751356124878,0.0,0.8346598148345947,0.826442301273346,1.283137321472168,1.3045989274978638,0.8176965126706207,1.0,295.0,220.0,1.0,1.0,-0.02993011474609375,0.008026118141156835,0.14982826160409668,True,model_input_only,True,False,True,True
DL,luad,2B_numeric_smiles,ResidualMLP,groupcv,results/20260424_multicancer_stad_protocol_rerun/step4_models/fs_a_stad_baseline/dl_step4_2_7model_full/luad/2B_numeric_smiles/ResidualMLP/groupcv,dl_7model_full,skip_existing_only,0.37875686250444146,0.4623773694038391,0.26458637530449053,2.488898179509588,1.8670669396718342,0.18223538001378378,0.4524654448032379,0.05448049679398537,0.8312222957611084,0.3787568509578705,1.2967277765274048,2.488898277282715,0.2815670229887019,0.8000000000000002,0.0,11.0,0.0,0.1389010989010989,0.00010673205057779948,0.04989926983305611,4.1043965493721306e-26,True,model_input_only,True,False,True,True
DL,luad,2B_numeric_smiles,ResidualMLP,unseen_drug,results/20260424_multicancer_stad_protocol_rerun/step4_models/fs_a_stad_baseline/dl_step4_2_7model_full/luad/2B_numeric_smiles/ResidualMLP/unseen_drug,dl_7model_full,skip_existing_only,0.36736052601724556,0.49496689438819885,0.2578447209539021,2.534844942184908,1.9129356145858765,0.21009677648544312,0.4692647457122803,0.0,0.8366252779960632,0.36736053228378296,1.2260273694992065,2.5348448753356934,0.11368809143825044,0.23333333333333334,0.0,10.0,0.0,0.20408163265306123,0.2929506301879883,0.05345776503633326,8.748190174842379e-49,True,model_input_only,True,False,True,True
DL,luad,2B_numeric_smiles,ResidualMLP,cv,results/20260424_multicancer_stad_protocol_rerun/step4_models/fs_a_stad_baseline/dl_step4_2_7model_full/luad/2B_numeric_smiles/ResidualMLP/cv,dl_7model_full,skip_existing_only,0.8223717176663765,0.8774547775586446,0.6430696137354155,1.337168144557128,0.9736543695131937,0.7650965452194214,0.009038110263645649,0.0015537370927631855,0.831409752368927,0.8223717212677002,1.3022024631500244,1.3371682167053223,0.800189841848567,1.0,295.0,220.0,1.0,1.0,0.0,0.004448802889330056,0.6450500009263341,True,model_input_only,True,False,True,True
DL,luad,2B_numeric_smiles,CrossAttention,scaffoldcv,results/20260424_multicancer_stad_protocol_rerun/step4_models/fs_a_stad_baseline/dl_step4_2_7model_full/luad/2B_numeric_smiles/CrossAttention/scaffoldcv,dl_7model_full,skip_existing_only,0.40041094927544263,0.4554385542869568,0.27988894940831704,2.4839951416687174,1.8776888847351074,0.15849785010019937,0.4209119379520416,0.08544508367776871,0.8213229179382324,0.4004109799861908,1.3472133874893188,2.483995199203491,0.10008153263831097,0.8111111111111112,0.0,0.0,0.0,0.0,-4.38690185546875e-05,0.0941207068551463,9.127519685561636e-89,True,model_input_only,True,False,True,True
DL,luad,2B_numeric_smiles,CrossAttention,holdout,results/20260424_multicancer_stad_protocol_rerun/step4_models/fs_a_stad_baseline/dl_step4_2_7model_full/luad/2B_numeric_smiles/CrossAttention/holdout,dl_7model_full,skip_existing_only,0.8204327941336426,0.876297652721405,0.641098199613422,1.3272814147214793,0.9782717823982239,0.7643351554870605,0.005825400352478027,0.0,0.8262581825256348,0.8204327821731567,1.3162715435028076,1.3272813558578491,0.8562119560247501,1.0,295.0,220.0,1.0,1.0,-0.02993011474609375,0.008026118141156835,0.14982826160409668,True,model_input_only,True,False,True,True
DL,luad,2B_numeric_smiles,CrossAttention,groupcv,results/20260424_multicancer_stad_protocol_rerun/step4_models/fs_a_stad_baseline/dl_step4_2_7model_full/luad/2B_numeric_smiles/CrossAttention/groupcv,dl_7model_full,skip_existing_only,0.35288105551662885,0.44011635581652325,0.2470185856962075,2.520217196674575,1.9268061717351277,0.16105864445368448,0.47709283232688904,0.04598015919327736,0.8299738764762878,0.3528810441493988,1.3138246536254883,2.520217180252075,0.30123443725591564,0.7666666666666667,0.0,11.0,0.0,0.1389010989010989,0.00010673205057779948,0.04989926983305611,4.1043965493721306e-26,True,model_input_only,True,False,True,True
DL,luad,2B_numeric_smiles,CrossAttention,unseen_drug,results/20260424_multicancer_stad_protocol_rerun/step4_models/fs_a_stad_baseline/dl_step4_2_7model_full/luad/2B_numeric_smiles/CrossAttention/unseen_drug,dl_7model_full,skip_existing_only,0.35639670790472755,0.47939467430114746,0.24875952143905028,2.6448739983413296,1.9891955852508545,0.14003443717956543,0.47372350096702576,0.0,0.8301202058792114,0.35639670491218567,1.2414017915725708,2.644874095916748,0.029587857387449606,0.13333333333333333,0.0,10.0,0.0,0.20408163265306123,0.2929506301879883,0.05345776503633326,8.748190174842379e-49,True,model_input_only,True,False,True,True
DL,luad,2B_numeric_smiles,CrossAttention,cv,results/20260424_multicancer_stad_protocol_rerun/step4_models/fs_a_stad_baseline/dl_step4_2_7model_full/luad/2B_numeric_smiles/CrossAttention/cv,dl_7model_full,skip_existing_only,0.8205681209139873,0.8744654456774393,0.6406496298793468,1.348118516949775,0.9953895012537638,0.7612263361612955,0.005899667739868164,0.00024151070101652294,0.826467752456665,0.8205680847167969,1.3254505395889282,1.3481184244155884,0.7909531490935718,1.0,295.0,220.0,1.0,1.0,0.0,0.004448802889330056,0.6450500009263341,True,model_input_only,True,False,True,True
DL,luad,2B_numeric_smiles,FlatMLP,scaffoldcv,results/20260424_multicancer_stad_protocol_rerun/step4_models/fs_a_stad_baseline/dl_step4_2_7model_full/luad/2B_numeric_smiles/FlatMLP/scaffoldcv,dl_7model_full,skip_existing_only,0.3964854647002612,0.45349130034446716,0.2772643193925005,2.5581808292232013,1.9322346448898315,0.0997511347134908,0.42922839522361755,0.1025012880563736,0.8257138729095459,0.39648547768592834,1.2980092763900757,2.558180809020996,0.10118982251292064,0.7555555555555555,0.0,0.0,0.0,0.0,-4.38690185546875e-05,0.0941207068551463,9.127519685561636e-89,True,model_input_only,True,False,True,True
DL,luad,2B_numeric_smiles,FlatMLP,holdout,results/20260424_multicancer_stad_protocol_rerun/step4_models/fs_a_stad_baseline/dl_step4_2_7model_full/luad/2B_numeric_smiles/FlatMLP/holdout,dl_7model_full,skip_existing_only,0.8224597630915121,0.8759949803352356,0.6426193370234293,1.3295262293844665,0.9774184823036194,0.7635372877120972,0.0064239501953125,0.0,0.828883707523346,0.8224597573280334,1.314746618270874,1.3295261859893799,0.825307097391635,1.0,295.0,220.0,1.0,1.0,-0.02993011474609375,0.008026118141156835,0.14982826160409668,True,model_input_only,True,False,True,True
DL,luad,2B_numeric_smiles,FlatMLP,groupcv,results/20260424_multicancer_stad_protocol_rerun/step4_models/fs_a_stad_baseline/dl_step4_2_7model_full/luad/2B_numeric_smiles/FlatMLP/groupcv,dl_7model_full,skip_existing_only,0.3685456036476085,0.4572759469350179,0.2572170669454876,2.5072198637520056,1.9185749292373657,0.1696999470392863,0.46058914065361023,0.052734892815351486,0.8291347622871399,0.36854562163352966,1.295196294784546,2.5072197914123535,0.2930712509441584,0.7777777777777777,0.0,11.0,0.0,0.1389010989010989,0.00010673205057779948,0.04989926983305611,4.1043965493721306e-26,True,model_input_only,True,False,True,True
DL,luad,2B_numeric_smiles,FlatMLP,unseen_drug,results/20260424_multicancer_stad_protocol_rerun/step4_models/fs_a_stad_baseline/dl_step4_2_7model_full/luad/2B_numeric_smiles/FlatMLP/unseen_drug,dl_7model_full,skip_existing_only,0.35353835504811165,0.4815019965171814,0.24681826907180954,2.6158793809946754,1.9624956846237183,0.158785879611969,0.47428032755851746,0.0,0.8278186917304993,0.3535383641719818,1.2696839570999146,2.6158792972564697,0.030230554541274803,0.13333333333333333,0.0,10.0,0.0,0.20408163265306123,0.2929506301879883,0.05345776503633326,8.748190174842379e-49,True,model_input_only,True,False,True,True
DL,luad,2B_numeric_smiles,FlatMLP,cv,results/20260424_multicancer_stad_protocol_rerun/step4_models/fs_a_stad_baseline/dl_step4_2_7model_full/luad/2B_numeric_smiles/FlatMLP/cv,dl_7model_full,skip_existing_only,0.8199208339113788,0.8731523354848226,0.6404150558808106,1.3738824299326804,1.018413782119751,0.7520573735237122,0.0071230134926736355,0.0003408377815503627,0.8270438313484192,0.8199208378791809,1.3467975854873657,1.3738824129104614,0.7667960578747669,1.0,295.0,220.0,1.0,1.0,0.0,0.004448802889330056,0.6450500009263341,True,model_input_only,True,False,True,True
DL,brca,2A_numeric,WideDeep,scaffoldcv,results/20260424_multicancer_stad_protocol_rerun/step4_models/fs_a_stad_baseline/dl_step4_2_7model_full/brca/2A_numeric/WideDeep/scaffoldcv,dl_7model_full,skip_existing_only,0.2524762302453593,0.23134707907835642,0.17403596617062297,2.5502360033695086,1.9189650615056355,0.05115842819213867,0.011564199812710285,0.008739572949707508,0.26404044032096863,0.2524762451648712,2.5540027618408203,2.5502359867095947,0.12085562648735464,0.3888888888888889,0.0,0.0,0.0,0.0,-1.533826192220052e-05,0.038841211054895276,0.12885177723524274,True,model_input_only,False,False,True,True
DL,brca,2A_numeric,WideDeep,holdout,results/20260424_multicancer_stad_protocol_rerun/step4_models/fs_a_stad_baseline/dl_step4_2_7model_full/brca/2A_numeric/WideDeep/holdout,dl_7model_full,skip_existing_only,0.23206845450386976,0.20473016798496246,0.15977052063602848,2.580071841282091,1.897861361503601,0.028032958507537842,0.03475669026374817,0.0,0.2668251395225525,0.23206844925880432,2.5566744804382324,2.5800719261169434,0.04630790541841255,0.4,284.0,209.0,1.0,1.0,0.09128904342651367,0.029754204398447608,0.22092089155773265,True,model_input_only,False,False,True,True
DL,brca,2A_numeric,WideDeep,groupcv,results/20260424_multicancer_stad_protocol_rerun/step4_models/fs_a_stad_baseline/dl_step4_2_7model_full/brca/2A_numeric/WideDeep/groupcv,dl_7model_full,skip_existing_only,0.2631874620781682,0.23695150017738342,0.1811450845993771,2.5500519997550564,1.9341918230056763,0.05262450377146403,0.0011486808070912957,0.020059501752257347,0.26433613896369934,0.263187438249588,2.5505332946777344,2.5500519275665283,0.0656713463413504,0.5111111111111111,0.0,11.0,0.0,0.13833615608336078,-1.1761983235677084e-05,0.057240233151776086,0.0004423519704285981,True,model_input_only,False,False,True,True
DL,brca,2A_numeric,WideDeep,unseen_drug,results/20260424_multicancer_stad_protocol_rerun/step4_models/fs_a_stad_baseline/dl_step4_2_7model_full/brca/2A_numeric/WideDeep/unseen_drug,dl_7model_full,skip_existing_only,0.22801578060927297,0.2156403809785843,0.15615293880666803,2.836874562709091,2.090932846069336,-0.025872349739074707,0.04429173469543457,0.0,0.27230751514434814,0.22801578044891357,2.5318610668182373,2.836874485015869,0.15384419539972416,0.4666666666666667,0.0,10.0,0.0,0.20408163265306123,0.346210241317749,0.07675375918544944,1.6329447270880188e-06,True,model_input_only,False,False,True,True
DL,brca,2A_numeric,WideDeep,cv,results/20260424_multicancer_stad_protocol_rerun/step4_models/fs_a_stad_baseline/dl_step4_2_7model_full/brca/2A_numeric/WideDeep/cv,dl_7model_full,skip_existing_only,0.2482607912686491,0.2221118559439977,0.17049923803117242,2.5680722882319684,1.9304052591323853,0.0423771341641744,0.017237523570656776,0.014541718177497387,0.2654983103275299,0.24826078116893768,2.5502851009368896,2.5680723190307617,0.038365306170491505,0.48888888888888893,285.0,210.0,0.9884894243785997,0.9844661262290259,3.6557515462239585e-06,0.02649029456841759,0.2171403552506631,True,model_input_only,False,False,True,True
DL,brca,2A_numeric,TabTransformer,scaffoldcv,results/20260424_multicancer_stad_protocol_rerun/step4_models/fs_a_stad_baseline/dl_step4_2_7model_full/brca/2A_numeric/TabTransformer/scaffoldcv,dl_7model_full,skip_existing_only,0.21597644581075118,0.19594879945119223,0.1486898911531388,2.6402688642725596,1.9887683391571045,-0.017033497492472332,0.010205154307186604,0.019731493666768074,0.22618161141872406,0.21597643196582794,2.6267313957214355,2.6402688026428223,0.19238726552342725,0.45555555555555555,0.0,0.0,0.0,0.0,-1.533826192220052e-05,0.038841211054895276,0.12885177723524274,True,model_input_only,False,False,True,True
DL,brca,2A_numeric,TabTransformer,holdout,results/20260424_multicancer_stad_protocol_rerun/step4_models/fs_a_stad_baseline/dl_step4_2_7model_full/brca/2A_numeric/TabTransformer/holdout,dl_7model_full,skip_existing_only,0.23130606468850207,0.20864978432655334,0.15918324487877866,2.664159062668735,1.964132308959961,-0.03635430335998535,0.00831902027130127,0.0,0.23962508141994476,0.2313060611486435,2.658370018005371,2.664159059524536,0.047252663041992826,0.4,284.0,209.0,1.0,1.0,0.09128904342651367,0.029754204398447608,0.22092089155773265,True,model_input_only,False,False,True,True
DL,brca,2A_numeric,TabTransformer,groupcv,results/20260424_multicancer_stad_protocol_rerun/step4_models/fs_a_stad_baseline/dl_step4_2_7model_full/brca/2A_numeric/TabTransformer/groupcv,dl_7model_full,skip_existing_only,0.21581165072797967,0.19409080843130747,0.14795415674422144,2.633258428116788,1.981842319170634,-0.010275840759277344,0.008556400425732136,0.009857580997049809,0.22436805069446564,0.21581165492534637,2.6278135776519775,2.633258581161499,0.07899594080223697,0.4444444444444444,0.0,11.0,0.0,0.13833615608336078,-1.1761983235677084e-05,0.057240233151776086,0.0004423519704285981,True,model_input_only,False,False,True,True
DL,brca,2A_numeric,TabTransformer,unseen_drug,results/20260424_multicancer_stad_protocol_rerun/step4_models/fs_a_stad_baseline/dl_step4_2_7model_full/brca/2A_numeric/TabTransformer/unseen_drug,dl_7model_full,skip_existing_only,0.2139728201066593,0.19369634985923767,0.1469551575090284,2.7785842636041704,2.120353937149048,0.015852510929107666,0.03486524522304535,0.0,0.24883806705474854,0.21397282183170319,2.536208391189575,2.7785842418670654,0.15816185493506804,0.4,0.0,10.0,0.0,0.20408163265306123,0.346210241317749,0.07675375918544944,1.6329447270880188e-06,True,model_input_only,False,False,True,True
DL,brca,2A_numeric,TabTransformer,cv,results/20260424_multicancer_stad_protocol_rerun/step4_models/fs_a_stad_baseline/dl_step4_2_7model_full/brca/2A_numeric/TabTransformer/cv,dl_7model_full,skip_existing_only,0.21277306416246897,0.18663073082764944,0.14604588299964413,2.6374480316228137,1.9633177518844604,-0.009851773579915365,0.010634362697601318,0.010105597786605358,0.22340743243694305,0.21277306973934174,2.6333606243133545,2.6374480724334717,0.04929715685237832,0.48888888888888893,285.0,210.0,0.9884894243785997,0.9844661262290259,3.6557515462239585e-06,0.02649029456841759,0.2171403552506631,True,model_input_only,False,False,True,True
DL,brca,2A_numeric,FTTransformer,scaffoldcv,results/20260424_multicancer_stad_protocol_rerun/step4_models/fs_a_stad_baseline/dl_step4_2_7model_full/brca/2A_numeric/FTTransformer/scaffoldcv,dl_7model_full,skip_existing_only,0.22008219782842617,0.19817088544368744,0.15099559114674208,2.643496373613262,2.004217584927877,-0.019631505012512207,0.004323974251747131,0.01653228886425495,0.2244061827659607,0.22008220851421356,2.6294145584106445,2.64349627494812,0.24243652757998077,0.6333333333333333,0.0,0.0,0.0,0.0,-1.533826192220052e-05,0.038841211054895276,0.12885177723524274,True,model_input_only,False,False,True,True
DL,brca,2A_numeric,FTTransformer,holdout,results/20260424_multicancer_stad_protocol_rerun/step4_models/fs_a_stad_baseline/dl_step4_2_7model_full/brca/2A_numeric/FTTransformer/holdout,dl_7model_full,skip_existing_only,0.22580807198133498,0.1986430138349533,0.15503799803492102,2.6197895836237266,1.9741716384887695,-0.0021224021911621094,-0.0003668069839477539,0.0,0.22544126212596893,0.2258080691099167,2.62703537940979,2.6197896003723145,0.040657141934571886,0.3333333333333333,284.0,209.0,1.0,1.0,0.09128904342651367,0.029754204398447608,0.22092089155773265,True,model_input_only,False,False,True,True
DL,brca,2A_numeric,FTTransformer,groupcv,results/20260424_multicancer_stad_protocol_rerun/step4_models/fs_a_stad_baseline/dl_step4_2_7model_full/brca/2A_numeric/FTTransformer/groupcv,dl_7model_full,skip_existing_only,0.20862135735308884,0.18723702927430472,0.14302905621817025,2.626742426027342,1.9660319884618123,-0.005520145098368327,0.0005120386485941708,0.023983284831047058,0.20913338661193848,0.20862136781215668,2.630786180496216,2.626742362976074,0.08201125255892537,0.4222222222222222,0.0,11.0,0.0,0.13833615608336078,-1.1761983235677084e-05,0.057240233151776086,0.0004423519704285981,True,model_input_only,False,False,True,True
DL,brca,2A_numeric,FTTransformer,unseen_drug,results/20260424_multicancer_stad_protocol_rerun/step4_models/fs_a_stad_baseline/dl_step4_2_7model_full/brca/2A_numeric/FTTransformer/unseen_drug,dl_7model_full,skip_existing_only,0.19463776770711827,0.17754432559013367,0.133134696556523,2.8151685982011108,2.1454896926879883,-0.010233759880065918,0.026315510272979736,0.0,0.22095327079296112,0.19463776051998138,2.578540563583374,2.815168619155884,0.2453789476966132,0.4666666666666667,0.0,10.0,0.0,0.20408163265306123,0.346210241317749,0.07675375918544944,1.6329447270880188e-06,True,model_input_only,False,False,True,True
DL,brca,2A_numeric,FTTransformer,cv,results/20260424_multicancer_stad_protocol_rerun/step4_models/fs_a_stad_baseline/dl_step4_2_7model_full/brca/2A_numeric/FTTransformer/cv,dl_7model_full,skip_existing_only,0.2160022826903485,0.18782024085521698,0.14840329522083248,2.6290467900166,1.9669166803359985,-0.003485878308614095,0.008625526912510395,0.019659755751490593,0.2246278077363968,0.21600228548049927,2.632772207260132,2.629046678543091,0.0819796897814427,0.4666666666666666,285.0,210.0,0.9884894243785997,0.9844661262290259,3.6557515462239585e-06,0.02649029456841759,0.2171403552506631,True,model_input_only,False,False,True,True
DL,brca,2A_numeric,TabNet,scaffoldcv,results/20260424_multicancer_stad_protocol_rerun/step4_models/fs_a_stad_baseline/dl_step4_2_7model_full/brca/2A_numeric/TabNet/scaffoldcv,dl_7model_full,skip_existing_only,0.2486593466009829,0.2218832274278005,0.17144194819046368,2.563422612348088,1.9329333305358887,0.04151598612467448,0.009531239978969097,0.010526146739721298,0.2581906020641327,0.24865932762622833,2.555321455001831,2.563422679901123,0.13507026836434852,0.5333333333333333,0.0,0.0,0.0,0.0,-1.533826192220052e-05,0.038841211054895276,0.12885177723524274,True,model_input_only,False,False,True,True
DL,brca,2A_numeric,TabNet,holdout,results/20260424_multicancer_stad_protocol_rerun/step4_models/fs_a_stad_baseline/dl_step4_2_7model_full/brca/2A_numeric/TabNet/holdout,dl_7model_full,skip_existing_only,0.2077092843741202,0.17635568976402283,0.1418896151942079,2.586450070754481,1.9311283826828003,0.023221373558044434,0.04945230484008789,0.0,0.25716158747673035,0.20770928263664246,2.556037664413452,2.5864500999450684,0.03553102668118341,0.3,284.0,209.0,1.0,1.0,0.09128904342651367,0.029754204398447608,0.22092089155773265,True,model_input_only,False,False,True,True
DL,brca,2A_numeric,TabNet,groupcv,results/20260424_multicancer_stad_protocol_rerun/step4_models/fs_a_stad_baseline/dl_step4_2_7model_full/brca/2A_numeric/TabNet/groupcv,dl_7model_full,skip_existing_only,0.24908746139896062,0.22617636620998383,0.17038541338044846,2.557646472807095,1.9243197838465373,0.047112484773000084,0.0016443431377410889,0.02216779999434948,0.25073179602622986,0.24908745288848877,2.5551340579986572,2.5576465129852295,0.07511837604848921,0.5444444444444444,0.0,11.0,0.0,0.13833615608336078,-1.1761983235677084e-05,0.057240233151776086,0.0004423519704285981,True,model_input_only,False,False,True,True
DL,brca,2A_numeric,TabNet,unseen_drug,results/20260424_multicancer_stad_protocol_rerun/step4_models/fs_a_stad_baseline/dl_step4_2_7model_full/brca/2A_numeric/TabNet/unseen_drug,dl_7model_full,skip_existing_only,0.19713597344908335,0.18611377477645874,0.134815151943615,2.7758435625360978,2.1072912216186523,0.017792999744415283,0.04539337754249573,0.0,0.24252934753894806,0.19713596999645233,2.517327070236206,2.775843620300293,0.1667031550598778,0.36666666666666664,0.0,10.0,0.0,0.20408163265306123,0.346210241317749,0.07675375918544944,1.6329447270880188e-06,True,model_input_only,False,False,True,True
DL,brca,2A_numeric,TabNet,cv,results/20260424_multicancer_stad_protocol_rerun/step4_models/fs_a_stad_baseline/dl_step4_2_7model_full/brca/2A_numeric/TabNet/cv,dl_7model_full,skip_existing_only,0.2403107298995173,0.21512208382288614,0.16489190433411,2.567506080003724,1.9314326445261638,0.04284614324569702,0.019316956400871277,0.010675236582756042,0.25962767004966736,0.24031074345111847,2.552546262741089,2.5675060749053955,0.03686372532699885,0.5111111111111111,285.0,210.0,0.9884894243785997,0.9844661262290259,3.6557515462239585e-06,0.02649029456841759,0.2171403552506631,True,model_input_only,False,False,True,True
DL,brca,2A_numeric,ResidualMLP,scaffoldcv,results/20260424_multicancer_stad_protocol_rerun/step4_models/fs_a_stad_baseline/dl_step4_2_7model_full/brca/2A_numeric/ResidualMLP/scaffoldcv,dl_7model_full,skip_existing_only,0.2537632378984352,0.2317599058151245,0.17512781891982765,2.5587937266155847,1.9510914087295532,0.04535380999247233,0.010368436574935913,0.008629925549030304,0.26413166522979736,0.25376322865486145,2.552278757095337,2.558793783187866,0.16433847497527612,0.45555555555555555,0.0,0.0,0.0,0.0,-1.533826192220052e-05,0.038841211054895276,0.12885177723524274,True,model_input_only,False,False,True,True
DL,brca,2A_numeric,ResidualMLP,holdout,results/20260424_multicancer_stad_protocol_rerun/step4_models/fs_a_stad_baseline/dl_step4_2_7model_full/brca/2A_numeric/ResidualMLP/holdout,dl_7model_full,skip_existing_only,0.2332356677680465,0.20877522230148315,0.16044389565598702,2.5598809418709214,1.931512713432312,0.04318612813949585,0.033411577343940735,0.0,0.26664724946022034,0.2332356721162796,2.550720691680908,2.5598809719085693,0.08374320583217919,0.5,284.0,209.0,1.0,1.0,0.09128904342651367,0.029754204398447608,0.22092089155773265,True,model_input_only,False,False,True,True
DL,brca,2A_numeric,ResidualMLP,groupcv,results/20260424_multicancer_stad_protocol_rerun/step4_models/fs_a_stad_baseline/dl_step4_2_7model_full/brca/2A_numeric/ResidualMLP/groupcv,dl_7model_full,skip_existing_only,0.2612251864041255,0.23536352813243866,0.1796187142983474,2.5605927490946763,1.9259531895319622,0.045173426469167076,0.0025190513115376234,0.02156146988272667,0.2637442350387573,0.2612251937389374,2.5511462688446045,2.5605926513671875,0.06333871587410336,0.43333333333333335,0.0,11.0,0.0,0.13833615608336078,-1.1761983235677084e-05,0.057240233151776086,0.0004423519704285981,True,model_input_only,False,False,True,True
DL,brca,2A_numeric,ResidualMLP,unseen_drug,results/20260424_multicancer_stad_protocol_rerun/step4_models/fs_a_stad_baseline/dl_step4_2_7model_full/brca/2A_numeric/ResidualMLP/unseen_drug,dl_7model_full,skip_existing_only,0.23059865917225153,0.21725794672966003,0.1579951594348731,2.7471487696537045,2.0966832637786865,0.0379948616027832,0.04174962639808655,0.0,0.2723482847213745,0.23059865832328796,2.5013952255249023,2.7471487522125244,0.11435783543959438,0.4,0.0,10.0,0.0,0.20408163265306123,0.346210241317749,0.07675375918544944,1.6329447270880188e-06,True,model_input_only,False,False,True,True
DL,brca,2A_numeric,ResidualMLP,cv,results/20260424_multicancer_stad_protocol_rerun/step4_models/fs_a_stad_baseline/dl_step4_2_7model_full/brca/2A_numeric/ResidualMLP/cv,dl_7model_full,skip_existing_only,0.24588333845167457,0.22129585842291513,0.16871744384074364,2.569093248007969,1.931301236152649,0.041726271311442055,0.019096290692687035,0.007682451047003269,0.26497963070869446,0.24588334560394287,2.553285598754883,2.5690932273864746,0.04780770398479058,0.4888888888888889,285.0,210.0,0.9884894243785997,0.9844661262290259,3.6557515462239585e-06,0.02649029456841759,0.2171403552506631,True,model_input_only,False,False,True,True
DL,brca,2A_numeric,CrossAttention,scaffoldcv,results/20260424_multicancer_stad_protocol_rerun/step4_models/fs_a_stad_baseline/dl_step4_2_7model_full/brca/2A_numeric/CrossAttention/scaffoldcv,dl_7model_full,skip_existing_only,0.25454304820154555,0.23235958814620972,0.17562004655547994,2.5603789465305673,1.9463945627212524,0.04391715923945109,0.010622506029903889,0.00934936385601759,0.2651655375957489,0.2545430362224579,2.549189329147339,2.5603787899017334,0.1437333469883645,0.45555555555555555,0.0,0.0,0.0,0.0,-1.533826192220052e-05,0.038841211054895276,0.12885177723524274,True,model_input_only,False,False,True,True
DL,brca,2A_numeric,CrossAttention,holdout,results/20260424_multicancer_stad_protocol_rerun/step4_models/fs_a_stad_baseline/dl_step4_2_7model_full/brca/2A_numeric/CrossAttention/holdout,dl_7model_full,skip_existing_only,0.23425031108899266,0.2103624939918518,0.16135303674086804,2.558958444011209,1.9209450483322144,0.04387557506561279,0.030169546604156494,0.0,0.2644198536872864,0.23425030708312988,2.549619197845459,2.5589585304260254,0.08374320583217919,0.5,284.0,209.0,1.0,1.0,0.09128904342651367,0.029754204398447608,0.22092089155773265,True,model_input_only,False,False,True,True
DL,brca,2A_numeric,CrossAttention,groupcv,results/20260424_multicancer_stad_protocol_rerun/step4_models/fs_a_stad_baseline/dl_step4_2_7model_full/brca/2A_numeric/CrossAttention/groupcv,dl_7model_full,skip_existing_only,0.26147262721988845,0.2370185653368632,0.17993195472007031,2.558067415489324,1.9413416385650635,0.04677740732828776,0.002290060045197606,0.020470870658755302,0.2637626826763153,0.2614726126194,2.5515756607055664,2.558067560195923,0.05583080544119492,0.45555555555555555,0.0,11.0,0.0,0.13833615608336078,-1.1761983235677084e-05,0.057240233151776086,0.0004423519704285981,True,model_input_only,False,False,True,True
DL,brca,2A_numeric,CrossAttention,unseen_drug,results/20260424_multicancer_stad_protocol_rerun/step4_models/fs_a_stad_baseline/dl_step4_2_7model_full/brca/2A_numeric/CrossAttention/unseen_drug,dl_7model_full,skip_existing_only,0.22827240801713394,0.2163693755865097,0.15610536079457596,2.798364935040079,2.08493709564209,0.0017904043197631836,0.04146566987037659,0.0,0.2697380781173706,0.22827240824699402,2.5119223594665527,2.7983648777008057,0.21069288440825204,0.5666666666666667,0.0,10.0,0.0,0.20408163265306123,0.346210241317749,0.07675375918544944,1.6329447270880188e-06,True,model_input_only,False,False,True,True
DL,brca,2A_numeric,CrossAttention,cv,results/20260424_multicancer_stad_protocol_rerun/step4_models/fs_a_stad_baseline/dl_step4_2_7model_full/brca/2A_numeric/CrossAttention/cv,dl_7model_full,skip_existing_only,0.24526476513093268,0.22098417580127716,0.1685594249427077,2.6210358334492048,2.0063501993815103,0.002053380012512207,0.0194841418415308,0.010287320241332054,0.2647489309310913,0.24526476860046387,2.596649408340454,2.6210358142852783,0.03537156320745808,0.48888888888888893,285.0,210.0,0.9884894243785997,0.9844661262290259,3.6557515462239585e-06,0.02649029456841759,0.2171403552506631,True,model_input_only,False,False,True,True
DL,brca,2A_numeric,FlatMLP,scaffoldcv,results/20260424_multicancer_stad_protocol_rerun/step4_models/fs_a_stad_baseline/dl_step4_2_7model_full/brca/2A_numeric/FlatMLP/scaffoldcv,dl_7model_full,skip_existing_only,0.25546982486163916,0.23187768459320068,0.17632466782930126,2.5900850448943946,1.9451409578323364,0.020716845989227295,0.009089048020541668,0.008686484768986702,0.264558881521225,0.25546982884407043,2.579314947128296,2.590085029602051,0.13242757468974756,0.4777777777777778,0.0,0.0,0.0,0.0,-1.533826192220052e-05,0.038841211054895276,0.12885177723524274,True,model_input_only,False,False,True,True
DL,brca,2A_numeric,FlatMLP,holdout,results/20260424_multicancer_stad_protocol_rerun/step4_models/fs_a_stad_baseline/dl_step4_2_7model_full/brca/2A_numeric/FlatMLP/holdout,dl_7model_full,skip_existing_only,0.23157128847060005,0.20719222724437714,0.1598383669856465,2.577606703938836,1.9014135599136353,0.029889404773712158,0.03416365385055542,0.0,0.2657349407672882,0.2315712869167328,2.555833101272583,2.577606678009033,0.04445087847292713,0.36666666666666664,284.0,209.0,1.0,1.0,0.09128904342651367,0.029754204398447608,0.22092089155773265,True,model_input_only,False,False,True,True
DL,brca,2A_numeric,FlatMLP,groupcv,results/20260424_multicancer_stad_protocol_rerun/step4_models/fs_a_stad_baseline/dl_step4_2_7model_full/brca/2A_numeric/FlatMLP/groupcv,dl_7model_full,skip_existing_only,0.26313724570159414,0.23655351996421814,0.18110742056377113,2.562532634789886,1.9554019371668498,0.0427353580792745,0.0013715574750676751,0.020267263054847717,0.26450881361961365,0.26313725113868713,2.5591249465942383,2.562532663345337,0.06204377667785555,0.5222222222222221,0.0,11.0,0.0,0.13833615608336078,-1.1761983235677084e-05,0.057240233151776086,0.0004423519704285981,True,model_input_only,False,False,True,True
DL,brca,2A_numeric,FlatMLP,unseen_drug,results/20260424_multicancer_stad_protocol_rerun/step4_models/fs_a_stad_baseline/dl_step4_2_7model_full/brca/2A_numeric/FlatMLP/unseen_drug,dl_7model_full,skip_existing_only,0.22982663568136413,0.21557560563087463,0.1574451576150887,2.7600990736497675,2.088383436203003,0.028903543949127197,0.043578535318374634,0.0,0.27340516448020935,0.22982662916183472,2.4998507499694824,2.760099172592163,0.2086765438677319,0.5666666666666667,0.0,10.0,0.0,0.20408163265306123,0.346210241317749,0.07675375918544944,1.6329447270880188e-06,True,model_input_only,False,False,True,True
DL,brca,2A_numeric,FlatMLP,cv,results/20260424_multicancer_stad_protocol_rerun/step4_models/fs_a_stad_baseline/dl_step4_2_7model_full/brca/2A_numeric/FlatMLP/cv,dl_7model_full,skip_existing_only,0.24675278884629992,0.22007731099923453,0.16919721315218736,2.6029829483570404,1.9841023683547974,0.015897730986277264,0.019023587927222252,0.011506198905408382,0.2657763659954071,0.2467527836561203,2.5796427726745605,2.602982759475708,0.03693684106209066,0.4777777777777778,285.0,210.0,0.9884894243785997,0.9844661262290259,3.6557515462239585e-06,0.02649029456841759,0.2171403552506631,True,model_input_only,False,False,True,True
DL,brca,2C_numeric_smiles_context,WideDeep,scaffoldcv,results/20260424_multicancer_stad_protocol_rerun/step4_models/fs_a_stad_baseline/dl_step4_2_7model_full/brca/2C_numeric_smiles_context/WideDeep/scaffoldcv,dl_7model_full,skip_existing_only,0.3847321394589393,0.3940375745296478,0.2684325453700211,2.8442929785935416,2.20784330368042,-0.24294646581013998,0.39797690510749817,0.06485816091299057,0.7827090620994568,0.38473212718963623,1.4513906240463257,2.8442928791046143,0.21888548049289133,0.6,0.0,0.0,0.0,0.0,-1.533826192220052e-05,0.038841211054895276,0.12885177723524274,True,model_input_only,True,False,True,True
DL,brca,2C_numeric_smiles_context,WideDeep,holdout,results/20260424_multicancer_stad_protocol_rerun/step4_models/fs_a_stad_baseline/dl_step4_2_7model_full/brca/2C_numeric_smiles_context/WideDeep/holdout,dl_7model_full,skip_existing_only,0.776166921640749,0.8261325359344482,0.5902065008583401,1.4960831524745013,1.1155190467834473,0.6731868982315063,-0.0013536810874938965,0.0,0.7748132348060608,0.7761669158935547,1.4839794635772705,1.49608314037323,0.7881262141513345,1.0,284.0,209.0,1.0,1.0,0.09128904342651367,0.029754204398447608,0.22092089155773265,True,model_input_only,True,False,True,True
DL,brca,2C_numeric_smiles_context,WideDeep,groupcv,results/20260424_multicancer_stad_protocol_rerun/step4_models/fs_a_stad_baseline/dl_step4_2_7model_full/brca/2C_numeric_smiles_context/WideDeep/groupcv,dl_7model_full,skip_existing_only,0.4327692077966631,0.4690643052260081,0.3032169854373404,2.313094444066174,1.7417714993158977,0.21763541301091513,0.3524033725261688,0.034075044095516205,0.7851726412773132,0.43276920914649963,1.4342803955078125,2.3130943775177,0.30142799228581213,0.7000000000000001,0.0,11.0,0.0,0.13833615608336078,-1.1761983235677084e-05,0.057240233151776086,0.0004423519704285981,True,model_input_only,True,False,True,True
DL,brca,2C_numeric_smiles_context,WideDeep,unseen_drug,results/20260424_multicancer_stad_protocol_rerun/step4_models/fs_a_stad_baseline/dl_step4_2_7model_full/brca/2C_numeric_smiles_context/WideDeep/unseen_drug,dl_7model_full,skip_existing_only,0.35374981430776,0.49111825227737427,0.24556429881661687,2.54333887175444,1.9077831506729126,0.1754414439201355,0.40550124645233154,0.0,0.759251058101654,0.3537498116493225,1.4647140502929688,2.5433387756347656,0.2882891023506611,0.4666666666666667,0.0,10.0,0.0,0.20408163265306123,0.346210241317749,0.07675375918544944,1.6329447270880188e-06,True,model_input_only,True,False,True,True
DL,brca,2C_numeric_smiles_context,WideDeep,cv,results/20260424_multicancer_stad_protocol_rerun/step4_models/fs_a_stad_baseline/dl_step4_2_7model_full/brca/2C_numeric_smiles_context/WideDeep/cv,dl_7model_full,skip_existing_only,0.7530089205798528,0.8092280030250549,0.568230073668838,1.5580502061939425,1.1614360809326172,0.6469521125157675,0.021329104900360107,0.01050079707056284,0.7743380069732666,0.7530089020729065,1.5010991096496582,1.5580501556396484,0.6404010943711441,1.0,285.0,210.0,0.9884894243785997,0.9844661262290259,3.6557515462239585e-06,0.02649029456841759,0.2171403552506631,True,model_input_only,True,False,True,True
DL,brca,2C_numeric_smiles_context,TabTransformer,scaffoldcv,results/20260424_multicancer_stad_protocol_rerun/step4_models/fs_a_stad_baseline/dl_step4_2_7model_full/brca/2C_numeric_smiles_context/TabTransformer/scaffoldcv,dl_7model_full,skip_existing_only,0.38548489363419886,0.39255361755688983,0.2685544650081655,3.2632934111075116,2.5493529240290322,-0.8229251503944397,0.392559289932251,0.0981510728597641,0.7780441641807556,0.385484904050827,1.417326807975769,3.263293504714966,0.20328808478953972,0.5444444444444444,0.0,0.0,0.0,0.0,-1.533826192220052e-05,0.038841211054895276,0.12885177723524274,True,model_input_only,True,False,True,True
DL,brca,2C_numeric_smiles_context,TabTransformer,holdout,results/20260424_multicancer_stad_protocol_rerun/step4_models/fs_a_stad_baseline/dl_step4_2_7model_full/brca/2C_numeric_smiles_context/TabTransformer/holdout,dl_7model_full,skip_existing_only,0.7832858258497108,0.8408330678939819,0.5986889557942398,1.4282302517159142,1.0664520263671875,0.70215904712677,-0.0022915005683898926,0.0,0.7809942960739136,0.7832857966423035,1.4369089603424072,1.4282302856445312,0.8572249552974367,1.0,284.0,209.0,1.0,1.0,0.09128904342651367,0.029754204398447608,0.22092089155773265,True,model_input_only,True,False,True,True
DL,brca,2C_numeric_smiles_context,TabTransformer,groupcv,results/20260424_multicancer_stad_protocol_rerun/step4_models/fs_a_stad_baseline/dl_step4_2_7model_full/brca/2C_numeric_smiles_context/TabTransformer/groupcv,dl_7model_full,skip_existing_only,0.41948521792932053,0.4691961606343587,0.29297616005026744,2.388954139856422,1.7700511614481609,0.15812995036443075,0.35754212737083435,0.07809405773878098,0.7770273089408875,0.4194852113723755,1.5114513635635376,2.3889541625976562,0.3661351494670761,0.7222222222222222,0.0,11.0,0.0,0.13833615608336078,-1.1761983235677084e-05,0.057240233151776086,0.0004423519704285981,True,model_input_only,True,False,True,True
DL,brca,2C_numeric_smiles_context,TabTransformer,unseen_drug,results/20260424_multicancer_stad_protocol_rerun/step4_models/fs_a_stad_baseline/dl_step4_2_7model_full/brca/2C_numeric_smiles_context/TabTransformer/unseen_drug,dl_7model_full,skip_existing_only,0.3614199056027758,0.5023981332778931,0.248810441490826,2.521252704972578,1.8988267183303833,0.18970012664794922,0.42549729347229004,0.0,0.7869172096252441,0.3614199161529541,1.3506954908370972,2.5212526321411133,0.4264447536959115,0.5,0.0,10.0,0.0,0.20408163265306123,0.346210241317749,0.07675375918544944,1.6329447270880188e-06,True,model_input_only,True,False,True,True
DL,brca,2C_numeric_smiles_context,TabTransformer,cv,results/20260424_multicancer_stad_protocol_rerun/step4_models/fs_a_stad_baseline/dl_step4_2_7model_full/brca/2C_numeric_smiles_context/TabTransformer/cv,dl_7model_full,skip_existing_only,0.7552302988566032,0.8123187224070231,0.5720865714368569,1.6119644963380544,1.2202665408452351,0.6223726272583008,0.01964990235865116,0.008986278437077999,0.7748801708221436,0.7552302479743958,1.5685386657714844,1.6119645833969116,0.6797954743909039,0.9555555555555556,285.0,210.0,0.9884894243785997,0.9844661262290259,3.6557515462239585e-06,0.02649029456841759,0.2171403552506631,True,model_input_only,True,False,True,True
DL,brca,2C_numeric_smiles_context,FTTransformer,scaffoldcv,results/20260424_multicancer_stad_protocol_rerun/step4_models/fs_a_stad_baseline/dl_step4_2_7model_full/brca/2C_numeric_smiles_context/FTTransformer/scaffoldcv,dl_7model_full,skip_existing_only,0.3680282650392152,0.40561909476915997,0.2559832677586367,3.1451754569709993,2.483897646268209,-0.6381978392601013,0.4061001241207123,0.13501057028770447,0.7741283774375916,0.3680282533168793,1.4686778783798218,3.1451752185821533,0.1864231719032857,0.5444444444444444,0.0,0.0,0.0,0.0,-1.533826192220052e-05,0.038841211054895276,0.12885177723524274,True,model_input_only,True,False,True,True
DL,brca,2C_numeric_smiles_context,FTTransformer,holdout,results/20260424_multicancer_stad_protocol_rerun/step4_models/fs_a_stad_baseline/dl_step4_2_7model_full/brca/2C_numeric_smiles_context/FTTransformer/holdout,dl_7model_full,skip_existing_only,0.7694183433680876,0.8255000710487366,0.586605142621337,1.6135595049363562,1.1988918781280518,0.6198474168777466,-0.00024646520614624023,0.0,0.7691718935966492,0.7694183588027954,1.5866774320602417,1.6135594844818115,0.8037430197002454,0.9333333333333333,284.0,209.0,1.0,1.0,0.09128904342651367,0.029754204398447608,0.22092089155773265,True,model_input_only,True,False,True,True
DL,brca,2C_numeric_smiles_context,FTTransformer,groupcv,results/20260424_multicancer_stad_protocol_rerun/step4_models/fs_a_stad_baseline/dl_step4_2_7model_full/brca/2C_numeric_smiles_context/FTTransformer/groupcv,dl_7model_full,skip_existing_only,0.4268754238324565,0.47345054149627686,0.29833393695078797,2.480145104159909,1.8268184661865234,0.10047642389933269,0.3372242748737335,0.06832246482372284,0.764099657535553,0.42687544226646423,1.6510601043701172,2.480145215988159,0.25017942771701457,0.7111111111111111,0.0,11.0,0.0,0.13833615608336078,-1.1761983235677084e-05,0.057240233151776086,0.0004423519704285981,True,model_input_only,True,False,True,True
DL,brca,2C_numeric_smiles_context,FTTransformer,unseen_drug,results/20260424_multicancer_stad_protocol_rerun/step4_models/fs_a_stad_baseline/dl_step4_2_7model_full/brca/2C_numeric_smiles_context/FTTransformer/unseen_drug,dl_7model_full,skip_existing_only,0.34411363787131444,0.4901229441165924,0.23688472266280727,2.5396899577772327,1.9378066062927246,0.17780572175979614,0.43084508180618286,0.0,0.7749587297439575,0.34411364793777466,1.3923366069793701,2.5396900177001953,0.374229050509802,0.4666666666666667,0.0,10.0,0.0,0.20408163265306123,0.346210241317749,0.07675375918544944,1.6329447270880188e-06,True,model_input_only,True,False,True,True
DL,brca,2C_numeric_smiles_context,FTTransformer,cv,results/20260424_multicancer_stad_protocol_rerun/step4_models/fs_a_stad_baseline/dl_step4_2_7model_full/brca/2C_numeric_smiles_context/FTTransformer/cv,dl_7model_full,skip_existing_only,0.7403980750032341,0.7997129956881205,0.5574103337724381,1.6766149229190084,1.2805075248082478,0.590948224067688,0.01993129588663578,0.009556479752063751,0.7603294253349304,0.740398108959198,1.639257550239563,1.6766148805618286,0.5916456324401825,0.9,285.0,210.0,0.9884894243785997,0.9844661262290259,3.6557515462239585e-06,0.02649029456841759,0.2171403552506631,True,model_input_only,True,False,True,True
DL,brca,2C_numeric_smiles_context,TabNet,scaffoldcv,results/20260424_multicancer_stad_protocol_rerun/step4_models/fs_a_stad_baseline/dl_step4_2_7model_full/brca/2C_numeric_smiles_context/TabNet/scaffoldcv,dl_7model_full,skip_existing_only,0.33513438366811177,0.3574296335379283,0.23098005860237594,3.428367254569528,2.7623615662256875,-0.9114172458648682,0.4646361768245697,0.046282701194286346,0.7997705340385437,0.3351343870162964,1.4194828271865845,3.4283673763275146,0.26511366558190125,0.5888888888888889,0.0,0.0,0.0,0.0,-1.533826192220052e-05,0.038841211054895276,0.12885177723524274,True,model_input_only,True,False,True,True
DL,brca,2C_numeric_smiles_context,TabNet,holdout,results/20260424_multicancer_stad_protocol_rerun/step4_models/fs_a_stad_baseline/dl_step4_2_7model_full/brca/2C_numeric_smiles_context/TabNet/holdout,dl_7model_full,skip_existing_only,0.7680732054361425,0.8439250588417053,0.5862533820493506,1.4477087827601192,1.0874420404434204,0.6939796209335327,0.04321235418319702,0.0,0.8112855553627014,0.7680732011795044,1.357938528060913,1.4477087259292603,0.8711756720924357,1.0,284.0,209.0,1.0,1.0,0.09128904342651367,0.029754204398447608,0.22092089155773265,True,model_input_only,True,False,True,True
DL,brca,2C_numeric_smiles_context,TabNet,groupcv,results/20260424_multicancer_stad_protocol_rerun/step4_models/fs_a_stad_baseline/dl_step4_2_7model_full/brca/2C_numeric_smiles_context/TabNet/groupcv,dl_7model_full,skip_existing_only,0.35835788016125686,0.4255758325258891,0.2501731839584797,2.439385879023767,1.8499508301417034,0.12965500354766846,0.46405553817749023,0.05280463397502899,0.822413444519043,0.35835787653923035,1.294073462486267,2.4393858909606934,0.19954422169424904,0.6222222222222221,0.0,11.0,0.0,0.13833615608336078,-1.1761983235677084e-05,0.057240233151776086,0.0004423519704285981,True,model_input_only,True,False,True,True
DL,brca,2C_numeric_smiles_context,TabNet,unseen_drug,results/20260424_multicancer_stad_protocol_rerun/step4_models/fs_a_stad_baseline/dl_step4_2_7model_full/brca/2C_numeric_smiles_context/TabNet/unseen_drug,dl_7model_full,skip_existing_only,0.3620026688701323,0.4932396411895752,0.25389217816852777,2.5309748558926635,1.8536698818206787,0.18343889713287354,0.47936898469924927,0.0,0.8413716554641724,0.3620026707649231,1.1704779863357544,2.530974864959717,0.4862471062639725,0.5,0.0,10.0,0.0,0.20408163265306123,0.346210241317749,0.07675375918544944,1.6329447270880188e-06,True,model_input_only,True,False,True,True
DL,brca,2C_numeric_smiles_context,TabNet,cv,results/20260424_multicancer_stad_protocol_rerun/step4_models/fs_a_stad_baseline/dl_step4_2_7model_full/brca/2C_numeric_smiles_context/TabNet/cv,dl_7model_full,skip_existing_only,0.7587068433890801,0.8343922893206278,0.5760350730101097,1.4832359655237461,1.103442668914795,0.6804670691490173,0.06324034929275513,0.008702591992914677,0.8219471573829651,0.7587068676948547,1.322701334953308,1.4832359552383423,0.893127160111991,1.0,285.0,210.0,0.9884894243785997,0.9844661262290259,3.6557515462239585e-06,0.02649029456841759,0.2171403552506631,True,model_input_only,True,False,True,True
DL,brca,2C_numeric_smiles_context,ResidualMLP,scaffoldcv,results/20260424_multicancer_stad_protocol_rerun/step4_models/fs_a_stad_baseline/dl_step4_2_7model_full/brca/2C_numeric_smiles_context/ResidualMLP/scaffoldcv,dl_7model_full,skip_existing_only,0.38757327288297755,0.40481604139010113,0.27036764472384744,2.7702857246692445,2.0885807275772095,-0.15879025061925253,0.4004122018814087,0.06129489839076996,0.7879855036735535,0.3875732719898224,1.3896598815917969,2.7702856063842773,0.2537143036376813,0.6222222222222222,0.0,0.0,0.0,0.0,-1.533826192220052e-05,0.038841211054895276,0.12885177723524274,True,model_input_only,True,False,True,True
DL,brca,2C_numeric_smiles_context,ResidualMLP,holdout,results/20260424_multicancer_stad_protocol_rerun/step4_models/fs_a_stad_baseline/dl_step4_2_7model_full/brca/2C_numeric_smiles_context/ResidualMLP/holdout,dl_7model_full,skip_existing_only,0.7817080872452432,0.847609281539917,0.5983466586252504,1.4645062273908322,1.1409502029418945,0.6868370771408081,0.009846806526184082,0.0,0.791554868221283,0.7817080616950989,1.4769892692565918,1.4645062685012817,0.9022050529839701,1.0,284.0,209.0,1.0,1.0,0.09128904342651367,0.029754204398447608,0.22092089155773265,True,model_input_only,True,False,True,True
DL,brca,2C_numeric_smiles_context,ResidualMLP,groupcv,results/20260424_multicancer_stad_protocol_rerun/step4_models/fs_a_stad_baseline/dl_step4_2_7model_full/brca/2C_numeric_smiles_context/ResidualMLP/groupcv,dl_7model_full,skip_existing_only,0.43898165529583383,0.48571139574050903,0.30852412647848343,2.3162366334288245,1.7411634922027588,0.21345206101735434,0.3421144187450409,0.04027865454554558,0.7810960412025452,0.43898165225982666,1.430920958518982,2.3162364959716797,0.39706517779204803,0.7222222222222222,0.0,11.0,0.0,0.13833615608336078,-1.1761983235677084e-05,0.057240233151776086,0.0004423519704285981,True,model_input_only,True,False,True,True
DL,brca,2C_numeric_smiles_context,ResidualMLP,unseen_drug,results/20260424_multicancer_stad_protocol_rerun/step4_models/fs_a_stad_baseline/dl_step4_2_7model_full/brca/2C_numeric_smiles_context/ResidualMLP/unseen_drug,dl_7model_full,skip_existing_only,0.3489539430069606,0.4913119971752167,0.24231063321616386,2.5744119435637285,1.9042948484420776,0.15517038106918335,0.4431890547275543,0.0,0.7921429872512817,0.3489539325237274,1.332951545715332,2.5744118690490723,0.49598850588356974,0.5666666666666667,0.0,10.0,0.0,0.20408163265306123,0.346210241317749,0.07675375918544944,1.6329447270880188e-06,True,model_input_only,True,False,True,True
DL,brca,2C_numeric_smiles_context,ResidualMLP,cv,results/20260424_multicancer_stad_protocol_rerun/step4_models/fs_a_stad_baseline/dl_step4_2_7model_full/brca/2C_numeric_smiles_context/ResidualMLP/cv,dl_7model_full,skip_existing_only,0.7644602086433059,0.8326451579729716,0.5817901450359098,1.5450793068980382,1.156104604403178,0.6529496312141418,0.024637818336486816,0.005336102098226547,0.7890980243682861,0.7644601464271545,1.4941186904907227,1.5450793504714966,0.8530153187841313,1.0,285.0,210.0,0.9884894243785997,0.9844661262290259,3.6557515462239585e-06,0.02649029456841759,0.2171403552506631,True,model_input_only,True,False,True,True
DL,brca,2C_numeric_smiles_context,CrossAttention,scaffoldcv,results/20260424_multicancer_stad_protocol_rerun/step4_models/fs_a_stad_baseline/dl_step4_2_7model_full/brca/2C_numeric_smiles_context/CrossAttention/scaffoldcv,dl_7model_full,skip_existing_only,0.37744313279165237,0.37865667541821796,0.2634077868673132,3.0295451035486596,2.316007971763611,-0.4403422276178996,0.4069503843784332,0.05309933423995972,0.7843934893608093,0.3774431645870209,1.448525071144104,3.0295450687408447,0.1763868726690149,0.5555555555555555,0.0,0.0,0.0,0.0,-1.533826192220052e-05,0.038841211054895276,0.12885177723524274,True,model_input_only,True,False,True,True
DL,brca,2C_numeric_smiles_context,CrossAttention,holdout,results/20260424_multicancer_stad_protocol_rerun/step4_models/fs_a_stad_baseline/dl_step4_2_7model_full/brca/2C_numeric_smiles_context/CrossAttention/holdout,dl_7model_full,skip_existing_only,0.7697049430310572,0.839359700679779,0.5897039857555024,1.4456608532897248,1.0492771863937378,0.6948447823524475,0.005536139011383057,0.0,0.7752410769462585,0.7697049379348755,1.4309577941894531,1.4456608295440674,0.8455177741499357,1.0,284.0,209.0,1.0,1.0,0.09128904342651367,0.029754204398447608,0.22092089155773265,True,model_input_only,True,False,True,True
DL,brca,2C_numeric_smiles_context,CrossAttention,groupcv,results/20260424_multicancer_stad_protocol_rerun/step4_models/fs_a_stad_baseline/dl_step4_2_7model_full/brca/2C_numeric_smiles_context/CrossAttention/groupcv,dl_7model_full,skip_existing_only,0.3850051163028041,0.43208077549934387,0.26927676726435684,2.485035541923369,1.8696011702219646,0.09862611691157024,0.3951842784881592,0.05340784788131714,0.7801893353462219,0.3850051164627075,1.5157980918884277,2.4850356578826904,0.39577619030612743,0.7999999999999999,0.0,11.0,0.0,0.13833615608336078,-1.1761983235677084e-05,0.057240233151776086,0.0004423519704285981,True,model_input_only,True,False,True,True
DL,brca,2C_numeric_smiles_context,CrossAttention,unseen_drug,results/20260424_multicancer_stad_protocol_rerun/step4_models/fs_a_stad_baseline/dl_step4_2_7model_full/brca/2C_numeric_smiles_context/CrossAttention/unseen_drug,dl_7model_full,skip_existing_only,0.32606696335408375,0.47363290190696716,0.22525615942141947,2.63430055850232,2.000135898590088,0.11540663242340088,0.4626210927963257,0.0,0.788688063621521,0.3260669708251953,1.333186388015747,2.634300470352173,0.27095437953949997,0.36666666666666664,0.0,10.0,0.0,0.20408163265306123,0.346210241317749,0.07675375918544944,1.6329447270880188e-06,True,model_input_only,True,False,True,True
DL,brca,2C_numeric_smiles_context,CrossAttention,cv,results/20260424_multicancer_stad_protocol_rerun/step4_models/fs_a_stad_baseline/dl_step4_2_7model_full/brca/2C_numeric_smiles_context/CrossAttention/cv,dl_7model_full,skip_existing_only,0.7604501205618321,0.8289315303166708,0.5780656602292197,1.6096599401410259,1.2593834797541301,0.6209527452786764,0.024156471714377403,0.009234689176082611,0.7846066355705261,0.7604501247406006,1.5493448972702026,1.609660029411316,0.8154210875243746,1.0,285.0,210.0,0.9884894243785997,0.9844661262290259,3.6557515462239585e-06,0.02649029456841759,0.2171403552506631,True,model_input_only,True,False,True,True
DL,brca,2C_numeric_smiles_context,FlatMLP,scaffoldcv,results/20260424_multicancer_stad_protocol_rerun/step4_models/fs_a_stad_baseline/dl_step4_2_7model_full/brca/2C_numeric_smiles_context/FlatMLP/scaffoldcv,dl_7model_full,skip_existing_only,0.38322603743398326,0.4006059964497884,0.26783220337396124,2.831916981434137,2.1883826653162637,-0.2188240091005961,0.40136340260505676,0.057769712060689926,0.7845894694328308,0.38322603702545166,1.4358501434326172,2.8319170475006104,0.17957193555372086,0.5666666666666667,0.0,0.0,0.0,0.0,-1.533826192220052e-05,0.038841211054895276,0.12885177723524274,True,model_input_only,True,False,True,True
DL,brca,2C_numeric_smiles_context,FlatMLP,holdout,results/20260424_multicancer_stad_protocol_rerun/step4_models/fs_a_stad_baseline/dl_step4_2_7model_full/brca/2C_numeric_smiles_context/FlatMLP/holdout,dl_7model_full,skip_existing_only,0.7812748462165067,0.8425793647766113,0.5972668380532092,1.4215884077051384,1.0528814792633057,0.7049227952957153,0.0073563456535339355,0.0,0.7886312007904053,0.7812748551368713,1.4016621112823486,1.42158842086792,0.7966690046293872,1.0,284.0,209.0,1.0,1.0,0.09128904342651367,0.029754204398447608,0.22092089155773265,True,model_input_only,True,False,True,True
DL,brca,2C_numeric_smiles_context,FlatMLP,groupcv,results/20260424_multicancer_stad_protocol_rerun/step4_models/fs_a_stad_baseline/dl_step4_2_7model_full/brca/2C_numeric_smiles_context/FlatMLP/groupcv,dl_7model_full,skip_existing_only,0.4218383528935794,0.4705982009569804,0.29614906890850917,2.459356685070515,1.8663153648376465,0.11403340101242065,0.36530017852783203,0.038455698639154434,0.7871385216712952,0.4218383729457855,1.5522328615188599,2.4593565464019775,0.32002210159524686,0.688888888888889,0.0,11.0,0.0,0.13833615608336078,-1.1761983235677084e-05,0.057240233151776086,0.0004423519704285981,True,model_input_only,True,False,True,True
DL,brca,2C_numeric_smiles_context,FlatMLP,unseen_drug,results/20260424_multicancer_stad_protocol_rerun/step4_models/fs_a_stad_baseline/dl_step4_2_7model_full/brca/2C_numeric_smiles_context/FlatMLP/unseen_drug,dl_7model_full,skip_existing_only,0.32082067206516024,0.47435832023620605,0.22164139336126304,2.613311995480807,2.023375988006592,0.12944632768630981,0.46925535798072815,0.0,0.7900760173797607,0.3208206593990326,1.4247629642486572,2.613312005996704,0.37677268280453324,0.4666666666666667,0.0,10.0,0.0,0.20408163265306123,0.346210241317749,0.07675375918544944,1.6329447270880188e-06,True,model_input_only,True,False,True,True
DL,brca,2C_numeric_smiles_context,FlatMLP,cv,results/20260424_multicancer_stad_protocol_rerun/step4_models/fs_a_stad_baseline/dl_step4_2_7model_full/brca/2C_numeric_smiles_context/FlatMLP/cv,dl_7model_full,skip_existing_only,0.7600124813146532,0.8244730830192566,0.5775831941339798,1.5639717959707404,1.161695917447408,0.6439463893572489,0.02309958077967167,0.004902136046439409,0.7831120491027832,0.7600124478340149,1.5039515495300293,1.5639718770980835,0.7385352647701554,1.0,285.0,210.0,0.9884894243785997,0.9844661262290259,3.6557515462239585e-06,0.02649029456841759,0.2171403552506631,True,model_input_only,True,False,True,True
DL,brca,2B_numeric_smiles,WideDeep,scaffoldcv,results/20260424_multicancer_stad_protocol_rerun/step4_models/fs_a_stad_baseline/dl_step4_2_7model_full/brca/2B_numeric_smiles/WideDeep/scaffoldcv,dl_7model_full,skip_existing_only,0.3596382653728308,0.38420340418815613,0.25076278096936805,2.719239767018307,2.0551065603892007,-0.10617719093958537,0.4170156419277191,0.05732386186718941,0.7766539454460144,0.3596382439136505,1.4800082445144653,2.7192394733428955,0.15380686343724306,0.5444444444444444,0.0,0.0,0.0,0.0,-1.533826192220052e-05,0.038841211054895276,0.12885177723524274,True,model_input_only,True,False,True,True
DL,brca,2B_numeric_smiles,WideDeep,holdout,results/20260424_multicancer_stad_protocol_rerun/step4_models/fs_a_stad_baseline/dl_step4_2_7model_full/brca/2B_numeric_smiles/WideDeep/holdout,dl_7model_full,skip_existing_only,0.7566478843824013,0.8110488653182983,0.5704492739218723,1.5629072802933075,1.171654224395752,0.6433400511741638,0.003906905651092529,0.0,0.7605547904968262,0.7566478848457336,1.5465456247329712,1.562907338142395,0.6700588958015842,0.9666666666666667,284.0,209.0,1.0,1.0,0.09128904342651367,0.029754204398447608,0.22092089155773265,True,model_input_only,True,False,True,True
DL,brca,2B_numeric_smiles,WideDeep,groupcv,results/20260424_multicancer_stad_protocol_rerun/step4_models/fs_a_stad_baseline/dl_step4_2_7model_full/brca/2B_numeric_smiles/WideDeep/groupcv,dl_7model_full,skip_existing_only,0.40848982520718985,0.462263027826945,0.28613243909702674,2.33812798519315,1.7555155754089355,0.20232274134953818,0.3762287199497223,0.021012116223573685,0.7847185730934143,0.40848982334136963,1.4349724054336548,2.338128089904785,0.28132970818418407,0.6111111111111112,0.0,11.0,0.0,0.13833615608336078,-1.1761983235677084e-05,0.057240233151776086,0.0004423519704285981,True,model_input_only,True,False,True,True
DL,brca,2B_numeric_smiles,WideDeep,unseen_drug,results/20260424_multicancer_stad_protocol_rerun/step4_models/fs_a_stad_baseline/dl_step4_2_7model_full/brca/2B_numeric_smiles/WideDeep/unseen_drug,dl_7model_full,skip_existing_only,0.3254976480585174,0.4688124358654022,0.22657735832463263,2.5316126057434385,1.901837706565857,0.1830272674560547,0.46264228224754333,0.0,0.7881399393081665,0.32549765706062317,1.3414725065231323,2.5316126346588135,0.24779782402859557,0.4,0.0,10.0,0.0,0.20408163265306123,0.346210241317749,0.07675375918544944,1.6329447270880188e-06,True,model_input_only,True,False,True,True
DL,brca,2B_numeric_smiles,WideDeep,cv,results/20260424_multicancer_stad_protocol_rerun/step4_models/fs_a_stad_baseline/dl_step4_2_7model_full/brca/2B_numeric_smiles/WideDeep/cv,dl_7model_full,skip_existing_only,0.7411032071348561,0.8118800520896912,0.5596314949518101,1.622136622332922,1.2450092633565266,0.6166956822077433,0.02311164140701294,0.018184153363108635,0.764214813709259,0.7411031723022461,1.5853596925735474,1.6221365928649902,0.631474614830788,1.0,285.0,210.0,0.9884894243785997,0.9844661262290259,3.6557515462239585e-06,0.02649029456841759,0.2171403552506631,True,model_input_only,True,False,True,True
DL,brca,2B_numeric_smiles,TabTransformer,scaffoldcv,results/20260424_multicancer_stad_protocol_rerun/step4_models/fs_a_stad_baseline/dl_step4_2_7model_full/brca/2B_numeric_smiles/TabTransformer/scaffoldcv,dl_7model_full,skip_existing_only,0.36144977019329105,0.3909544845422109,0.2511773326694564,3.1494087563962427,2.4732681115468345,-0.5885469714800516,0.41438522934913635,0.11902444064617157,0.7758349776268005,0.3614497482776642,1.5294700860977173,3.149409055709839,0.17556932097038522,0.4777777777777778,0.0,0.0,0.0,0.0,-1.533826192220052e-05,0.038841211054895276,0.12885177723524274,True,model_input_only,True,False,True,True
DL,brca,2B_numeric_smiles,TabTransformer,holdout,results/20260424_multicancer_stad_protocol_rerun/step4_models/fs_a_stad_baseline/dl_step4_2_7model_full/brca/2B_numeric_smiles/TabTransformer/holdout,dl_7model_full,skip_existing_only,0.7819478072458848,0.8423198461532593,0.5976577690464477,1.4179281433848672,1.0708516836166382,0.7064403295516968,0.0012440085411071777,0.0,0.7831918001174927,0.7819477915763855,1.441376805305481,1.4179280996322632,0.8541703317908056,0.9666666666666667,284.0,209.0,1.0,1.0,0.09128904342651367,0.029754204398447608,0.22092089155773265,True,model_input_only,True,False,True,True
DL,brca,2B_numeric_smiles,TabTransformer,groupcv,results/20260424_multicancer_stad_protocol_rerun/step4_models/fs_a_stad_baseline/dl_step4_2_7model_full/brca/2B_numeric_smiles/TabTransformer/groupcv,dl_7model_full,skip_existing_only,0.38504012619321504,0.4482775330543518,0.26853599758764174,2.4746791489365694,1.849719484647115,0.09189738829930623,0.3767463266849518,0.08350471407175064,0.7617864608764648,0.38504013419151306,1.6078654527664185,2.4746789932250977,0.48372146054841386,0.7999999999999999,0.0,11.0,0.0,0.13833615608336078,-1.1761983235677084e-05,0.057240233151776086,0.0004423519704285981,True,model_input_only,True,False,True,True
DL,brca,2B_numeric_smiles,TabTransformer,unseen_drug,results/20260424_multicancer_stad_protocol_rerun/step4_models/fs_a_stad_baseline/dl_step4_2_7model_full/brca/2B_numeric_smiles/TabTransformer/unseen_drug,dl_7model_full,skip_existing_only,0.3559603826489506,0.5063928365707397,0.24494229111690274,2.507456911730403,1.8858433961868286,0.19854342937469482,0.4258221983909607,0.0,0.7817825675010681,0.3559603691101074,1.4153659343719482,2.5074570178985596,0.48049598819549916,0.43333333333333335,0.0,10.0,0.0,0.20408163265306123,0.346210241317749,0.07675375918544944,1.6329447270880188e-06,True,model_input_only,True,False,True,True
DL,brca,2B_numeric_smiles,TabTransformer,cv,results/20260424_multicancer_stad_protocol_rerun/step4_models/fs_a_stad_baseline/dl_step4_2_7model_full/brca/2B_numeric_smiles/TabTransformer/cv,dl_7model_full,skip_existing_only,0.7486076479709461,0.8122949997584025,0.565964892352096,1.5796899041341261,1.193551500638326,0.6373690565427145,0.021821418777108192,0.008509311825037003,0.7704291343688965,0.7486076354980469,1.5305438041687012,1.5796899795532227,0.4752484962503997,0.9666666666666667,285.0,210.0,0.9884894243785997,0.9844661262290259,3.6557515462239585e-06,0.02649029456841759,0.2171403552506631,True,model_input_only,True,False,True,True
DL,brca,2B_numeric_smiles,FTTransformer,scaffoldcv,results/20260424_multicancer_stad_protocol_rerun/step4_models/fs_a_stad_baseline/dl_step4_2_7model_full/brca/2B_numeric_smiles/FTTransformer/scaffoldcv,dl_7model_full,skip_existing_only,0.3459627954203055,0.38880770405133563,0.24030598999337494,3.017711684207987,2.35001802444458,-0.4576258460680644,0.42906060814857483,0.1285185068845749,0.7750234603881836,0.3459627628326416,1.4409550428390503,3.017711639404297,0.1492142761833972,0.41111111111111115,0.0,0.0,0.0,0.0,-1.533826192220052e-05,0.038841211054895276,0.12885177723524274,True,model_input_only,True,False,True,True
DL,brca,2B_numeric_smiles,FTTransformer,holdout,results/20260424_multicancer_stad_protocol_rerun/step4_models/fs_a_stad_baseline/dl_step4_2_7model_full/brca/2B_numeric_smiles/FTTransformer/holdout,dl_7model_full,skip_existing_only,0.7611848114764574,0.8380854725837708,0.5813306612441406,1.5209725808274877,1.1356377601623535,0.6622225046157837,-0.0011959075927734375,0.0,0.7599889039993286,0.761184811592102,1.5168098211288452,1.5209726095199585,0.9441407549027273,1.0,284.0,209.0,1.0,1.0,0.09128904342651367,0.029754204398447608,0.22092089155773265,True,model_input_only,True,False,True,True
DL,brca,2B_numeric_smiles,FTTransformer,groupcv,results/20260424_multicancer_stad_protocol_rerun/step4_models/fs_a_stad_baseline/dl_step4_2_7model_full/brca/2B_numeric_smiles/FTTransformer/groupcv,dl_7model_full,skip_existing_only,0.4043181533701821,0.46705039342244464,0.282580866345654,2.5024271723962066,1.9413191080093384,0.08066765467325847,0.3520059287548065,0.026240915060043335,0.756324052810669,0.4043181240558624,1.7472009658813477,2.502427101135254,0.47043567198846503,0.7111111111111111,0.0,11.0,0.0,0.13833615608336078,-1.1761983235677084e-05,0.057240233151776086,0.0004423519704285981,True,model_input_only,True,False,True,True
DL,brca,2B_numeric_smiles,FTTransformer,unseen_drug,results/20260424_multicancer_stad_protocol_rerun/step4_models/fs_a_stad_baseline/dl_step4_2_7model_full/brca/2B_numeric_smiles/FTTransformer/unseen_drug,dl_7model_full,skip_existing_only,0.34996919402937604,0.5012243986129761,0.24059567280233882,2.5296667351438913,1.886973261833191,0.18428272008895874,0.4292675852775574,0.0,0.7792367935180664,0.34996920824050903,1.428585171699524,2.5296666622161865,0.6082179142556848,0.5333333333333333,0.0,10.0,0.0,0.20408163265306123,0.346210241317749,0.07675375918544944,1.6329447270880188e-06,True,model_input_only,True,False,True,True
DL,brca,2B_numeric_smiles,FTTransformer,cv,results/20260424_multicancer_stad_protocol_rerun/step4_models/fs_a_stad_baseline/dl_step4_2_7model_full/brca/2B_numeric_smiles/FTTransformer/cv,dl_7model_full,skip_existing_only,0.7394059279170201,0.8050128618876139,0.5586539817116248,1.6935941069302334,1.3051514625549316,0.5828638474146525,0.014930625446140766,0.02383233606815338,0.7543365359306335,0.7394059300422668,1.6429920196533203,1.693593978881836,0.5257716576400558,0.9,285.0,210.0,0.9884894243785997,0.9844661262290259,3.6557515462239585e-06,0.02649029456841759,0.2171403552506631,True,model_input_only,True,False,True,True
DL,brca,2B_numeric_smiles,TabNet,scaffoldcv,results/20260424_multicancer_stad_protocol_rerun/step4_models/fs_a_stad_baseline/dl_step4_2_7model_full/brca/2B_numeric_smiles/TabNet/scaffoldcv,dl_7model_full,skip_existing_only,0.33166403259395216,0.3561088095108668,0.22942710633554073,3.5499669403747043,2.8600962162017822,-1.1925455530484517,0.47660377621650696,0.03733793646097183,0.8082678318023682,0.3316640257835388,1.333054542541504,3.549966812133789,0.16983050253737864,0.4666666666666666,0.0,0.0,0.0,0.0,-1.533826192220052e-05,0.038841211054895276,0.12885177723524274,True,model_input_only,True,False,True,True
DL,brca,2B_numeric_smiles,TabNet,holdout,results/20260424_multicancer_stad_protocol_rerun/step4_models/fs_a_stad_baseline/dl_step4_2_7model_full/brca/2B_numeric_smiles/TabNet/holdout,dl_7model_full,skip_existing_only,0.7701283872086091,0.838712751865387,0.5895712930351654,1.5256588903880008,1.182828664779663,0.6601378321647644,0.042592763900756836,0.0,0.8127211332321167,0.7701283693313599,1.428741455078125,1.5256588459014893,0.8637692273389598,1.0,284.0,209.0,1.0,1.0,0.09128904342651367,0.029754204398447608,0.22092089155773265,True,model_input_only,True,False,True,True
DL,brca,2B_numeric_smiles,TabNet,groupcv,results/20260424_multicancer_stad_protocol_rerun/step4_models/fs_a_stad_baseline/dl_step4_2_7model_full/brca/2B_numeric_smiles/TabNet/groupcv,dl_7model_full,skip_existing_only,0.3465463925298166,0.41939427455266315,0.24044464910657162,2.4293739249229267,1.8329127232233684,0.13639853398005167,0.4649292528629303,0.029773419722914696,0.8114756941795349,0.34654638171195984,1.296737790107727,2.4293739795684814,0.18449490193680315,0.5222222222222223,0.0,11.0,0.0,0.13833615608336078,-1.1761983235677084e-05,0.057240233151776086,0.0004423519704285981,True,model_input_only,True,False,True,True
DL,brca,2B_numeric_smiles,TabNet,unseen_drug,results/20260424_multicancer_stad_protocol_rerun/step4_models/fs_a_stad_baseline/dl_step4_2_7model_full/brca/2B_numeric_smiles/TabNet/unseen_drug,dl_7model_full,skip_existing_only,0.2903542508723408,0.4497321546077728,0.20120514994645944,2.7670780825831973,2.169707775115967,0.023986399173736572,0.5160057544708252,0.0,0.8063600063323975,0.29035425186157227,1.427516222000122,2.767078161239624,0.5597341934744368,0.43333333333333335,0.0,10.0,0.0,0.20408163265306123,0.346210241317749,0.07675375918544944,1.6329447270880188e-06,True,model_input_only,True,False,True,True
DL,brca,2B_numeric_smiles,TabNet,cv,results/20260424_multicancer_stad_protocol_rerun/step4_models/fs_a_stad_baseline/dl_step4_2_7model_full/brca/2B_numeric_smiles/TabNet/cv,dl_7model_full,skip_existing_only,0.7582109890939335,0.8336567282676697,0.576448796225737,1.511304827307628,1.145804762840271,0.6666810909907023,0.06010989472270012,0.002672176342457533,0.8183209300041199,0.7582109570503235,1.352929949760437,1.5113048553466797,0.8425888729315457,1.0,285.0,210.0,0.9884894243785997,0.9844661262290259,3.6557515462239585e-06,0.02649029456841759,0.2171403552506631,True,model_input_only,True,False,True,True
DL,brca,2B_numeric_smiles,ResidualMLP,scaffoldcv,results/20260424_multicancer_stad_protocol_rerun/step4_models/fs_a_stad_baseline/dl_step4_2_7model_full/brca/2B_numeric_smiles/ResidualMLP/scaffoldcv,dl_7model_full,skip_existing_only,0.37756147149912395,0.3793224096298218,0.2632050683848562,2.798881678822403,2.1443787813186646,-0.17673659324645996,0.40729615092277527,0.05890852212905884,0.7848575711250305,0.3775614798069,1.468394160270691,2.7988815307617188,0.23390280077509154,0.5555555555555556,0.0,0.0,0.0,0.0,-1.533826192220052e-05,0.038841211054895276,0.12885177723524274,True,model_input_only,True,False,True,True
DL,brca,2B_numeric_smiles,ResidualMLP,holdout,results/20260424_multicancer_stad_protocol_rerun/step4_models/fs_a_stad_baseline/dl_step4_2_7model_full/brca/2B_numeric_smiles/ResidualMLP/holdout,dl_7model_full,skip_existing_only,0.7752647611294784,0.8472735285758972,0.5935754030853919,1.3914862548171185,1.0361469984054565,0.717287003993988,0.0013062357902526855,0.0,0.7765709757804871,0.7752647399902344,1.3904472589492798,1.3914862871170044,0.8837388479768076,1.0,284.0,209.0,1.0,1.0,0.09128904342651367,0.029754204398447608,0.22092089155773265,True,model_input_only,True,False,True,True
DL,brca,2B_numeric_smiles,ResidualMLP,groupcv,results/20260424_multicancer_stad_protocol_rerun/step4_models/fs_a_stad_baseline/dl_step4_2_7model_full/brca/2B_numeric_smiles/ResidualMLP/groupcv,dl_7model_full,skip_existing_only,0.4318926344196073,0.4838209350903829,0.3032790053934242,2.3048193657545877,1.7498190800348918,0.22377020120620728,0.3574553430080414,0.026694053784012794,0.7893479466438293,0.43189263343811035,1.4254494905471802,2.304819345474243,0.3762529458412731,0.7222222222222222,0.0,11.0,0.0,0.13833615608336078,-1.1761983235677084e-05,0.057240233151776086,0.0004423519704285981,True,model_input_only,True,False,True,True
DL,brca,2B_numeric_smiles,ResidualMLP,unseen_drug,results/20260424_multicancer_stad_protocol_rerun/step4_models/fs_a_stad_baseline/dl_step4_2_7model_full/brca/2B_numeric_smiles/ResidualMLP/unseen_drug,dl_7model_full,skip_existing_only,0.32022592770868175,0.4808385372161865,0.22091922790389942,2.586821621042042,1.9910684823989868,0.14700597524642944,0.4719882905483246,0.0,0.7922142148017883,0.32022592425346375,1.3624627590179443,2.5868215560913086,0.3754511948268984,0.43333333333333335,0.0,10.0,0.0,0.20408163265306123,0.346210241317749,0.07675375918544944,1.6329447270880188e-06,True,model_input_only,True,False,True,True
DL,brca,2B_numeric_smiles,ResidualMLP,cv,results/20260424_multicancer_stad_protocol_rerun/step4_models/fs_a_stad_baseline/dl_step4_2_7model_full/brca/2B_numeric_smiles/ResidualMLP/cv,dl_7model_full,skip_existing_only,0.7514408801985993,0.8271228273709615,0.5707653545644044,1.5201046038217012,1.1273843050003052,0.6643956899642944,0.021563449874520302,0.02112221159040928,0.7730043530464172,0.7514408230781555,1.4542303085327148,1.5201045274734497,0.8195654606414732,1.0,285.0,210.0,0.9884894243785997,0.9844661262290259,3.6557515462239585e-06,0.02649029456841759,0.2171403552506631,True,model_input_only,True,False,True,True
DL,brca,2B_numeric_smiles,CrossAttention,scaffoldcv,results/20260424_multicancer_stad_protocol_rerun/step4_models/fs_a_stad_baseline/dl_step4_2_7model_full/brca/2B_numeric_smiles/CrossAttention/scaffoldcv,dl_7model_full,skip_existing_only,0.37282854382191494,0.3659599820772807,0.25986206697618924,3.105228410478325,2.400068203608195,-0.4966014623641968,0.4008501470088959,0.05564919486641884,0.773678719997406,0.37282857298851013,1.4626117944717407,3.1052284240722656,0.14277474178096378,0.5111111111111111,0.0,0.0,0.0,0.0,-1.533826192220052e-05,0.038841211054895276,0.12885177723524274,True,model_input_only,True,False,True,True
DL,brca,2B_numeric_smiles,CrossAttention,holdout,results/20260424_multicancer_stad_protocol_rerun/step4_models/fs_a_stad_baseline/dl_step4_2_7model_full/brca/2B_numeric_smiles/CrossAttention/holdout,dl_7model_full,skip_existing_only,0.7802797909515313,0.8491831421852112,0.5975823667628779,1.4008083598316086,1.0355851650238037,0.7134863138198853,0.0066460371017456055,0.0,0.7869258522987366,0.780279815196991,1.3968135118484497,1.400808334350586,0.8743592787971937,1.0,284.0,209.0,1.0,1.0,0.09128904342651367,0.029754204398447608,0.22092089155773265,True,model_input_only,True,False,True,True
DL,brca,2B_numeric_smiles,CrossAttention,groupcv,results/20260424_multicancer_stad_protocol_rerun/step4_models/fs_a_stad_baseline/dl_step4_2_7model_full/brca/2B_numeric_smiles/CrossAttention/groupcv,dl_7model_full,skip_existing_only,0.40134530464279755,0.4482169250647227,0.28058248526274204,2.400560851042028,1.8340545495351155,0.15768865744272867,0.37073400616645813,0.01526630762964487,0.7720792889595032,0.4013453423976898,1.51439368724823,2.4005608558654785,0.3159189541606696,0.7000000000000001,0.0,11.0,0.0,0.13833615608336078,-1.1761983235677084e-05,0.057240233151776086,0.0004423519704285981,True,model_input_only,True,False,True,True
DL,brca,2B_numeric_smiles,CrossAttention,unseen_drug,results/20260424_multicancer_stad_protocol_rerun/step4_models/fs_a_stad_baseline/dl_step4_2_7model_full/brca/2B_numeric_smiles/CrossAttention/unseen_drug,dl_7model_full,skip_existing_only,0.27656619397180177,0.4489753544330597,0.19027839126564874,2.6365219833988323,2.0559608936309814,0.11391407251358032,0.5071220397949219,0.0,0.7836882472038269,0.27656620740890503,1.468406319618225,2.636522054672241,0.3018311247048036,0.4,0.0,10.0,0.0,0.20408163265306123,0.346210241317749,0.07675375918544944,1.6329447270880188e-06,True,model_input_only,True,False,True,True
DL,brca,2B_numeric_smiles,CrossAttention,cv,results/20260424_multicancer_stad_protocol_rerun/step4_models/fs_a_stad_baseline/dl_step4_2_7model_full/brca/2B_numeric_smiles/CrossAttention/cv,dl_7model_full,skip_existing_only,0.762035842238454,0.8274479707082113,0.5792066464881086,1.50710671008578,1.1310996214548747,0.6702077388763428,0.018735012039542198,0.008891419507563114,0.7807707786560059,0.7620358467102051,1.4451828002929688,1.5071067810058594,0.7537962974963376,1.0,285.0,210.0,0.9884894243785997,0.9844661262290259,3.6557515462239585e-06,0.02649029456841759,0.2171403552506631,True,model_input_only,True,False,True,True
DL,brca,2B_numeric_smiles,FlatMLP,scaffoldcv,results/20260424_multicancer_stad_protocol_rerun/step4_models/fs_a_stad_baseline/dl_step4_2_7model_full/brca/2B_numeric_smiles/FlatMLP/scaffoldcv,dl_7model_full,skip_existing_only,0.35206288542986663,0.3710022171338399,0.24584386366274183,2.806003849725437,2.1521563132603965,-0.19125757614771524,0.4314572513103485,0.04500487446784973,0.7835201621055603,0.3520629107952118,1.4840470552444458,2.8060038089752197,0.1970377669794967,0.5222222222222223,0.0,0.0,0.0,0.0,-1.533826192220052e-05,0.038841211054895276,0.12885177723524274,True,model_input_only,True,False,True,True
DL,brca,2B_numeric_smiles,FlatMLP,holdout,results/20260424_multicancer_stad_protocol_rerun/step4_models/fs_a_stad_baseline/dl_step4_2_7model_full/brca/2B_numeric_smiles/FlatMLP/holdout,dl_7model_full,skip_existing_only,0.7763934637366583,0.8355811834335327,0.5927180816694771,1.4413259426995528,1.0809818506240845,0.6966720819473267,0.004612326622009277,0.0,0.7810057997703552,0.776393473148346,1.4342502355575562,1.4413259029388428,0.809772880003589,1.0,284.0,209.0,1.0,1.0,0.09128904342651367,0.029754204398447608,0.22092089155773265,True,model_input_only,True,False,True,True
DL,brca,2B_numeric_smiles,FlatMLP,groupcv,results/20260424_multicancer_stad_protocol_rerun/step4_models/fs_a_stad_baseline/dl_step4_2_7model_full/brca/2B_numeric_smiles/FlatMLP/groupcv,dl_7model_full,skip_existing_only,0.3791910469387744,0.4272540211677551,0.26464147331025983,2.433261318740183,1.8273303508758545,0.135582705338796,0.3866768777370453,0.034180138260126114,0.7658678889274597,0.3791910409927368,1.5233091115951538,2.4332611560821533,0.18674595434532879,0.5222222222222221,0.0,11.0,0.0,0.13833615608336078,-1.1761983235677084e-05,0.057240233151776086,0.0004423519704285981,True,model_input_only,True,False,True,True
DL,brca,2B_numeric_smiles,FlatMLP,unseen_drug,results/20260424_multicancer_stad_protocol_rerun/step4_models/fs_a_stad_baseline/dl_step4_2_7model_full/brca/2B_numeric_smiles/FlatMLP/unseen_drug,dl_7model_full,skip_existing_only,0.3028439412210575,0.4587467312812805,0.2104553558487955,2.7118047816532824,1.9847873449325562,0.06258934736251831,0.48594510555267334,0.0,0.7887890338897705,0.30284392833709717,1.452530026435852,2.7118048667907715,0.25390489265125427,0.3333333333333333,0.0,10.0,0.0,0.20408163265306123,0.346210241317749,0.07675375918544944,1.6329447270880188e-06,True,model_input_only,True,False,True,True
DL,brca,2B_numeric_smiles,FlatMLP,cv,results/20260424_multicancer_stad_protocol_rerun/step4_models/fs_a_stad_baseline/dl_step4_2_7model_full/brca/2B_numeric_smiles/FlatMLP/cv,dl_7model_full,skip_existing_only,0.7561701859815714,0.8196837902069092,0.5748146530252655,1.7034008264705254,1.3513724406560261,0.5712262392044067,0.02363044023513794,0.005813944153487682,0.7798005938529968,0.7561702132225037,1.6305513381958008,1.70340096950531,0.7313083574693963,0.9888888888888889,285.0,210.0,0.9884894243785997,0.9844661262290259,3.6557515462239585e-06,0.02649029456841759,0.2171403552506631,True,model_input_only,True,False,True,True
DL,crc,2A_numeric,WideDeep,scaffoldcv,results/20260424_multicancer_stad_protocol_rerun/step4_models/fs_a_stad_baseline/dl_step4_2_7model_full/crc/2A_numeric/WideDeep/scaffoldcv,dl_7model_full,skip_existing_only,0.24893596093282375,0.2543564885854721,0.16970766190730427,2.644729171790915,2.0495514074961343,0.0522347887357076,0.0075118690729141235,0.01571856439113617,0.25644782185554504,0.24893595278263092,2.6445705890655518,2.6447291374206543,0.29144340138095387,0.5666666666666668,0.0,0.0,0.0,0.0,3.250439961751302e-05,0.0559185762663618,0.0029784188983603597,True,model_input_only,False,False,True,True
DL,crc,2A_numeric,WideDeep,holdout,results/20260424_multicancer_stad_protocol_rerun/step4_models/fs_a_stad_baseline/dl_step4_2_7model_full/crc/2A_numeric/WideDeep/holdout,dl_7model_full,skip_existing_only,0.2698129849201562,0.26985812187194824,0.18421019562690127,2.605916729665997,1.9887399673461914,0.07134604454040527,-0.018590569496154785,0.0,0.2512224018573761,0.2698129713535309,2.6365444660186768,2.605916738510132,0.16029170966338846,0.6,289.0,214.0,1.0,1.0,-0.0155029296875,0.017380618339557723,0.7283501452982629,True,model_input_only,False,False,True,True
DL,crc,2A_numeric,WideDeep,groupcv,results/20260424_multicancer_stad_protocol_rerun/step4_models/fs_a_stad_baseline/dl_step4_2_7model_full/crc/2A_numeric/WideDeep/groupcv,dl_7model_full,skip_existing_only,0.25467329653197684,0.2581385870774587,0.17348932559962996,2.631706331293845,2.039789915084839,0.06077806154886881,0.0010644694557413459,0.012315323576331139,0.2557377517223358,0.2546732723712921,2.6297566890716553,2.631706476211548,0.16264121889102237,0.611111111111111,0.0,12.333333333333334,0.0,0.15517815517815517,2.7020772298177082e-05,0.06192166331152112,0.0014386910202053083,True,model_input_only,False,False,True,True
DL,crc,2A_numeric,WideDeep,unseen_drug,results/20260424_multicancer_stad_protocol_rerun/step4_models/fs_a_stad_baseline/dl_step4_2_7model_full/crc/2A_numeric/WideDeep/unseen_drug,dl_7model_full,skip_existing_only,0.2417910117855536,0.2560054063796997,0.16383434141001474,2.774780893697036,2.1466872692108154,0.050765931606292725,0.019731581211090088,0.0,0.2615225911140442,0.2417910099029541,2.5951318740844727,2.7747809886932373,0.2398696210646738,0.5666666666666667,0.0,10.0,0.0,0.20408163265306123,0.2846834659576416,0.05389594023834097,0.0003072319257805633,True,model_input_only,False,False,True,True
DL,crc,2A_numeric,WideDeep,cv,results/20260424_multicancer_stad_protocol_rerun/step4_models/fs_a_stad_baseline/dl_step4_2_7model_full/crc/2A_numeric/WideDeep/cv,dl_7model_full,skip_existing_only,0.24266910320728932,0.24549968540668488,0.16507408025925227,2.6506848141731782,2.021873354911804,0.051304896672566734,0.014316171407699585,0.014784388244152069,0.25698527693748474,0.24266910552978516,2.6397626399993896,2.6506845951080322,0.06673933352027162,0.5666666666666667,292.6666666666667,217.66666666666666,1.0,1.0,-1.430511474609375e-06,0.026184209789849422,0.21230344421985425,True,model_input_only,False,False,True,True
DL,crc,2A_numeric,TabTransformer,scaffoldcv,results/20260424_multicancer_stad_protocol_rerun/step4_models/fs_a_stad_baseline/dl_step4_2_7model_full/crc/2A_numeric/TabTransformer/scaffoldcv,dl_7model_full,skip_existing_only,0.24461147832403593,0.24962342778841654,0.16668836795197373,2.6711313595843813,2.089561939239502,0.03377385934193929,0.004836981650441885,0.016953902319073677,0.24944846332073212,0.2446114867925644,2.6663739681243896,2.6711313724517822,0.18539816049969046,0.5777777777777778,0.0,0.0,0.0,0.0,3.250439961751302e-05,0.0559185762663618,0.0029784188983603597,True,model_input_only,False,False,True,True
DL,crc,2A_numeric,TabTransformer,holdout,results/20260424_multicancer_stad_protocol_rerun/step4_models/fs_a_stad_baseline/dl_step4_2_7model_full/crc/2A_numeric/TabTransformer/holdout,dl_7model_full,skip_existing_only,0.25954560196222803,0.2645582854747772,0.17662463984349544,2.6162032824636046,2.0237011909484863,0.06400007009506226,-0.014428213238716125,0.0,0.24511738121509552,0.25954559445381165,2.6443405151367188,2.6162033081054688,0.17030090098611167,0.6,289.0,214.0,1.0,1.0,-0.0155029296875,0.017380618339557723,0.7283501452982629,True,model_input_only,False,False,True,True
DL,crc,2A_numeric,TabTransformer,groupcv,results/20260424_multicancer_stad_protocol_rerun/step4_models/fs_a_stad_baseline/dl_step4_2_7model_full/crc/2A_numeric/TabTransformer/groupcv,dl_7model_full,skip_existing_only,0.24978138361197919,0.253185694416364,0.1700245234032899,2.6536689692308104,2.0463192462921143,0.045467376708984375,-2.5212764739990234e-05,0.014257606118917465,0.24975617229938507,0.24978137016296387,2.656273603439331,2.6536691188812256,0.13810915062756862,0.5666666666666665,0.0,12.333333333333334,0.0,0.15517815517815517,2.7020772298177082e-05,0.06192166331152112,0.0014386910202053083,True,model_input_only,False,False,True,True
DL,crc,2A_numeric,TabTransformer,unseen_drug,results/20260424_multicancer_stad_protocol_rerun/step4_models/fs_a_stad_baseline/dl_step4_2_7model_full/crc/2A_numeric/TabTransformer/unseen_drug,dl_7model_full,skip_existing_only,0.24125757028099168,0.255466103553772,0.16340618865998643,2.7953417960391445,2.1465015411376953,0.03664630651473999,0.01584582030773163,0.0,0.2571033835411072,0.24125756323337555,2.6040642261505127,2.795341730117798,0.3141581167689422,0.5,0.0,10.0,0.0,0.20408163265306123,0.2846834659576416,0.05389594023834097,0.0003072319257805633,True,model_input_only,False,False,True,True
DL,crc,2A_numeric,TabTransformer,cv,results/20260424_multicancer_stad_protocol_rerun/step4_models/fs_a_stad_baseline/dl_step4_2_7model_full/crc/2A_numeric/TabTransformer/cv,dl_7model_full,skip_existing_only,0.23611511741118454,0.24124285578727722,0.16053128903205136,2.651140123839134,2.060628970464071,0.050890723864237465,0.016966575756669044,0.013266331516206264,0.25308170914649963,0.23611511290073395,2.6453301906585693,2.651139974594116,0.06227396672432894,0.6333333333333333,292.6666666666667,217.66666666666666,1.0,1.0,-1.430511474609375e-06,0.026184209789849422,0.21230344421985425,True,model_input_only,False,False,True,True
DL,crc,2A_numeric,FTTransformer,scaffoldcv,results/20260424_multicancer_stad_protocol_rerun/step4_models/fs_a_stad_baseline/dl_step4_2_7model_full/crc/2A_numeric/FTTransformer/scaffoldcv,dl_7model_full,skip_existing_only,0.23266509809662042,0.2384530007839203,0.15831403774375988,2.7403825219724283,2.118237574895223,-0.017312169075012207,0.0014257332077249885,0.01965469680726528,0.23409081995487213,0.23266510665416718,2.727518081665039,2.740382432937622,0.1794896061009644,0.6222222222222221,0.0,0.0,0.0,0.0,3.250439961751302e-05,0.0559185762663618,0.0029784188983603597,True,model_input_only,False,False,True,True
DL,crc,2A_numeric,FTTransformer,holdout,results/20260424_multicancer_stad_protocol_rerun/step4_models/fs_a_stad_baseline/dl_step4_2_7model_full/crc/2A_numeric/FTTransformer/holdout,dl_7model_full,skip_existing_only,0.22601790289775806,0.24446728825569153,0.15398194399051973,2.7092275365982563,2.057050943374634,-0.0037459135055541992,-0.015161186456680298,0.0,0.21085672080516815,0.22601790726184845,2.7327351570129395,2.7092275619506836,0.18267224458591566,0.6666666666666666,289.0,214.0,1.0,1.0,-0.0155029296875,0.017380618339557723,0.7283501452982629,True,model_input_only,False,False,True,True
DL,crc,2A_numeric,FTTransformer,groupcv,results/20260424_multicancer_stad_protocol_rerun/step4_models/fs_a_stad_baseline/dl_step4_2_7model_full/crc/2A_numeric/FTTransformer/groupcv,dl_7model_full,skip_existing_only,0.22735462310196608,0.23416566848754883,0.15462051207939212,2.735553552059057,2.118759592374166,-0.015616774559020996,-0.0019264320144429803,0.011892098002135754,0.22542817890644073,0.22735463082790375,2.7247941493988037,2.735553503036499,0.14394151406426556,0.6777777777777777,0.0,12.333333333333334,0.0,0.15517815517815517,2.7020772298177082e-05,0.06192166331152112,0.0014386910202053083,True,model_input_only,False,False,True,True
DL,crc,2A_numeric,FTTransformer,unseen_drug,results/20260424_multicancer_stad_protocol_rerun/step4_models/fs_a_stad_baseline/dl_step4_2_7model_full/crc/2A_numeric/FTTransformer/unseen_drug,dl_7model_full,skip_existing_only,0.2074743898558239,0.2271067202091217,0.14017044391253736,2.8799386108001572,2.211164712905884,-0.02254486083984375,0.02002336084842682,0.0,0.22749775648117065,0.20747439563274384,2.6901097297668457,2.8799386024475098,0.2999634290258855,0.5,0.0,10.0,0.0,0.20408163265306123,0.2846834659576416,0.05389594023834097,0.0003072319257805633,True,model_input_only,False,False,True,True
DL,crc,2A_numeric,FTTransformer,cv,results/20260424_multicancer_stad_protocol_rerun/step4_models/fs_a_stad_baseline/dl_step4_2_7model_full/crc/2A_numeric/FTTransformer/cv,dl_7model_full,skip_existing_only,0.20917281352208938,0.22338655591011047,0.14153867140293364,2.7357700057096395,2.084211508433024,-0.010552724202473959,0.015839656814932823,0.017750021070241928,0.22501246631145477,0.2091728001832962,2.733240842819214,2.7357702255249023,0.05417599368493581,0.5333333333333333,292.6666666666667,217.66666666666666,1.0,1.0,-1.430511474609375e-06,0.026184209789849422,0.21230344421985425,True,model_input_only,False,False,True,True
DL,crc,2A_numeric,TabNet,scaffoldcv,results/20260424_multicancer_stad_protocol_rerun/step4_models/fs_a_stad_baseline/dl_step4_2_7model_full/crc/2A_numeric/TabNet/scaffoldcv,dl_7model_full,skip_existing_only,0.24432690770276874,0.24853175381819406,0.16664970575719687,2.638367734005645,2.0407552321751914,0.05691103140513102,0.003338341834023595,0.01533463317900896,0.24766524136066437,0.2443269044160843,2.634538412094116,2.6383676528930664,0.16916933844959237,0.5888888888888889,0.0,0.0,0.0,0.0,3.250439961751302e-05,0.0559185762663618,0.0029784188983603597,True,model_input_only,False,False,True,True
DL,crc,2A_numeric,TabNet,holdout,results/20260424_multicancer_stad_protocol_rerun/step4_models/fs_a_stad_baseline/dl_step4_2_7model_full/crc/2A_numeric/TabNet/holdout,dl_7model_full,skip_existing_only,0.24452295098614632,0.24422921240329742,0.16607690033460654,2.623233382353903,2.0218467712402344,0.058963000774383545,-0.01377829909324646,0.0,0.2307446449995041,0.24452294409275055,2.649614095687866,2.6232333183288574,0.17659397476189645,0.6,289.0,214.0,1.0,1.0,-0.0155029296875,0.017380618339557723,0.7283501452982629,True,model_input_only,False,False,True,True
DL,crc,2A_numeric,TabNet,groupcv,results/20260424_multicancer_stad_protocol_rerun/step4_models/fs_a_stad_baseline/dl_step4_2_7model_full/crc/2A_numeric/TabNet/groupcv,dl_7model_full,skip_existing_only,0.23584931832541153,0.24399913350741068,0.16065779644656394,2.638452822758476,2.042691985766093,0.05584019422531128,0.0020594398956745863,0.016336899250745773,0.2379087656736374,0.2358493208885193,2.6384761333465576,2.6384527683258057,0.13518440317446284,0.5777777777777778,0.0,12.333333333333334,0.0,0.15517815517815517,2.7020772298177082e-05,0.06192166331152112,0.0014386910202053083,True,model_input_only,False,False,True,True
DL,crc,2A_numeric,TabNet,unseen_drug,results/20260424_multicancer_stad_protocol_rerun/step4_models/fs_a_stad_baseline/dl_step4_2_7model_full/crc/2A_numeric/TabNet/unseen_drug,dl_7model_full,skip_existing_only,0.22736584491836664,0.24200302362442017,0.15439398159195186,2.7765029514433763,2.158958673477173,0.049587368965148926,0.014139413833618164,0.0,0.24150526523590088,0.22736585140228271,2.6058266162872314,2.776502847671509,0.3301165740769284,0.6,0.0,10.0,0.0,0.20408163265306123,0.2846834659576416,0.05389594023834097,0.0003072319257805633,True,model_input_only,False,False,True,True
DL,crc,2A_numeric,TabNet,cv,results/20260424_multicancer_stad_protocol_rerun/step4_models/fs_a_stad_baseline/dl_step4_2_7model_full/crc/2A_numeric/TabNet/cv,dl_7model_full,skip_existing_only,0.23568593898178472,0.23953624069690704,0.16036478323487083,2.646049022489205,2.0536085764567056,0.05461287498474121,0.011458262801170349,0.016885466873645782,0.2471442073583603,0.23568594455718994,2.635809898376465,2.6460492610931396,0.050227516899753084,0.5444444444444444,292.6666666666667,217.66666666666666,1.0,1.0,-1.430511474609375e-06,0.026184209789849422,0.21230344421985425,True,model_input_only,False,False,True,True
DL,crc,2A_numeric,ResidualMLP,scaffoldcv,results/20260424_multicancer_stad_protocol_rerun/step4_models/fs_a_stad_baseline/dl_step4_2_7model_full/crc/2A_numeric/ResidualMLP/scaffoldcv,dl_7model_full,skip_existing_only,0.24927322119911466,0.25479475657145184,0.16998757102608378,2.6511455966522397,2.0460108518600464,0.04787381490071615,0.0077967396937310696,0.016610868275165558,0.25706997513771057,0.24927322566509247,2.634490728378296,2.6511456966400146,0.3703122031928409,0.6333333333333333,0.0,0.0,0.0,0.0,3.250439961751302e-05,0.0559185762663618,0.0029784188983603597,True,model_input_only,False,False,True,True
DL,crc,2A_numeric,ResidualMLP,holdout,results/20260424_multicancer_stad_protocol_rerun/step4_models/fs_a_stad_baseline/dl_step4_2_7model_full/crc/2A_numeric/ResidualMLP/holdout,dl_7model_full,skip_existing_only,0.2701848085413272,0.2693715989589691,0.18406611845114276,2.6117250744249256,2.026945114135742,0.06720167398452759,-0.01989087462425232,0.0,0.25029394030570984,0.27018481492996216,2.6414706707000732,2.611725091934204,0.15467707553043655,0.6,289.0,214.0,1.0,1.0,-0.0155029296875,0.017380618339557723,0.7283501452982629,True,model_input_only,False,False,True,True
DL,crc,2A_numeric,ResidualMLP,groupcv,results/20260424_multicancer_stad_protocol_rerun/step4_models/fs_a_stad_baseline/dl_step4_2_7model_full/crc/2A_numeric/ResidualMLP/groupcv,dl_7model_full,skip_existing_only,0.25483665271829586,0.25736282269159955,0.17356101902335444,2.6529380540689904,2.047163963317871,0.04605764150619507,0.00112243986222893,0.01145154144614935,0.25595909357070923,0.25483664870262146,2.6597042083740234,2.6529381275177,0.15399968147145818,0.6111111111111112,0.0,12.333333333333334,0.0,0.15517815517815517,2.7020772298177082e-05,0.06192166331152112,0.0014386910202053083,True,model_input_only,False,False,True,True
DL,crc,2A_numeric,ResidualMLP,unseen_drug,results/20260424_multicancer_stad_protocol_rerun/step4_models/fs_a_stad_baseline/dl_step4_2_7model_full/crc/2A_numeric/ResidualMLP/unseen_drug,dl_7model_full,skip_existing_only,0.2410492654727022,0.25384801626205444,0.16321602817427902,2.767712511072151,2.2241108417510986,0.05559587478637695,0.01767250895500183,0.0,0.2587217688560486,0.24104925990104675,2.6510000228881836,2.7677125930786133,0.24153250427484244,0.43333333333333335,0.0,10.0,0.0,0.20408163265306123,0.2846834659576416,0.05389594023834097,0.0003072319257805633,True,model_input_only,False,False,True,True
DL,crc,2A_numeric,ResidualMLP,cv,results/20260424_multicancer_stad_protocol_rerun/step4_models/fs_a_stad_baseline/dl_step4_2_7model_full/crc/2A_numeric/ResidualMLP/cv,dl_7model_full,skip_existing_only,0.23952895374821123,0.24452602863311768,0.16295083616725428,2.6533017732451545,2.0799268086751304,0.0493622620900472,0.017763903364539146,0.013768562115728855,0.25729286670684814,0.23952895402908325,2.64203143119812,2.653301954269409,0.053852149689586286,0.5888888888888889,292.6666666666667,217.66666666666666,1.0,1.0,-1.430511474609375e-06,0.026184209789849422,0.21230344421985425,True,model_input_only,False,False,True,True
DL,crc,2A_numeric,CrossAttention,scaffoldcv,results/20260424_multicancer_stad_protocol_rerun/step4_models/fs_a_stad_baseline/dl_step4_2_7model_full/crc/2A_numeric/CrossAttention/scaffoldcv,dl_7model_full,skip_existing_only,0.2501054121848982,0.2552266816298167,0.17076999202140394,2.6498310743119196,2.0771131912867227,0.04867762327194214,0.0077290586195886135,0.017120931297540665,0.25783446431159973,0.2501054108142853,2.6348187923431396,2.6498310565948486,0.16082533730060017,0.5888888888888889,0.0,0.0,0.0,0.0,3.250439961751302e-05,0.0559185762663618,0.0029784188983603597,True,model_input_only,False,False,True,True
DL,crc,2A_numeric,CrossAttention,holdout,results/20260424_multicancer_stad_protocol_rerun/step4_models/fs_a_stad_baseline/dl_step4_2_7model_full/crc/2A_numeric/CrossAttention/holdout,dl_7model_full,skip_existing_only,0.26761877244913035,0.26846402883529663,0.18251997681874904,2.656738685084857,1.9693204164505005,0.034770667552948,-0.01729181408882141,0.0,0.2503269612789154,0.2676187753677368,2.687553882598877,2.656738758087158,0.1364555460593664,0.4666666666666667,289.0,214.0,1.0,1.0,-0.0155029296875,0.017380618339557723,0.7283501452982629,True,model_input_only,False,False,True,True
DL,crc,2A_numeric,CrossAttention,groupcv,results/20260424_multicancer_stad_protocol_rerun/step4_models/fs_a_stad_baseline/dl_step4_2_7model_full/crc/2A_numeric/CrossAttention/groupcv,dl_7model_full,skip_existing_only,0.2554649225413186,0.25868359208106995,0.17423294088665953,2.6671867599049492,2.0854501724243164,0.03396489222844442,0.0014385432004928589,0.012599144130945206,0.2569034695625305,0.25546494126319885,2.6431779861450195,2.667186737060547,0.16741358730905587,0.6777777777777777,0.0,12.333333333333334,0.0,0.15517815517815517,2.7020772298177082e-05,0.06192166331152112,0.0014386910202053083,True,model_input_only,False,False,True,True
DL,crc,2A_numeric,CrossAttention,unseen_drug,results/20260424_multicancer_stad_protocol_rerun/step4_models/fs_a_stad_baseline/dl_step4_2_7model_full/crc/2A_numeric/CrossAttention/unseen_drug,dl_7model_full,skip_existing_only,0.2412421770570655,0.25607621669769287,0.16313903067699873,2.774349868499028,2.147486925125122,0.05106079578399658,0.018667012453079224,0.0,0.25990918278694153,0.2412421703338623,2.5951805114746094,2.7743499279022217,0.21778819793657103,0.43333333333333335,0.0,10.0,0.0,0.20408163265306123,0.2846834659576416,0.05389594023834097,0.0003072319257805633,True,model_input_only,False,False,True,True
DL,crc,2A_numeric,CrossAttention,cv,results/20260424_multicancer_stad_protocol_rerun/step4_models/fs_a_stad_baseline/dl_step4_2_7model_full/crc/2A_numeric/CrossAttention/cv,dl_7model_full,skip_existing_only,0.23761290829531392,0.24572072426478067,0.16163323434172508,2.6544152664204312,2.086869955062866,0.04856805006663004,0.018997669219970703,0.013562318868935108,0.25661057233810425,0.23761291801929474,2.644695281982422,2.6544153690338135,0.05110816493133,0.5333333333333333,292.6666666666667,217.66666666666666,1.0,1.0,-1.430511474609375e-06,0.026184209789849422,0.21230344421985425,True,model_input_only,False,False,True,True
DL,crc,2A_numeric,FlatMLP,scaffoldcv,results/20260424_multicancer_stad_protocol_rerun/step4_models/fs_a_stad_baseline/dl_step4_2_7model_full/crc/2A_numeric/FlatMLP/scaffoldcv,dl_7model_full,skip_existing_only,0.2482666354296542,0.2543090482552846,0.1692595221941555,2.650668559993242,2.0267118215560913,0.04823704560597738,0.007498199585825205,0.015833480283617973,0.25576484203338623,0.24826663732528687,2.6486337184906006,2.6506683826446533,0.18721411415612813,0.5333333333333333,0.0,0.0,0.0,0.0,3.250439961751302e-05,0.0559185762663618,0.0029784188983603597,True,model_input_only,False,False,True,True
DL,crc,2A_numeric,FlatMLP,holdout,results/20260424_multicancer_stad_protocol_rerun/step4_models/fs_a_stad_baseline/dl_step4_2_7model_full/crc/2A_numeric/FlatMLP/holdout,dl_7model_full,skip_existing_only,0.26518264296725536,0.26826202869415283,0.18068353042922997,2.6059186509815397,1.9999333620071411,0.07134467363357544,-0.014467120170593262,0.0,0.2507155239582062,0.26518264412879944,2.6356348991394043,2.6059186458587646,0.15381610524569556,0.5333333333333333,289.0,214.0,1.0,1.0,-0.0155029296875,0.017380618339557723,0.7283501452982629,True,model_input_only,False,False,True,True
DL,crc,2A_numeric,FlatMLP,groupcv,results/20260424_multicancer_stad_protocol_rerun/step4_models/fs_a_stad_baseline/dl_step4_2_7model_full/crc/2A_numeric/FlatMLP/groupcv,dl_7model_full,skip_existing_only,0.25545257566023954,0.25795509417851764,0.1739016311816859,2.6447504449369643,2.026290853818258,0.05118576685587565,0.0007228602771647274,0.01171620562672615,0.2561754286289215,0.25545257329940796,2.6499602794647217,2.6447503566741943,0.1774298762795488,0.6222222222222221,0.0,12.333333333333334,0.0,0.15517815517815517,2.7020772298177082e-05,0.06192166331152112,0.0014386910202053083,True,model_input_only,False,False,True,True
DL,crc,2A_numeric,FlatMLP,unseen_drug,results/20260424_multicancer_stad_protocol_rerun/step4_models/fs_a_stad_baseline/dl_step4_2_7model_full/crc/2A_numeric/FlatMLP/unseen_drug,dl_7model_full,skip_existing_only,0.2425685502304956,0.2560795843601227,0.16429515976494985,2.7664702249976125,2.1498889923095703,0.05644345283508301,0.016373783349990845,0.0,0.2589423358440399,0.24256855249404907,2.595545768737793,2.766470193862915,0.3336792293499313,0.6333333333333333,0.0,10.0,0.0,0.20408163265306123,0.2846834659576416,0.05389594023834097,0.0003072319257805633,True,model_input_only,False,False,True,True
DL,crc,2A_numeric,FlatMLP,cv,results/20260424_multicancer_stad_protocol_rerun/step4_models/fs_a_stad_baseline/dl_step4_2_7model_full/crc/2A_numeric/FlatMLP/cv,dl_7model_full,skip_existing_only,0.2404997410713587,0.2464454621076584,0.16351676752472952,2.654758018519914,2.0596927801767984,0.048374672730763756,0.01635962724685669,0.014186717569828033,0.2568593919277191,0.24049973487854004,2.638854742050171,2.6547582149505615,0.07087646702790514,0.5888888888888889,292.6666666666667,217.66666666666666,1.0,1.0,-1.430511474609375e-06,0.026184209789849422,0.21230344421985425,True,model_input_only,False,False,True,True
DL,crc,2C_numeric_smiles_context,WideDeep,scaffoldcv,results/20260424_multicancer_stad_protocol_rerun/step4_models/fs_a_stad_baseline/dl_step4_2_7model_full/crc/2C_numeric_smiles_context/WideDeep/scaffoldcv,dl_7model_full,skip_existing_only,0.39817616570498005,0.40529679258664447,0.27903388289139325,2.8367965175378873,2.1741072734196982,-0.1461478074391683,0.4111197888851166,0.10426667332649231,0.8092959523200989,0.3981761634349823,1.419824481010437,2.836796522140503,0.22445747527340365,0.7777777777777778,0.0,0.0,0.0,0.0,3.250439961751302e-05,0.0559185762663618,0.0029784188983603597,True,model_input_only,True,False,True,True
DL,crc,2C_numeric_smiles_context,WideDeep,holdout,results/20260424_multicancer_stad_protocol_rerun/step4_models/fs_a_stad_baseline/dl_step4_2_7model_full/crc/2C_numeric_smiles_context/WideDeep/holdout,dl_7model_full,skip_existing_only,0.7721820746726626,0.8442860245704651,0.5901137141043069,1.469175480026205,1.1112722158432007,0.7048245668411255,0.03555023670196533,0.0,0.8077322840690613,0.772182047367096,1.4201551675796509,1.4691754579544067,0.8420611176844638,0.9666666666666667,289.0,214.0,1.0,1.0,-0.0155029296875,0.017380618339557723,0.7283501452982629,True,model_input_only,True,False,True,True
DL,crc,2C_numeric_smiles_context,WideDeep,groupcv,results/20260424_multicancer_stad_protocol_rerun/step4_models/fs_a_stad_baseline/dl_step4_2_7model_full/crc/2C_numeric_smiles_context/WideDeep/groupcv,dl_7model_full,skip_existing_only,0.4635865270921767,0.5253001848856608,0.32580288321707723,2.3538512203674498,1.825195590655009,0.24802303314208984,0.3466426432132721,0.05492030456662178,0.8102292418479919,0.46358656883239746,1.3886007070541382,2.353851079940796,0.2987220615832569,0.7888888888888889,0.0,12.333333333333334,0.0,0.15517815517815517,2.7020772298177082e-05,0.06192166331152112,0.0014386910202053083,True,model_input_only,True,False,True,True
DL,crc,2C_numeric_smiles_context,WideDeep,unseen_drug,results/20260424_multicancer_stad_protocol_rerun/step4_models/fs_a_stad_baseline/dl_step4_2_7model_full/crc/2C_numeric_smiles_context/WideDeep/unseen_drug,dl_7model_full,skip_existing_only,0.30706252837752057,0.4598008692264557,0.21550313550889116,2.6772810470856863,1.98328697681427,0.1163020133972168,0.5047377347946167,0.0,0.8118003010749817,0.3070625364780426,1.4231799840927124,2.677281141281128,0.24344098489393334,0.26666666666666666,0.0,10.0,0.0,0.20408163265306123,0.2846834659576416,0.05389594023834097,0.0003072319257805633,True,model_input_only,True,False,True,True
DL,crc,2C_numeric_smiles_context,WideDeep,cv,results/20260424_multicancer_stad_protocol_rerun/step4_models/fs_a_stad_baseline/dl_step4_2_7model_full/crc/2C_numeric_smiles_context/WideDeep/cv,dl_7model_full,skip_existing_only,0.7844249197117055,0.8379439115524292,0.6012209016649783,1.5548409982372329,1.187455693880717,0.673019011815389,0.01712167263031006,0.010055549442768097,0.801546573638916,0.7844249606132507,1.494613528251648,1.5548410415649414,0.5788134960560325,0.9888888888888889,292.6666666666667,217.66666666666666,1.0,1.0,-1.430511474609375e-06,0.026184209789849422,0.21230344421985425,True,model_input_only,True,False,True,True
DL,crc,2C_numeric_smiles_context,TabTransformer,scaffoldcv,results/20260424_multicancer_stad_protocol_rerun/step4_models/fs_a_stad_baseline/dl_step4_2_7model_full/crc/2C_numeric_smiles_context/TabTransformer/scaffoldcv,dl_7model_full,skip_existing_only,0.3844419882190799,0.39257216453552246,0.2680542815702265,3.3450819574845485,2.638005018234253,-0.8395009835561117,0.4191798269748688,0.11914565414190292,0.8036218285560608,0.38444197177886963,1.4236286878585815,3.3450820446014404,0.3029818759811324,0.7444444444444445,0.0,0.0,0.0,0.0,3.250439961751302e-05,0.0559185762663618,0.0029784188983603597,True,model_input_only,True,False,True,True
DL,crc,2C_numeric_smiles_context,TabTransformer,holdout,results/20260424_multicancer_stad_protocol_rerun/step4_models/fs_a_stad_baseline/dl_step4_2_7model_full/crc/2C_numeric_smiles_context/TabTransformer/holdout,dl_7model_full,skip_existing_only,0.7697858032810408,0.8438335061073303,0.5912198985097432,1.643851604149859,1.299175500869751,0.6304628849029541,0.04206365346908569,0.0,0.8118494749069214,0.7697858214378357,1.5712909698486328,1.643851637840271,0.7724222007570314,1.0,289.0,214.0,1.0,1.0,-0.0155029296875,0.017380618339557723,0.7283501452982629,True,model_input_only,True,False,True,True
DL,crc,2C_numeric_smiles_context,TabTransformer,groupcv,results/20260424_multicancer_stad_protocol_rerun/step4_models/fs_a_stad_baseline/dl_step4_2_7model_full/crc/2C_numeric_smiles_context/TabTransformer/groupcv,dl_7model_full,skip_existing_only,0.48465486532879937,0.5431378980477651,0.34037887070187806,2.297340175763113,1.7920625607172649,0.2814147075017293,0.3242093026638031,0.07969990372657776,0.8088641166687012,0.48465490341186523,1.4051895141601562,2.297340154647827,0.3755871553710868,0.8444444444444444,0.0,12.333333333333334,0.0,0.15517815517815517,2.7020772298177082e-05,0.06192166331152112,0.0014386910202053083,True,model_input_only,True,False,True,True
DL,crc,2C_numeric_smiles_context,TabTransformer,unseen_drug,results/20260424_multicancer_stad_protocol_rerun/step4_models/fs_a_stad_baseline/dl_step4_2_7model_full/crc/2C_numeric_smiles_context/TabTransformer/unseen_drug,dl_7model_full,skip_existing_only,0.3253171089642554,0.49473705887794495,0.2241146390239693,2.5735632100811046,1.9740439653396606,0.18344473838806152,0.48430243134498596,0.0,0.8096195459365845,0.3253171145915985,1.3270753622055054,2.5735630989074707,0.5349371239791323,0.6,0.0,10.0,0.0,0.20408163265306123,0.2846834659576416,0.05389594023834097,0.0003072319257805633,True,model_input_only,True,False,True,True
DL,crc,2C_numeric_smiles_context,TabTransformer,cv,results/20260424_multicancer_stad_protocol_rerun/step4_models/fs_a_stad_baseline/dl_step4_2_7model_full/crc/2C_numeric_smiles_context/TabTransformer/cv,dl_7model_full,skip_existing_only,0.7829780539106097,0.8421144882837931,0.6027198938351113,1.4826981094076526,1.1097160180409749,0.7028412818908691,0.015210489742457867,0.010938855819404125,0.7981885075569153,0.7829780578613281,1.4354625940322876,1.4826980829238892,0.5356470606618388,0.9777777777777779,292.6666666666667,217.66666666666666,1.0,1.0,-1.430511474609375e-06,0.026184209789849422,0.21230344421985425,True,model_input_only,True,False,True,True
DL,crc,2C_numeric_smiles_context,FTTransformer,scaffoldcv,results/20260424_multicancer_stad_protocol_rerun/step4_models/fs_a_stad_baseline/dl_step4_2_7model_full/crc/2C_numeric_smiles_context/FTTransformer/scaffoldcv,dl_7model_full,skip_existing_only,0.381942589762132,0.3999714305003484,0.26602251677375394,3.1667700926079263,2.4815104007720947,-0.5611962080001831,0.4212505519390106,0.11074048280715942,0.8031930923461914,0.38194260001182556,1.4302940368652344,3.1667702198028564,0.24623521571640125,0.6777777777777777,0.0,0.0,0.0,0.0,3.250439961751302e-05,0.0559185762663618,0.0029784188983603597,True,model_input_only,True,False,True,True
DL,crc,2C_numeric_smiles_context,FTTransformer,holdout,results/20260424_multicancer_stad_protocol_rerun/step4_models/fs_a_stad_baseline/dl_step4_2_7model_full/crc/2C_numeric_smiles_context/FTTransformer/holdout,dl_7model_full,skip_existing_only,0.7691518021233357,0.8429670333862305,0.5908238440354195,1.4618445859618112,1.0808348655700684,0.7077629566192627,0.04251575469970703,0.0,0.8116675615310669,0.7691518068313599,1.395774006843567,1.461844563484192,0.9632204889543627,0.9666666666666667,289.0,214.0,1.0,1.0,-0.0155029296875,0.017380618339557723,0.7283501452982629,True,model_input_only,True,False,True,True
DL,crc,2C_numeric_smiles_context,FTTransformer,groupcv,results/20260424_multicancer_stad_protocol_rerun/step4_models/fs_a_stad_baseline/dl_step4_2_7model_full/crc/2C_numeric_smiles_context/FTTransformer/groupcv,dl_7model_full,skip_existing_only,0.47246739709276175,0.5305959681669871,0.33200289326164606,2.3428152188365785,1.7888588110605876,0.2519587278366089,0.33476540446281433,0.07963244616985321,0.8072327971458435,0.47246742248535156,1.4746273756027222,2.3428151607513428,0.4206997509748393,0.8444444444444444,0.0,12.333333333333334,0.0,0.15517815517815517,2.7020772298177082e-05,0.06192166331152112,0.0014386910202053083,True,model_input_only,True,False,True,True
DL,crc,2C_numeric_smiles_context,FTTransformer,unseen_drug,results/20260424_multicancer_stad_protocol_rerun/step4_models/fs_a_stad_baseline/dl_step4_2_7model_full/crc/2C_numeric_smiles_context/FTTransformer/unseen_drug,dl_7model_full,skip_existing_only,0.3449110269030918,0.4974912703037262,0.23900649552534933,2.64962975776635,1.9838372468948364,0.13446170091629028,0.4479075074195862,0.0,0.792818546295166,0.34491103887557983,1.495487093925476,2.649629831314087,0.5869260618737349,0.6,0.0,10.0,0.0,0.20408163265306123,0.2846834659576416,0.05389594023834097,0.0003072319257805633,True,model_input_only,True,False,True,True
DL,crc,2C_numeric_smiles_context,FTTransformer,cv,results/20260424_multicancer_stad_protocol_rerun/step4_models/fs_a_stad_baseline/dl_step4_2_7model_full/crc/2C_numeric_smiles_context/FTTransformer/cv,dl_7model_full,skip_existing_only,0.7940510285891956,0.8487791220347086,0.6120622377413354,1.4551633237285548,1.0824743111928303,0.713875929514567,0.013453762046992779,0.011219140142202377,0.8075047135353088,0.7940509915351868,1.424027442932129,1.4551633596420288,0.5992929158583297,0.9888888888888889,292.6666666666667,217.66666666666666,1.0,1.0,-1.430511474609375e-06,0.026184209789849422,0.21230344421985425,True,model_input_only,True,False,True,True
DL,crc,2C_numeric_smiles_context,TabNet,scaffoldcv,results/20260424_multicancer_stad_protocol_rerun/step4_models/fs_a_stad_baseline/dl_step4_2_7model_full/crc/2C_numeric_smiles_context/TabNet/scaffoldcv,dl_7model_full,skip_existing_only,0.35014549904152587,0.36664887766043347,0.2426293767718605,3.585399569134445,2.90373166402181,-1.1476704478263855,0.4777062237262726,0.07731334120035172,0.8278517723083496,0.35014548897743225,1.4228044748306274,3.585399627685547,0.2454911170846711,0.7555555555555555,0.0,0.0,0.0,0.0,3.250439961751302e-05,0.0559185762663618,0.0029784188983603597,True,model_input_only,True,False,True,True
DL,crc,2C_numeric_smiles_context,TabNet,holdout,results/20260424_multicancer_stad_protocol_rerun/step4_models/fs_a_stad_baseline/dl_step4_2_7model_full/crc/2C_numeric_smiles_context/TabNet/holdout,dl_7model_full,skip_existing_only,0.6908263306680565,0.7935477495193481,0.5221882424326671,1.740172105696226,1.396354079246521,0.5858885645866394,0.049626708030700684,0.0,0.7404530644416809,0.6908263564109802,1.6688003540039062,1.7401721477508545,0.9416177458824323,0.9666666666666667,289.0,214.0,1.0,1.0,-0.0155029296875,0.017380618339557723,0.7283501452982629,True,model_input_only,True,False,True,True
DL,crc,2C_numeric_smiles_context,TabNet,groupcv,results/20260424_multicancer_stad_protocol_rerun/step4_models/fs_a_stad_baseline/dl_step4_2_7model_full/crc/2C_numeric_smiles_context/TabNet/groupcv,dl_7model_full,skip_existing_only,0.39563624244195433,0.4923838476339976,0.2761030146426431,2.3866221274990918,1.868278940518697,0.2255407969156901,0.4397512376308441,0.03885906934738159,0.8353874683380127,0.3956362307071686,1.3040999174118042,2.386622190475464,0.22782227965987176,0.7333333333333334,0.0,12.333333333333334,0.0,0.15517815517815517,2.7020772298177082e-05,0.06192166331152112,0.0014386910202053083,True,model_input_only,True,False,True,True
DL,crc,2C_numeric_smiles_context,TabNet,unseen_drug,results/20260424_multicancer_stad_protocol_rerun/step4_models/fs_a_stad_baseline/dl_step4_2_7model_full/crc/2C_numeric_smiles_context/TabNet/unseen_drug,dl_7model_full,skip_existing_only,0.28824209813736784,0.45938387513160706,0.2012862378120751,2.7002290416632078,2.0918760299682617,0.10108804702758789,0.5445712208747864,0.0,0.8328133225440979,0.2882421016693115,1.255934238433838,2.7002289295196533,0.4455942081800308,0.4666666666666667,0.0,10.0,0.0,0.20408163265306123,0.2846834659576416,0.05389594023834097,0.0003072319257805633,True,model_input_only,True,False,True,True
DL,crc,2C_numeric_smiles_context,TabNet,cv,results/20260424_multicancer_stad_protocol_rerun/step4_models/fs_a_stad_baseline/dl_step4_2_7model_full/crc/2C_numeric_smiles_context/TabNet/cv,dl_7model_full,skip_existing_only,0.7787992347046938,0.8471056421597799,0.5964066802525152,1.4631168865168125,1.1040603319803874,0.710902730623881,0.053334791213274,0.009182657115161419,0.8321340084075928,0.7787992358207703,1.2947717905044556,1.4631167650222778,0.8062788059430911,0.9888888888888889,292.6666666666667,217.66666666666666,1.0,1.0,-1.430511474609375e-06,0.026184209789849422,0.21230344421985425,True,model_input_only,True,False,True,True
DL,crc,2C_numeric_smiles_context,ResidualMLP,scaffoldcv,results/20260424_multicancer_stad_protocol_rerun/step4_models/fs_a_stad_baseline/dl_step4_2_7model_full/crc/2C_numeric_smiles_context/ResidualMLP/scaffoldcv,dl_7model_full,skip_existing_only,0.39111168242902883,0.41351446509361267,0.2734851709968414,2.8583779979312927,2.223065416018168,-0.19785791635513306,0.41925254464149475,0.09997270256280899,0.8103642463684082,0.39111170172691345,1.4055835008621216,2.8583781719207764,0.20357096631163704,0.7333333333333334,0.0,0.0,0.0,0.0,3.250439961751302e-05,0.0559185762663618,0.0029784188983603597,True,model_input_only,True,False,True,True
DL,crc,2C_numeric_smiles_context,ResidualMLP,holdout,results/20260424_multicancer_stad_protocol_rerun/step4_models/fs_a_stad_baseline/dl_step4_2_7model_full/crc/2C_numeric_smiles_context/ResidualMLP/holdout,dl_7model_full,skip_existing_only,0.7796605741287027,0.8541112542152405,0.6003525739956261,1.4361968560674583,1.0839649438858032,0.7179274559020996,0.043151021003723145,0.0,0.8228116035461426,0.7796605825424194,1.355034351348877,1.4361968040466309,0.9752703103432042,0.9666666666666667,289.0,214.0,1.0,1.0,-0.0155029296875,0.017380618339557723,0.7283501452982629,True,model_input_only,True,False,True,True
DL,crc,2C_numeric_smiles_context,ResidualMLP,groupcv,results/20260424_multicancer_stad_protocol_rerun/step4_models/fs_a_stad_baseline/dl_step4_2_7model_full/crc/2C_numeric_smiles_context/ResidualMLP/groupcv,dl_7model_full,skip_existing_only,0.49111800173862424,0.5461774667104086,0.34612109030561133,2.343434301214351,1.8126489321390789,0.2518950899442037,0.3213099539279938,0.0577031634747982,0.8124279975891113,0.4911179542541504,1.4328747987747192,2.3434343338012695,0.32495473091316546,0.7999999999999999,0.0,12.333333333333334,0.0,0.15517815517815517,2.7020772298177082e-05,0.06192166331152112,0.0014386910202053083,True,model_input_only,True,False,True,True
DL,crc,2C_numeric_smiles_context,ResidualMLP,unseen_drug,results/20260424_multicancer_stad_protocol_rerun/step4_models/fs_a_stad_baseline/dl_step4_2_7model_full/crc/2C_numeric_smiles_context/ResidualMLP/unseen_drug,dl_7model_full,skip_existing_only,0.31253168503550105,0.48844802379608154,0.21719515552581162,2.5514019010965696,1.9513928890228271,0.1974470615386963,0.5017604827880859,0.0,0.8142921924591064,0.3125316798686981,1.29280686378479,2.5514018535614014,0.5456485532656092,0.5666666666666667,0.0,10.0,0.0,0.20408163265306123,0.2846834659576416,0.05389594023834097,0.0003072319257805633,True,model_input_only,True,False,True,True
DL,crc,2C_numeric_smiles_context,ResidualMLP,cv,results/20260424_multicancer_stad_protocol_rerun/step4_models/fs_a_stad_baseline/dl_step4_2_7model_full/crc/2C_numeric_smiles_context/ResidualMLP/cv,dl_7model_full,skip_existing_only,0.7802685457328183,0.8510696689287821,0.60166395506827,1.5059212305925616,1.1534297068913777,0.6931750774383545,0.01935996674001217,0.008833013474941254,0.799628496170044,0.7802684903144836,1.4383524656295776,1.5059212446212769,0.8239354763726564,1.0,292.6666666666667,217.66666666666666,1.0,1.0,-1.430511474609375e-06,0.026184209789849422,0.21230344421985425,True,model_input_only,True,False,True,True
DL,crc,2C_numeric_smiles_context,CrossAttention,scaffoldcv,results/20260424_multicancer_stad_protocol_rerun/step4_models/fs_a_stad_baseline/dl_step4_2_7model_full/crc/2C_numeric_smiles_context/CrossAttention/scaffoldcv,dl_7model_full,skip_existing_only,0.37034303523757517,0.37704052527745563,0.2588840071236263,3.0859742234088388,2.4242974519729614,-0.4261520306269328,0.4390900135040283,0.07999635487794876,0.8094330430030823,0.37034305930137634,1.4227104187011719,3.0859739780426025,0.17388830276605993,0.6666666666666666,0.0,0.0,0.0,0.0,3.250439961751302e-05,0.0559185762663618,0.0029784188983603597,True,model_input_only,True,False,True,True
DL,crc,2C_numeric_smiles_context,CrossAttention,holdout,results/20260424_multicancer_stad_protocol_rerun/step4_models/fs_a_stad_baseline/dl_step4_2_7model_full/crc/2C_numeric_smiles_context/CrossAttention/holdout,dl_7model_full,skip_existing_only,0.7745477859510501,0.8513762950897217,0.5942094709933476,1.4515782810170488,1.0980933904647827,0.7118532657623291,0.03421962261199951,0.0,0.8087674379348755,0.774547815322876,1.4019737243652344,1.4515782594680786,0.9424156789519357,0.9666666666666667,289.0,214.0,1.0,1.0,-0.0155029296875,0.017380618339557723,0.7283501452982629,True,model_input_only,True,False,True,True
DL,crc,2C_numeric_smiles_context,CrossAttention,groupcv,results/20260424_multicancer_stad_protocol_rerun/step4_models/fs_a_stad_baseline/dl_step4_2_7model_full/crc/2C_numeric_smiles_context/CrossAttention/groupcv,dl_7model_full,skip_existing_only,0.4618975828593352,0.5189084510008494,0.3238301134448598,2.3721066601108998,1.8218350013097127,0.23218868176142374,0.34761500358581543,0.06554043292999268,0.8095126152038574,0.461897611618042,1.4172252416610718,2.3721067905426025,0.3070718692684568,0.7444444444444445,0.0,12.333333333333334,0.0,0.15517815517815517,2.7020772298177082e-05,0.06192166331152112,0.0014386910202053083,True,model_input_only,True,False,True,True
DL,crc,2C_numeric_smiles_context,CrossAttention,unseen_drug,results/20260424_multicancer_stad_protocol_rerun/step4_models/fs_a_stad_baseline/dl_step4_2_7model_full/crc/2C_numeric_smiles_context/CrossAttention/unseen_drug,dl_7model_full,skip_existing_only,0.2901436983070399,0.453128457069397,0.20188607277708995,2.70816522712332,2.0295653343200684,0.09579634666442871,0.519580602645874,0.0,0.8097242712974548,0.2901436984539032,1.4439566135406494,2.708165168762207,0.29804097911375926,0.36666666666666664,0.0,10.0,0.0,0.20408163265306123,0.2846834659576416,0.05389594023834097,0.0003072319257805633,True,model_input_only,True,False,True,True
DL,crc,2C_numeric_smiles_context,CrossAttention,cv,results/20260424_multicancer_stad_protocol_rerun/step4_models/fs_a_stad_baseline/dl_step4_2_7model_full/crc/2C_numeric_smiles_context/CrossAttention/cv,dl_7model_full,skip_existing_only,0.7731287306147028,0.8395727078119913,0.5946695183476293,1.5009230599924537,1.1227718194325764,0.6951817870140076,0.021367093548178673,0.02954748086631298,0.7944958209991455,0.7731287479400635,1.4392679929733276,1.5009230375289917,0.7318875090283369,0.9888888888888889,292.6666666666667,217.66666666666666,1.0,1.0,-1.430511474609375e-06,0.026184209789849422,0.21230344421985425,True,model_input_only,True,False,True,True
DL,crc,2C_numeric_smiles_context,FlatMLP,scaffoldcv,results/20260424_multicancer_stad_protocol_rerun/step4_models/fs_a_stad_baseline/dl_step4_2_7model_full/crc/2C_numeric_smiles_context/FlatMLP/scaffoldcv,dl_7model_full,skip_existing_only,0.36657132035345413,0.3922228117783864,0.2558008136542411,2.7880554006480764,2.146157423655192,-0.09996871153513591,0.44391775131225586,0.0797705128788948,0.8104891180992126,0.3665713369846344,1.3775396347045898,2.788055419921875,0.20677303014370016,0.7333333333333334,0.0,0.0,0.0,0.0,3.250439961751302e-05,0.0559185762663618,0.0029784188983603597,True,model_input_only,True,False,True,True
DL,crc,2C_numeric_smiles_context,FlatMLP,holdout,results/20260424_multicancer_stad_protocol_rerun/step4_models/fs_a_stad_baseline/dl_step4_2_7model_full/crc/2C_numeric_smiles_context/FlatMLP/holdout,dl_7model_full,skip_existing_only,0.7760556412464314,0.8493850231170654,0.5946481119702868,1.440055896945714,1.0761313438415527,0.7164095640182495,0.042216718196868896,0.0,0.8182723522186279,0.776055634021759,1.357171893119812,1.4400558471679688,0.8925830692485403,0.9666666666666667,289.0,214.0,1.0,1.0,-0.0155029296875,0.017380618339557723,0.7283501452982629,True,model_input_only,True,False,True,True
DL,crc,2C_numeric_smiles_context,FlatMLP,groupcv,results/20260424_multicancer_stad_protocol_rerun/step4_models/fs_a_stad_baseline/dl_step4_2_7model_full/crc/2C_numeric_smiles_context/FlatMLP/groupcv,dl_7model_full,skip_existing_only,0.45383403110199483,0.5172366698582967,0.319137510852957,2.3500957749427407,1.8023915688196819,0.2487928867340088,0.3610282838344574,0.06443827599287033,0.8148623108863831,0.45383405685424805,1.3451414108276367,2.350095748901367,0.29075244055410926,0.7222222222222222,0.0,12.333333333333334,0.0,0.15517815517815517,2.7020772298177082e-05,0.06192166331152112,0.0014386910202053083,True,model_input_only,True,False,True,True
DL,crc,2C_numeric_smiles_context,FlatMLP,unseen_drug,results/20260424_multicancer_stad_protocol_rerun/step4_models/fs_a_stad_baseline/dl_step4_2_7model_full/crc/2C_numeric_smiles_context/FlatMLP/unseen_drug,dl_7model_full,skip_existing_only,0.28518672002452683,0.4610734283924103,0.19908915444310935,2.5905548086194163,1.9760314226150513,0.17262673377990723,0.5273093581199646,0.0,0.8124960660934448,0.2851867079734802,1.3189551830291748,2.590554714202881,0.3048646388443236,0.36666666666666664,0.0,10.0,0.0,0.20408163265306123,0.2846834659576416,0.05389594023834097,0.0003072319257805633,True,model_input_only,True,False,True,True
DL,crc,2C_numeric_smiles_context,FlatMLP,cv,results/20260424_multicancer_stad_protocol_rerun/step4_models/fs_a_stad_baseline/dl_step4_2_7model_full/crc/2C_numeric_smiles_context/FlatMLP/cv,dl_7model_full,skip_existing_only,0.7882944495812566,0.8512482444445292,0.6078468446712981,1.461101884563594,1.1055809259414673,0.7113999128341675,0.0215133223682642,0.011080821976065636,0.8098077774047852,0.7882944941520691,1.4023685455322266,1.4611018896102905,0.6947881953359318,0.9888888888888889,292.6666666666667,217.66666666666666,1.0,1.0,-1.430511474609375e-06,0.026184209789849422,0.21230344421985425,True,model_input_only,True,False,True,True
DL,crc,2B_numeric_smiles,WideDeep,scaffoldcv,results/20260424_multicancer_stad_protocol_rerun/step4_models/fs_a_stad_baseline/dl_step4_2_7model_full/crc/2B_numeric_smiles/WideDeep/scaffoldcv,dl_7model_full,skip_existing_only,0.3416384869107088,0.37152591347694397,0.23797327865332543,2.9565960192296235,2.293765107790629,-0.2551437218983968,0.45961642265319824,0.07982441782951355,0.80125492811203,0.3416384756565094,1.3972268104553223,2.9565961360931396,0.1860263867438998,0.7111111111111111,0.0,0.0,0.0,0.0,3.250439961751302e-05,0.0559185762663618,0.0029784188983603597,True,model_input_only,True,False,True,True
DL,crc,2B_numeric_smiles,WideDeep,holdout,results/20260424_multicancer_stad_protocol_rerun/step4_models/fs_a_stad_baseline/dl_step4_2_7model_full/crc/2B_numeric_smiles/WideDeep/holdout,dl_7model_full,skip_existing_only,0.7675871878499746,0.8371232151985168,0.5874607771794649,1.5280340249532387,1.1555418968200684,0.6807000637054443,0.042047739028930664,0.0,0.8096349239349365,0.7675871849060059,1.445603847503662,1.528033971786499,0.888405432098269,0.9666666666666667,289.0,214.0,1.0,1.0,-0.0155029296875,0.017380618339557723,0.7283501452982629,True,model_input_only,True,False,True,True
DL,crc,2B_numeric_smiles,WideDeep,groupcv,results/20260424_multicancer_stad_protocol_rerun/step4_models/fs_a_stad_baseline/dl_step4_2_7model_full/crc/2B_numeric_smiles/WideDeep/groupcv,dl_7model_full,skip_existing_only,0.43350139674105787,0.49836092193921405,0.3038946561732813,2.4201512220930215,1.8684433301289876,0.20321442683537802,0.3712422847747803,0.054132599383592606,0.8047437071800232,0.43350139260292053,1.4463361501693726,2.4201512336730957,0.23497309682868628,0.6777777777777777,0.0,12.333333333333334,0.0,0.15517815517815517,2.7020772298177082e-05,0.06192166331152112,0.0014386910202053083,True,model_input_only,True,False,True,True
DL,crc,2B_numeric_smiles,WideDeep,unseen_drug,results/20260424_multicancer_stad_protocol_rerun/step4_models/fs_a_stad_baseline/dl_step4_2_7model_full/crc/2B_numeric_smiles/WideDeep/unseen_drug,dl_7model_full,skip_existing_only,0.27605868940226436,0.4675717055797577,0.18933517991307694,2.694977847346202,2.110187530517578,0.10458093881607056,0.528934121131897,0.0,0.8049928545951843,0.27605870366096497,1.3327032327651978,2.6949777603149414,0.29262264681061334,0.4,0.0,10.0,0.0,0.20408163265306123,0.2846834659576416,0.05389594023834097,0.0003072319257805633,True,model_input_only,True,False,True,True
DL,crc,2B_numeric_smiles,WideDeep,cv,results/20260424_multicancer_stad_protocol_rerun/step4_models/fs_a_stad_baseline/dl_step4_2_7model_full/crc/2B_numeric_smiles/WideDeep/cv,dl_7model_full,skip_existing_only,0.7881120866886914,0.848411500453949,0.6067148926590308,1.4728115640351087,1.1170197327931721,0.7067453265190125,0.018818816170096397,0.012082831002771854,0.8069309592247009,0.7881121039390564,1.4053391218185425,1.4728115797042847,0.68322152502853,0.9888888888888889,292.6666666666667,217.66666666666666,1.0,1.0,-1.430511474609375e-06,0.026184209789849422,0.21230344421985425,True,model_input_only,True,False,True,True
DL,crc,2B_numeric_smiles,TabTransformer,scaffoldcv,results/20260424_multicancer_stad_protocol_rerun/step4_models/fs_a_stad_baseline/dl_step4_2_7model_full/crc/2B_numeric_smiles/TabTransformer/scaffoldcv,dl_7model_full,skip_existing_only,0.36304879560148634,0.38313496112823486,0.25296480065506005,3.2205411514435425,2.5301562547683716,-0.6185395916302999,0.4391450881958008,0.10679290443658829,0.8021938800811768,0.363048791885376,1.4393118619918823,3.22054123878479,0.2819268709671319,0.7444444444444445,0.0,0.0,0.0,0.0,3.250439961751302e-05,0.0559185762663618,0.0029784188983603597,True,model_input_only,True,False,True,True
DL,crc,2B_numeric_smiles,TabTransformer,holdout,results/20260424_multicancer_stad_protocol_rerun/step4_models/fs_a_stad_baseline/dl_step4_2_7model_full/crc/2B_numeric_smiles/TabTransformer/holdout,dl_7model_full,skip_existing_only,0.7708621581498795,0.8417559266090393,0.5896546468074831,1.5466987432381896,1.1672337055206299,0.6728519797325134,0.040641725063323975,0.0,0.8115038871765137,0.7708621621131897,1.4963017702102661,1.5466986894607544,0.7878924491986679,1.0,289.0,214.0,1.0,1.0,-0.0155029296875,0.017380618339557723,0.7283501452982629,True,model_input_only,True,False,True,True
DL,crc,2B_numeric_smiles,TabTransformer,groupcv,results/20260424_multicancer_stad_protocol_rerun/step4_models/fs_a_stad_baseline/dl_step4_2_7model_full/crc/2B_numeric_smiles/TabTransformer/groupcv,dl_7model_full,skip_existing_only,0.4501184434208769,0.5101778109868368,0.31672358072562123,2.3544545485687163,1.8294240633646648,0.242155651251475,0.34769967198371887,0.09687789529561996,0.797818124294281,0.45011845231056213,1.4578520059585571,2.354454755783081,0.4092978194454581,0.8000000000000002,0.0,12.333333333333334,0.0,0.15517815517815517,2.7020772298177082e-05,0.06192166331152112,0.0014386910202053083,True,model_input_only,True,False,True,True
DL,crc,2B_numeric_smiles,TabTransformer,unseen_drug,results/20260424_multicancer_stad_protocol_rerun/step4_models/fs_a_stad_baseline/dl_step4_2_7model_full/crc/2B_numeric_smiles/TabTransformer/unseen_drug,dl_7model_full,skip_existing_only,0.30387278198138873,0.48923516273498535,0.2088357594014847,2.6383151272763894,1.9875001907348633,0.14183807373046875,0.5020352602005005,0.0,0.8059080243110657,0.3038727939128876,1.3968170881271362,2.638315200805664,0.5676188398111658,0.5333333333333333,0.0,10.0,0.0,0.20408163265306123,0.2846834659576416,0.05389594023834097,0.0003072319257805633,True,model_input_only,True,False,True,True
DL,crc,2B_numeric_smiles,TabTransformer,cv,results/20260424_multicancer_stad_protocol_rerun/step4_models/fs_a_stad_baseline/dl_step4_2_7model_full/crc/2B_numeric_smiles/TabTransformer/cv,dl_7model_full,skip_existing_only,0.790510202550262,0.8454995354016622,0.6090972553254453,1.4872613471724236,1.1039644479751587,0.7012105782826742,0.017175832763314247,0.009065617807209492,0.8076860308647156,0.7905101776123047,1.4450021982192993,1.4872612953186035,0.6792647741371645,0.9777777777777779,292.6666666666667,217.66666666666666,1.0,1.0,-1.430511474609375e-06,0.026184209789849422,0.21230344421985425,True,model_input_only,True,False,True,True
DL,crc,2B_numeric_smiles,FTTransformer,scaffoldcv,results/20260424_multicancer_stad_protocol_rerun/step4_models/fs_a_stad_baseline/dl_step4_2_7model_full/crc/2B_numeric_smiles/FTTransformer/scaffoldcv,dl_7model_full,skip_existing_only,0.36409693171752205,0.3707018494606018,0.2535370475242987,3.158465243862576,2.5065938234329224,-0.5396492679913839,0.43711891770362854,0.09300265461206436,0.8012158274650574,0.36409690976142883,1.423261284828186,3.1584651470184326,0.1727161132999883,0.6222222222222222,0.0,0.0,0.0,0.0,3.250439961751302e-05,0.0559185762663618,0.0029784188983603597,True,model_input_only,True,False,True,True
DL,crc,2B_numeric_smiles,FTTransformer,holdout,results/20260424_multicancer_stad_protocol_rerun/step4_models/fs_a_stad_baseline/dl_step4_2_7model_full/crc/2B_numeric_smiles/FTTransformer/holdout,dl_7model_full,skip_existing_only,0.766339507415078,0.8417341709136963,0.5846268514123985,1.4957496506315828,1.124431848526001,0.6940498352050781,0.038293659687042236,0.0,0.8046331405639648,0.7663394808769226,1.4247764348983765,1.495749592781067,0.783735384880272,1.0,289.0,214.0,1.0,1.0,-0.0155029296875,0.017380618339557723,0.7283501452982629,True,model_input_only,True,False,True,True
DL,crc,2B_numeric_smiles,FTTransformer,groupcv,results/20260424_multicancer_stad_protocol_rerun/step4_models/fs_a_stad_baseline/dl_step4_2_7model_full/crc/2B_numeric_smiles/FTTransformer/groupcv,dl_7model_full,skip_existing_only,0.44828175301855433,0.5123801827430725,0.3141921347855415,2.382739332796737,1.8071262836456299,0.22699536879857382,0.34765782952308655,0.06819334626197815,0.7959396243095398,0.44828176498413086,1.4492250680923462,2.382739305496216,0.37686766520595444,0.7555555555555555,0.0,12.333333333333334,0.0,0.15517815517815517,2.7020772298177082e-05,0.06192166331152112,0.0014386910202053083,True,model_input_only,True,False,True,True
DL,crc,2B_numeric_smiles,FTTransformer,unseen_drug,results/20260424_multicancer_stad_protocol_rerun/step4_models/fs_a_stad_baseline/dl_step4_2_7model_full/crc/2B_numeric_smiles/FTTransformer/unseen_drug,dl_7model_full,skip_existing_only,0.31661739498653435,0.48360276222229004,0.21719860129877233,2.6077603581211566,2.0265238285064697,0.1615999937057495,0.4890111982822418,0.0,0.8056285977363586,0.3166173994541168,1.3413465023040771,2.607760429382324,0.5293458975089478,0.5,0.0,10.0,0.0,0.20408163265306123,0.2846834659576416,0.05389594023834097,0.0003072319257805633,True,model_input_only,True,False,True,True
DL,crc,2B_numeric_smiles,FTTransformer,cv,results/20260424_multicancer_stad_protocol_rerun/step4_models/fs_a_stad_baseline/dl_step4_2_7model_full/crc/2B_numeric_smiles/FTTransformer/cv,dl_7model_full,skip_existing_only,0.7883200381253975,0.8438311815261841,0.6064266850518311,1.516515094353472,1.151307225227356,0.6894464095433553,0.014722486026585102,0.01108635775744915,0.8030425906181335,0.7883200645446777,1.4845471382141113,1.5165151357650757,0.5974397932970169,0.9777777777777779,292.6666666666667,217.66666666666666,1.0,1.0,-1.430511474609375e-06,0.026184209789849422,0.21230344421985425,True,model_input_only,True,False,True,True
DL,crc,2B_numeric_smiles,TabNet,scaffoldcv,results/20260424_multicancer_stad_protocol_rerun/step4_models/fs_a_stad_baseline/dl_step4_2_7model_full/crc/2B_numeric_smiles/TabNet/scaffoldcv,dl_7model_full,skip_existing_only,0.34784079464639467,0.37169597049554187,0.24312994411713917,3.852611491358875,3.0996926625569663,-1.602862278620402,0.47882571816444397,0.08425795286893845,0.826666533946991,0.3478407859802246,1.3402409553527832,3.852611541748047,0.23216783833551327,0.7333333333333334,0.0,0.0,0.0,0.0,3.250439961751302e-05,0.0559185762663618,0.0029784188983603597,True,model_input_only,True,False,True,True
DL,crc,2B_numeric_smiles,TabNet,holdout,results/20260424_multicancer_stad_protocol_rerun/step4_models/fs_a_stad_baseline/dl_step4_2_7model_full/crc/2B_numeric_smiles/TabNet/holdout,dl_7model_full,skip_existing_only,0.7723586451317798,0.8494223356246948,0.5905758590541996,1.4710461949680922,1.1204174757003784,0.7040724158287048,0.06791925430297852,0.0,0.840277910232544,0.7723586559295654,1.297724723815918,1.4710462093353271,0.97777883194958,0.9666666666666667,289.0,214.0,1.0,1.0,-0.0155029296875,0.017380618339557723,0.7283501452982629,True,model_input_only,True,False,True,True
DL,crc,2B_numeric_smiles,TabNet,groupcv,results/20260424_multicancer_stad_protocol_rerun/step4_models/fs_a_stad_baseline/dl_step4_2_7model_full/crc/2B_numeric_smiles/TabNet/groupcv,dl_7model_full,skip_existing_only,0.38540052776512207,0.4888420104980469,0.2684896464279382,2.6107413151510097,2.0984420776367188,0.07103743155797322,0.43159499764442444,0.05741634592413902,0.8169954419136047,0.38540053367614746,1.5254241228103638,2.610741376876831,0.26757329311576955,0.6333333333333333,0.0,12.333333333333334,0.0,0.15517815517815517,2.7020772298177082e-05,0.06192166331152112,0.0014386910202053083,True,model_input_only,True,False,True,True
DL,crc,2B_numeric_smiles,TabNet,unseen_drug,results/20260424_multicancer_stad_protocol_rerun/step4_models/fs_a_stad_baseline/dl_step4_2_7model_full/crc/2B_numeric_smiles/TabNet/unseen_drug,dl_7model_full,skip_existing_only,0.3192592501391356,0.48641273379325867,0.2219182363913657,2.7749722384877007,2.1771717071533203,0.05063503980636597,0.5166935920715332,0.0,0.8359528183937073,0.31925925612449646,1.2850062847137451,2.7749722003936768,0.6239124214250737,0.6666666666666666,0.0,10.0,0.0,0.20408163265306123,0.2846834659576416,0.05389594023834097,0.0003072319257805633,True,model_input_only,True,False,True,True
DL,crc,2B_numeric_smiles,TabNet,cv,results/20260424_multicancer_stad_protocol_rerun/step4_models/fs_a_stad_baseline/dl_step4_2_7model_full/crc/2B_numeric_smiles/TabNet/cv,dl_7model_full,skip_existing_only,0.7555813120948778,0.8377097845077515,0.580046410869327,1.5113515782787506,1.1435364882151287,0.691343625386556,0.0571114607155323,0.009777960367500782,0.8126928210258484,0.7555813193321228,1.3449980020523071,1.5113515853881836,0.8995231118710487,1.0,292.6666666666667,217.66666666666666,1.0,1.0,-1.430511474609375e-06,0.026184209789849422,0.21230344421985425,True,model_input_only,True,False,True,True
DL,crc,2B_numeric_smiles,ResidualMLP,scaffoldcv,results/20260424_multicancer_stad_protocol_rerun/step4_models/fs_a_stad_baseline/dl_step4_2_7model_full/crc/2B_numeric_smiles/ResidualMLP/scaffoldcv,dl_7model_full,skip_existing_only,0.36208484938246194,0.3900384803613027,0.25239735186294165,2.828586520348992,2.1690938075383506,-0.13670221964518228,0.4427642822265625,0.08170048147439957,0.8048491477966309,0.36208486557006836,1.384238839149475,2.8285865783691406,0.2193390178645893,0.7222222222222222,0.0,0.0,0.0,0.0,3.250439961751302e-05,0.0559185762663618,0.0029784188983603597,True,model_input_only,True,False,True,True
DL,crc,2B_numeric_smiles,ResidualMLP,holdout,results/20260424_multicancer_stad_protocol_rerun/step4_models/fs_a_stad_baseline/dl_step4_2_7model_full/crc/2B_numeric_smiles/ResidualMLP/holdout,dl_7model_full,skip_existing_only,0.7693654752851787,0.8491249680519104,0.5926334105694091,1.4668147546971184,1.0765372514724731,0.7057723999023438,0.04362589120864868,0.0,0.8129913806915283,0.7693654894828796,1.404839277267456,1.4668147563934326,0.9616896475389499,0.9666666666666667,289.0,214.0,1.0,1.0,-0.0155029296875,0.017380618339557723,0.7283501452982629,True,model_input_only,True,False,True,True
DL,crc,2B_numeric_smiles,ResidualMLP,groupcv,results/20260424_multicancer_stad_protocol_rerun/step4_models/fs_a_stad_baseline/dl_step4_2_7model_full/crc/2B_numeric_smiles/ResidualMLP/groupcv,dl_7model_full,skip_existing_only,0.46165877775265013,0.5246339639027914,0.32454473847020876,2.323662088212739,1.7881211439768474,0.2656644582748413,0.3500574827194214,0.0748150646686554,0.8117162585258484,0.4616587460041046,1.3836666345596313,2.323662042617798,0.33727798847166063,0.7555555555555555,0.0,12.333333333333334,0.0,0.15517815517815517,2.7020772298177082e-05,0.06192166331152112,0.0014386910202053083,True,model_input_only,True,False,True,True
DL,crc,2B_numeric_smiles,ResidualMLP,unseen_drug,results/20260424_multicancer_stad_protocol_rerun/step4_models/fs_a_stad_baseline/dl_step4_2_7model_full/crc/2B_numeric_smiles/ResidualMLP/unseen_drug,dl_7model_full,skip_existing_only,0.28781309080513384,0.4794292747974396,0.19954448365330227,2.596156279516574,2.0090134143829346,0.16904479265213013,0.5219846963882446,0.0,0.8097977638244629,0.28781309723854065,1.3170051574707031,2.596156358718872,0.587353168302507,0.6,0.0,10.0,0.0,0.20408163265306123,0.2846834659576416,0.05389594023834097,0.0003072319257805633,True,model_input_only,True,False,True,True
DL,crc,2B_numeric_smiles,ResidualMLP,cv,results/20260424_multicancer_stad_protocol_rerun/step4_models/fs_a_stad_baseline/dl_step4_2_7model_full/crc/2B_numeric_smiles/ResidualMLP/cv,dl_7model_full,skip_existing_only,0.7898123575427035,0.8523553411165873,0.6102021502330347,1.4405337371621183,1.0777846574783325,0.7195741136868795,0.02102472446858883,0.012614847160875797,0.8108370900154114,0.7898123264312744,1.3855875730514526,1.4405337572097778,0.834311680608141,1.0,292.6666666666667,217.66666666666666,1.0,1.0,-1.430511474609375e-06,0.026184209789849422,0.21230344421985425,True,model_input_only,True,False,True,True
DL,crc,2B_numeric_smiles,CrossAttention,scaffoldcv,results/20260424_multicancer_stad_protocol_rerun/step4_models/fs_a_stad_baseline/dl_step4_2_7model_full/crc/2B_numeric_smiles/CrossAttention/scaffoldcv,dl_7model_full,skip_existing_only,0.3458113734059112,0.3818364342053731,0.24094379535370095,2.990121022674664,2.302670200665792,-0.29424206415812176,0.45857691764831543,0.07215161621570587,0.8043882846832275,0.3458113670349121,1.4499964714050293,2.9901211261749268,0.17280452791828815,0.6444444444444444,0.0,0.0,0.0,0.0,3.250439961751302e-05,0.0559185762663618,0.0029784188983603597,True,model_input_only,True,False,True,True
DL,crc,2B_numeric_smiles,CrossAttention,holdout,results/20260424_multicancer_stad_protocol_rerun/step4_models/fs_a_stad_baseline/dl_step4_2_7model_full/crc/2B_numeric_smiles/CrossAttention/holdout,dl_7model_full,skip_existing_only,0.777687135485123,0.8496878147125244,0.5975866569965513,1.544792237370652,1.1556413173675537,0.673658013343811,0.036672770977020264,0.0,0.8143599033355713,0.777687132358551,1.4974300861358643,1.5447922945022583,0.9471219615159194,0.9666666666666667,289.0,214.0,1.0,1.0,-0.0155029296875,0.017380618339557723,0.7283501452982629,True,model_input_only,True,False,True,True
DL,crc,2B_numeric_smiles,CrossAttention,groupcv,results/20260424_multicancer_stad_protocol_rerun/step4_models/fs_a_stad_baseline/dl_step4_2_7model_full/crc/2B_numeric_smiles/CrossAttention/groupcv,dl_7model_full,skip_existing_only,0.43309120237489457,0.49383823076883954,0.3032381409769379,2.4087086958069936,1.8675907452901204,0.2118717829386393,0.37508276104927063,0.0568288117647171,0.8081739544868469,0.4330911934375763,1.3913580179214478,2.4087085723876953,0.2872894576313207,0.7888888888888889,0.0,12.333333333333334,0.0,0.15517815517815517,2.7020772298177082e-05,0.06192166331152112,0.0014386910202053083,True,model_input_only,True,False,True,True
DL,crc,2B_numeric_smiles,CrossAttention,unseen_drug,results/20260424_multicancer_stad_protocol_rerun/step4_models/fs_a_stad_baseline/dl_step4_2_7model_full/crc/2B_numeric_smiles/CrossAttention/unseen_drug,dl_7model_full,skip_existing_only,0.2795183687707108,0.44443127512931824,0.194742757896433,2.7723792407719197,2.0685811042785645,0.05240839719772339,0.5235995054244995,0.0,0.8031178712844849,0.27951836585998535,1.5242620706558228,2.772379159927368,0.26792818999890144,0.3333333333333333,0.0,10.0,0.0,0.20408163265306123,0.2846834659576416,0.05389594023834097,0.0003072319257805633,True,model_input_only,True,False,True,True
DL,crc,2B_numeric_smiles,CrossAttention,cv,results/20260424_multicancer_stad_protocol_rerun/step4_models/fs_a_stad_baseline/dl_step4_2_7model_full/crc/2B_numeric_smiles/CrossAttention/cv,dl_7model_full,skip_existing_only,0.7880321911559723,0.8505221803983053,0.6078085879318204,1.462205804370299,1.0964150428771973,0.7109910845756531,0.01882813312113285,0.013719752430915833,0.8068602681159973,0.7880322337150574,1.4044698476791382,1.4622058868408203,0.7198363812727324,0.9888888888888889,292.6666666666667,217.66666666666666,1.0,1.0,-1.430511474609375e-06,0.026184209789849422,0.21230344421985425,True,model_input_only,True,False,True,True
DL,crc,2B_numeric_smiles,FlatMLP,scaffoldcv,results/20260424_multicancer_stad_protocol_rerun/step4_models/fs_a_stad_baseline/dl_step4_2_7model_full/crc/2B_numeric_smiles/FlatMLP/scaffoldcv,dl_7model_full,skip_existing_only,0.3447154026951367,0.3799489041169484,0.24025528662066406,2.877293289623766,2.227037866910299,-0.1838434338569641,0.4626287519931793,0.06707165390253067,0.8073441982269287,0.3447153866291046,1.375550627708435,2.877293348312378,0.17013209533124252,0.6555555555555556,0.0,0.0,0.0,0.0,3.250439961751302e-05,0.0559185762663618,0.0029784188983603597,True,model_input_only,True,False,True,True
DL,crc,2B_numeric_smiles,FlatMLP,holdout,results/20260424_multicancer_stad_protocol_rerun/step4_models/fs_a_stad_baseline/dl_step4_2_7model_full/crc/2B_numeric_smiles/FlatMLP/holdout,dl_7model_full,skip_existing_only,0.7739352020889426,0.8496426343917847,0.5951872452140633,1.4450478801252546,1.0862363576889038,0.7144400477409363,0.041768014430999756,0.0,0.8157032132148743,0.7739351987838745,1.373215913772583,1.4450478553771973,0.9641203589830217,0.9666666666666667,289.0,214.0,1.0,1.0,-0.0155029296875,0.017380618339557723,0.7283501452982629,True,model_input_only,True,False,True,True
DL,crc,2B_numeric_smiles,FlatMLP,groupcv,results/20260424_multicancer_stad_protocol_rerun/step4_models/fs_a_stad_baseline/dl_step4_2_7model_full/crc/2B_numeric_smiles/FlatMLP/groupcv,dl_7model_full,skip_existing_only,0.4390394923325296,0.5057437916596731,0.3084062925546374,2.367299003862983,1.8274909655253093,0.23924616972605386,0.37100860476493835,0.065871462225914,0.8100481033325195,0.4390394687652588,1.3757644891738892,2.3672990798950195,0.2530891150976174,0.7111111111111111,0.0,12.333333333333334,0.0,0.15517815517815517,2.7020772298177082e-05,0.06192166331152112,0.0014386910202053083,True,model_input_only,True,False,True,True
DL,crc,2B_numeric_smiles,FlatMLP,unseen_drug,results/20260424_multicancer_stad_protocol_rerun/step4_models/fs_a_stad_baseline/dl_step4_2_7model_full/crc/2B_numeric_smiles/FlatMLP/unseen_drug,dl_7model_full,skip_existing_only,0.26123396530530096,0.45745110511779785,0.18095152629808556,2.7141399541595828,2.1165735721588135,0.09180229902267456,0.5453941822052002,0.0,0.8066281676292419,0.26123395562171936,1.347426414489746,2.714139938354492,0.2889991975883054,0.43333333333333335,0.0,10.0,0.0,0.20408163265306123,0.2846834659576416,0.05389594023834097,0.0003072319257805633,True,model_input_only,True,False,True,True
DL,crc,2B_numeric_smiles,FlatMLP,cv,results/20260424_multicancer_stad_protocol_rerun/step4_models/fs_a_stad_baseline/dl_step4_2_7model_full/crc/2B_numeric_smiles/FlatMLP/cv,dl_7model_full,skip_existing_only,0.7813155455255926,0.8470746477444967,0.6014810166833514,1.482746087822079,1.1182878812154133,0.7025713920593262,0.019693076610565186,0.01599685102701187,0.8010086417198181,0.7813155651092529,1.4298419952392578,1.4827461242675781,0.6903884204031288,0.9888888888888889,292.6666666666667,217.66666666666666,1.0,1.0,-1.430511474609375e-06,0.026184209789849422,0.21230344421985425,True,model_input_only,True,False,True,True
Graph,stad,2A_numeric,GAT,scaffoldcv,results/20260424_multicancer_stad_protocol_rerun/step4_models/fs_a_stad_baseline/graph_step4_3_2model_full/stad/2A_numeric/GAT/scaffoldcv,graph_2model_full,skip_existing_only,0.22825050730785942,0.21636798875420352,0.15820698127626207,2.6884053052951025,2.0575410165755508,0.038841831423437556,0.014321953058242798,0.01569901965558529,0.24257247149944305,0.22825050354003906,2.6718711853027344,2.6884052753448486,0.10377983404940454,0.4000000000000001,0.0,0.0,0.0,0.0,-1.5894571940104166e-07,0.06359906213364595,0.2670644613945835,True,model_input_only,False,False,True,True
Graph,stad,2A_numeric,GAT,holdout,results/20260424_multicancer_stad_protocol_rerun/step4_models/fs_a_stad_baseline/graph_step4_3_2model_full/stad/2A_numeric/GAT/holdout,graph_2model_full,skip_existing_only,0.22445205357225437,0.20515380300209618,0.1549025940456036,2.7780857573686637,2.107825715192503,0.03747300523241559,0.020062148571014404,0.0,0.24451419711112976,0.22445204854011536,2.6497385501861572,2.778085708618164,0.04021367987941181,0.4,273.0,201.0,0.9927272727272727,0.9901477832512315,0.20017170906066895,0.0381870763617489,0.17794058997625264,True,model_input_only,False,False,True,True
Graph,stad,2A_numeric,GAT,groupcv,results/20260424_multicancer_stad_protocol_rerun/step4_models/fs_a_stad_baseline/graph_step4_3_2model_full/stad/2A_numeric/GAT/groupcv,graph_2model_full,skip_existing_only,0.2337586810597311,0.2274843337225514,0.16053339184137225,2.68222062246533,2.0405340187167673,0.04787366183279244,0.011199737899005413,0.01043486688286066,0.24495841562747955,0.23375868797302246,2.6725902557373047,2.682220458984375,0.02490606993931706,0.3111111111111111,0.0,11.333333333333334,0.0,0.1425891181988743,0.0,0.05441578741695976,0.0649787877285624,True,model_input_only,False,False,True,True
Graph,stad,2A_numeric,GAT,unseen_drug,results/20260424_multicancer_stad_protocol_rerun/step4_models/fs_a_stad_baseline/graph_step4_3_2model_full/stad/2A_numeric/GAT/unseen_drug,graph_2model_full,skip_existing_only,0.24256203617144595,0.2415335996233021,0.1667151761140418,2.7857288210973628,2.1420270852782797,0.04658282542234282,0.0008197426795959473,0.0,0.2433817833662033,0.24256204068660736,2.6485559940338135,2.785728931427002,0.1533740331442022,0.26666666666666666,0.0,10.0,0.0,0.20408163265306123,0.29152750968933105,0.060903648380308824,0.0053776829816946595,True,model_input_only,False,False,True,True
Graph,stad,2A_numeric,GAT,cv,results/20260424_multicancer_stad_protocol_rerun/step4_models/fs_a_stad_baseline/graph_step4_3_2model_full/stad/2A_numeric/GAT/cv,graph_2model_full,skip_existing_only,0.21837037700638354,0.20805698598895864,0.14980378519643292,2.694950663937622,2.048018612090836,0.03961162323315037,0.02852579392492771,0.0108239920809865,0.2468961924314499,0.21837037801742554,2.6700947284698486,2.694950819015503,0.023866571038151273,0.32222222222222224,280.3333333333333,205.33333333333334,0.9836459182748936,0.9778147405517075,7.947285970052083e-08,0.027256740914419694,0.4247109412075425,True,model_input_only,False,False,True,True
Graph,stad,2A_numeric,GraphSAGE,scaffoldcv,results/20260424_multicancer_stad_protocol_rerun/step4_models/fs_a_stad_baseline/graph_step4_3_2model_full/stad/2A_numeric/GraphSAGE/scaffoldcv,graph_2model_full,skip_existing_only,0.2278244586297428,0.21636009713013968,0.15791771254380413,2.6884002291988387,2.057429472605387,0.03884398937225342,0.014945313334465027,0.016130022704601288,0.2427697777748108,0.22782446444034576,2.6717751026153564,2.6884002685546875,0.10377983404940454,0.4000000000000001,0.0,0.0,0.0,0.0,-1.5894571940104166e-07,0.06359906213364595,0.2670644613945835,True,model_input_only,False,False,True,True
Graph,stad,2A_numeric,GraphSAGE,holdout,results/20260424_multicancer_stad_protocol_rerun/step4_models/fs_a_stad_baseline/graph_step4_3_2model_full/stad/2A_numeric/GraphSAGE/holdout,graph_2model_full,skip_existing_only,0.22405179371068784,0.20432336628437042,0.15468084055495024,2.778709194005568,2.108333110809326,0.03704094886779785,0.02086213231086731,0.0,0.24491392076015472,0.22405178844928741,2.6495440006256104,2.7787091732025146,0.04021367987941181,0.4,273.0,201.0,0.9927272727272727,0.9901477832512315,0.20017170906066895,0.0381870763617489,0.17794058997625264,True,model_input_only,False,False,True,True
Graph,stad,2A_numeric,GraphSAGE,groupcv,results/20260424_multicancer_stad_protocol_rerun/step4_models/fs_a_stad_baseline/graph_step4_3_2model_full/stad/2A_numeric/GraphSAGE/groupcv,graph_2model_full,skip_existing_only,0.23344118009630874,0.2270569751660029,0.16031757998935203,2.6825084646548767,2.040643850962321,0.047670563062032066,0.012267917394638062,0.00999537855386734,0.2457091063261032,0.23344117403030396,2.6723079681396484,2.6825084686279297,0.025507458815561657,0.3,0.0,11.333333333333334,0.0,0.1425891181988743,0.0,0.05441578741695976,0.0649787877285624,True,model_input_only,False,False,True,True
Graph,stad,2A_numeric,GraphSAGE,unseen_drug,results/20260424_multicancer_stad_protocol_rerun/step4_models/fs_a_stad_baseline/graph_step4_3_2model_full/stad/2A_numeric/GraphSAGE/unseen_drug,graph_2model_full,skip_existing_only,0.24169894056398777,0.24181215465068817,0.1662848334448828,2.7855866301634755,2.141616106033325,0.04668015241622925,0.0015240758657455444,0.0,0.24322301149368286,0.24169893562793732,2.648571252822876,2.7855865955352783,0.1533740331442022,0.26666666666666666,0.0,10.0,0.0,0.20408163265306123,0.29152750968933105,0.060903648380308824,0.0053776829816946595,True,model_input_only,False,False,True,True
Graph,stad,2A_numeric,GraphSAGE,cv,results/20260424_multicancer_stad_protocol_rerun/step4_models/fs_a_stad_baseline/graph_step4_3_2model_full/stad/2A_numeric/GraphSAGE/cv,graph_2model_full,skip_existing_only,0.21824894789270113,0.20814568301041922,0.1497248571610087,2.694775613537844,2.047876755396525,0.03973954916000366,0.029183337464928627,0.010966070927679539,0.24743227660655975,0.21824894845485687,2.669854164123535,2.6947755813598633,0.019555255613202156,0.3,280.3333333333333,205.33333333333334,0.9836459182748936,0.9778147405517075,7.947285970052083e-08,0.027256740914419694,0.4247109412075425,True,model_input_only,False,False,True,True
Graph,stad,2C_numeric_smiles_context,GAT,scaffoldcv,results/20260424_multicancer_stad_protocol_rerun/step4_models/fs_a_stad_baseline/graph_step4_3_2model_full/stad/2C_numeric_smiles_context/GAT/scaffoldcv,graph_2model_full,skip_existing_only,0.33994959711313405,0.3082337057110776,0.23145959694028015,3.0502618044530547,2.3710942425953854,-0.23477583338839994,0.4791538715362549,0.04844413697719574,0.8191034197807312,0.3399496078491211,1.3332757949829102,3.0502617359161377,0.12510715990310758,0.5555555555555555,0.0,0.0,0.0,0.0,-1.5894571940104166e-07,0.06359906213364595,0.2670644613945835,True,model_input_only,True,False,True,True
Graph,stad,2C_numeric_smiles_context,GAT,holdout,results/20260424_multicancer_stad_protocol_rerun/step4_models/fs_a_stad_baseline/graph_step4_3_2model_full/stad/2C_numeric_smiles_context/GAT/holdout,graph_2model_full,skip_existing_only,0.7880194667721466,0.8516131584805786,0.6079307965014986,1.4854875888208356,1.0934304263094097,0.7247928721868873,0.03809630870819092,0.0,0.8261157870292664,0.7880194783210754,1.3178377151489258,1.4854875802993774,0.9325932000695766,0.9,273.0,201.0,0.9927272727272727,0.9901477832512315,0.20017170906066895,0.0381870763617489,0.17794058997625264,True,model_input_only,True,False,True,True
Graph,stad,2C_numeric_smiles_context,GAT,groupcv,results/20260424_multicancer_stad_protocol_rerun/step4_models/fs_a_stad_baseline/graph_step4_3_2model_full/stad/2C_numeric_smiles_context/GAT/groupcv,graph_2model_full,skip_existing_only,0.2578260798843732,0.28208344745797503,0.17765130635176063,3.0893523088910158,2.3117930661477497,-0.27637481386752055,0.5710033178329468,0.08779098093509674,0.8288294672966003,0.2578260600566864,1.3149638175964355,3.0893523693084717,0.022374332931085854,0.2222222222222222,0.0,11.333333333333334,0.0,0.1425891181988743,0.0,0.05441578741695976,0.0649787877285624,True,model_input_only,True,False,True,True
Graph,stad,2C_numeric_smiles_context,GAT,unseen_drug,results/20260424_multicancer_stad_protocol_rerun/step4_models/fs_a_stad_baseline/graph_step4_3_2model_full/stad/2C_numeric_smiles_context/GAT/unseen_drug,graph_2model_full,skip_existing_only,0.275946777147381,0.3817262104755393,0.19355886145417273,3.0137042236545586,2.3103456102235556,-0.11585188036449923,0.543738842010498,0.0,0.8196855783462524,0.2759467661380768,1.2870532274246216,3.013704299926758,0.15147990480731013,0.26666666666666666,0.0,10.0,0.0,0.20408163265306123,0.29152750968933105,0.060903648380308824,0.0053776829816946595,True,model_input_only,True,False,True,True
Graph,stad,2C_numeric_smiles_context,GAT,cv,results/20260424_multicancer_stad_protocol_rerun/step4_models/fs_a_stad_baseline/graph_step4_3_2model_full/stad/2C_numeric_smiles_context/GAT/cv,graph_2model_full,skip_existing_only,0.7823666285818914,0.8425761327370672,0.6008861542902587,1.484988587464219,1.0860861668671709,0.7079294669717507,0.04639190435409546,0.009823505766689777,0.8287585377693176,0.7823666930198669,1.3188319206237793,1.4849885702133179,0.9509585090411957,1.0,280.3333333333333,205.33333333333334,0.9836459182748936,0.9778147405517075,7.947285970052083e-08,0.027256740914419694,0.4247109412075425,True,model_input_only,True,False,True,True
Graph,stad,2C_numeric_smiles_context,GraphSAGE,scaffoldcv,results/20260424_multicancer_stad_protocol_rerun/step4_models/fs_a_stad_baseline/graph_step4_3_2model_full/stad/2C_numeric_smiles_context/GraphSAGE/scaffoldcv,graph_2model_full,skip_existing_only,0.321697723721712,0.29108309249083203,0.2230418287790583,4.75649176644107,2.7042266527811685,-2.3517028093338013,0.47188958525657654,0.05142911151051521,0.7935872673988342,0.3216977119445801,1.4478627443313599,4.7564921379089355,0.16746036243623577,0.5222222222222223,0.0,0.0,0.0,0.0,-1.5894571940104166e-07,0.06359906213364595,0.2670644613945835,True,model_input_only,True,False,True,True
Graph,stad,2C_numeric_smiles_context,GraphSAGE,holdout,results/20260424_multicancer_stad_protocol_rerun/step4_models/fs_a_stad_baseline/graph_step4_3_2model_full/stad/2C_numeric_smiles_context/GraphSAGE/holdout,graph_2model_full,skip_existing_only,0.7644699876200723,0.8294662237167358,0.5799957596658488,1.5825711306334398,1.1823647022247314,0.6876452565193176,0.02966010570526123,0.0,0.7941300868988037,0.7644699811935425,1.4561139345169067,1.5825711488723755,0.9651479732230365,0.9333333333333333,273.0,201.0,0.9927272727272727,0.9901477832512315,0.20017170906066895,0.0381870763617489,0.17794058997625264,True,model_input_only,True,False,True,True
Graph,stad,2C_numeric_smiles_context,GraphSAGE,groupcv,results/20260424_multicancer_stad_protocol_rerun/step4_models/fs_a_stad_baseline/graph_step4_3_2model_full/stad/2C_numeric_smiles_context/GraphSAGE/groupcv,graph_2model_full,skip_existing_only,0.3305238913060546,0.3751051227251689,0.22715369555919374,2.824978191593067,2.1253470182418823,-0.06731923421223958,0.45191577076911926,0.09233378618955612,0.7824397087097168,0.33052387833595276,1.4928183555603027,2.8249785900115967,0.04104668009335605,0.4444444444444444,0.0,11.333333333333334,0.0,0.1425891181988743,0.0,0.05441578741695976,0.0649787877285624,True,model_input_only,True,False,True,True
Graph,stad,2C_numeric_smiles_context,GraphSAGE,unseen_drug,results/20260424_multicancer_stad_protocol_rerun/step4_models/fs_a_stad_baseline/graph_step4_3_2model_full/stad/2C_numeric_smiles_context/GraphSAGE/unseen_drug,graph_2model_full,skip_existing_only,0.30305897834672263,0.37516891956329346,0.215219867193544,2.8251077141945857,2.140230417251587,0.019437432289123535,0.4879246950149536,0.0,0.7909836769104004,0.3030589818954468,1.403052568435669,2.8251078128814697,0.48673071854261235,0.4,0.0,10.0,0.0,0.20408163265306123,0.29152750968933105,0.060903648380308824,0.0053776829816946595,True,model_input_only,True,False,True,True
Graph,stad,2C_numeric_smiles_context,GraphSAGE,cv,results/20260424_multicancer_stad_protocol_rerun/step4_models/fs_a_stad_baseline/graph_step4_3_2model_full/stad/2C_numeric_smiles_context/GraphSAGE/cv,graph_2model_full,skip_existing_only,0.7668792587636329,0.8321348826090494,0.5831920967752794,1.5387776018453199,1.138077934583028,0.6861660281817118,0.030642351135611534,0.013053911738097668,0.7975215911865234,0.7668792605400085,1.4314602613449097,1.5387777090072632,0.9412067330721303,0.9888888888888889,280.3333333333333,205.33333333333334,0.9836459182748936,0.9778147405517075,7.947285970052083e-08,0.027256740914419694,0.4247109412075425,True,model_input_only,True,False,True,True
Graph,stad,2B_numeric_smiles,GAT,scaffoldcv,results/20260424_multicancer_stad_protocol_rerun/step4_models/fs_a_stad_baseline/graph_step4_3_2model_full/stad/2B_numeric_smiles/GAT/scaffoldcv,graph_2model_full,skip_existing_only,0.25323463721352724,0.2170501766092511,0.17421280724257485,3.1917258654679395,2.426822561594398,-0.3546140952273955,0.5561559796333313,0.0343109630048275,0.8093906044960022,0.2532346248626709,1.3703365325927734,3.191725730895996,0.13145475806390208,0.5444444444444444,0.0,0.0,0.0,0.0,-1.5894571940104166e-07,0.06359906213364595,0.2670644613945835,True,model_input_only,True,False,True,True
Graph,stad,2B_numeric_smiles,GAT,holdout,results/20260424_multicancer_stad_protocol_rerun/step4_models/fs_a_stad_baseline/graph_step4_3_2model_full/stad/2B_numeric_smiles/GAT/holdout,graph_2model_full,skip_existing_only,0.7861993890984003,0.8501580519532471,0.604292574000681,1.492760815664541,1.0988760734079996,0.7220913429418578,0.030544698238372803,0.0,0.8167440891265869,0.7861993908882141,1.361741542816162,1.4927607774734497,0.9334269924844634,0.9333333333333333,273.0,201.0,0.9927272727272727,0.9901477832512315,0.20017170906066895,0.0381870763617489,0.17794058997625264,True,model_input_only,True,False,True,True
Graph,stad,2B_numeric_smiles,GAT,groupcv,results/20260424_multicancer_stad_protocol_rerun/step4_models/fs_a_stad_baseline/graph_step4_3_2model_full/stad/2B_numeric_smiles/GAT/groupcv,graph_2model_full,skip_existing_only,0.261694653964263,0.292328029599536,0.18003664155087362,2.9254125708731173,2.2163721879482927,-0.13475028136382625,0.5534484386444092,0.05557175725698471,0.8151431083679199,0.26169463992118835,1.3728017807006836,2.925412893295288,0.019702683890966022,0.2888888888888889,0.0,11.333333333333334,0.0,0.1425891181988743,0.0,0.05441578741695976,0.0649787877285624,True,model_input_only,True,False,True,True
Graph,stad,2B_numeric_smiles,GAT,unseen_drug,results/20260424_multicancer_stad_protocol_rerun/step4_models/fs_a_stad_baseline/graph_step4_3_2model_full/stad/2B_numeric_smiles/GAT/unseen_drug,graph_2model_full,skip_existing_only,0.14863391107659993,0.32106457685482176,0.10369134825007845,3.20040147689661,2.5208794055726726,-0.2583869921968365,0.6605987548828125,0.0,0.8092326521873474,0.1486339122056961,1.3403469324111938,3.200401544570923,0.38370122914994254,0.3333333333333333,0.0,10.0,0.0,0.20408163265306123,0.29152750968933105,0.060903648380308824,0.0053776829816946595,True,model_input_only,True,False,True,True
Graph,stad,2B_numeric_smiles,GAT,cv,results/20260424_multicancer_stad_protocol_rerun/step4_models/fs_a_stad_baseline/graph_step4_3_2model_full/stad/2B_numeric_smiles/GAT/cv,graph_2model_full,skip_existing_only,0.7734536150156884,0.8357274008324902,0.5925410241509658,1.513968372766093,1.097528395276442,0.6962955492634707,0.04714101552963257,0.010992301627993584,0.8205946087837219,0.7734535336494446,1.3559612035751343,1.5139683485031128,0.947790476405466,0.9888888888888889,280.3333333333333,205.33333333333334,0.9836459182748936,0.9778147405517075,7.947285970052083e-08,0.027256740914419694,0.4247109412075425,True,model_input_only,True,False,True,True
Graph,stad,2B_numeric_smiles,GraphSAGE,scaffoldcv,results/20260424_multicancer_stad_protocol_rerun/step4_models/fs_a_stad_baseline/graph_step4_3_2model_full/stad/2B_numeric_smiles/GraphSAGE/scaffoldcv,graph_2model_full,skip_existing_only,0.28615976884878985,0.2979849527279536,0.19761379309182958,4.035334234828504,2.7855698267618814,-1.16887100537618,0.5058683156967163,0.06791585683822632,0.7920281291007996,0.2861597537994385,1.425206184387207,4.03533411026001,0.13103881397390643,0.43333333333333335,0.0,0.0,0.0,0.0,-1.5894571940104166e-07,0.06359906213364595,0.2670644613945835,True,model_input_only,True,False,True,True
Graph,stad,2B_numeric_smiles,GraphSAGE,holdout,results/20260424_multicancer_stad_protocol_rerun/step4_models/fs_a_stad_baseline/graph_step4_3_2model_full/stad/2B_numeric_smiles/GraphSAGE/holdout,graph_2model_full,skip_existing_only,0.7692990231140553,0.8384561538696289,0.5853620983993191,1.5441310705675348,1.1570205688476562,0.7026349306106567,0.018245398998260498,0.0,0.7875444293022156,0.7692990303039551,1.4550206661224365,1.5441310405731201,0.9606826434026383,0.9333333333333333,273.0,201.0,0.9927272727272727,0.9901477832512315,0.20017170906066895,0.0381870763617489,0.17794058997625264,True,model_input_only,True,False,True,True
Graph,stad,2B_numeric_smiles,GraphSAGE,groupcv,results/20260424_multicancer_stad_protocol_rerun/step4_models/fs_a_stad_baseline/graph_step4_3_2model_full/stad/2B_numeric_smiles/GraphSAGE/groupcv,graph_2model_full,skip_existing_only,0.2708523642692277,0.3010037342707316,0.18582162073587172,2.918981287742619,2.17307980855306,-0.1355477770169576,0.5244254469871521,0.10069569200277328,0.7952778339385986,0.27085235714912415,1.4414390325546265,2.9189813137054443,0.03762235297903391,0.3444444444444444,0.0,11.333333333333334,0.0,0.1425891181988743,0.0,0.05441578741695976,0.0649787877285624,True,model_input_only,True,False,True,True
Graph,stad,2B_numeric_smiles,GraphSAGE,unseen_drug,results/20260424_multicancer_stad_protocol_rerun/step4_models/fs_a_stad_baseline/graph_step4_3_2model_full/stad/2B_numeric_smiles/GraphSAGE/unseen_drug,graph_2model_full,skip_existing_only,0.35470523529585646,0.4335911273956299,0.2506605778329084,2.6958971356993526,2.025325059890747,0.1070813536643982,0.4381212294101715,0.0,0.7928264737129211,0.35470524430274963,1.4101676940917969,2.695897102355957,0.29567728424455214,0.3333333333333333,0.0,10.0,0.0,0.20408163265306123,0.29152750968933105,0.060903648380308824,0.0053776829816946595,True,model_input_only,True,False,True,True
Graph,stad,2B_numeric_smiles,GraphSAGE,cv,results/20260424_multicancer_stad_protocol_rerun/step4_models/fs_a_stad_baseline/graph_step4_3_2model_full/stad/2B_numeric_smiles/GraphSAGE/cv,graph_2model_full,skip_existing_only,0.7641471625131819,0.8242911696434021,0.5800681588374346,1.5664752622316291,1.1590647300084431,0.6748043298721313,0.02555437944829464,0.010916355066001415,0.789701521396637,0.7641471028327942,1.4611369371414185,1.56647527217865,0.927722939700494,0.9777777777777779,280.3333333333333,205.33333333333334,0.9836459182748936,0.9778147405517075,7.947285970052083e-08,0.027256740914419694,0.4247109412075425,True,model_input_only,True,False,True,True
Graph,luad,2A_numeric,GraphSAGE,scaffoldcv,results/20260424_multicancer_stad_protocol_rerun/step4_models/fs_a_stad_baseline/graph_step4_3_2model_full/luad/2A_numeric/GraphSAGE/scaffoldcv,graph_2model_full,skip_existing_only,0.3350346664503525,0.31065813700358075,0.22920041886464068,2.6413807158824496,2.0219280322392783,0.06776938835779826,0.006756295915693045,0.010820749215781689,0.34179094433784485,0.33503469824790955,2.6078763008117676,2.641380548477173,0.10935242320095957,0.7777777777777778,0.0,0.0,0.0,0.0,-4.38690185546875e-05,0.0941207068551463,9.127519685561636e-89,True,model_input_only,False,False,True,True
Graph,luad,2A_numeric,GraphSAGE,holdout,results/20260424_multicancer_stad_protocol_rerun/step4_models/fs_a_stad_baseline/graph_step4_3_2model_full/luad/2A_numeric/GraphSAGE/holdout,graph_2model_full,skip_existing_only,0.3331913054311732,0.31619778275489807,0.22723278043594777,2.5940534115471157,1.9652377367019653,0.09982556104660034,0.004947751760482788,0.0,0.33813905715942383,0.33319130539894104,2.621277332305908,2.5940535068511963,0.038334513688370694,0.7666666666666667,295.0,220.0,1.0,1.0,-0.02993011474609375,0.008026118141156835,0.14982826160409668,True,model_input_only,False,False,True,True
Graph,luad,2A_numeric,GraphSAGE,groupcv,results/20260424_multicancer_stad_protocol_rerun/step4_models/fs_a_stad_baseline/graph_step4_3_2model_full/luad/2A_numeric/GraphSAGE/groupcv,graph_2model_full,skip_existing_only,0.33388274749223806,0.3132886191209157,0.22811501789890887,2.6274202245341125,1.9918978214263916,0.08772895733515422,0.0063565275631845,0.018491752445697784,0.3402392864227295,0.33388271927833557,2.6110191345214844,2.62742018699646,0.03752190179776336,0.7111111111111111,0.0,11.0,0.0,0.1389010989010989,0.00010673205057779948,0.04989926983305611,4.1043965493721306e-26,True,model_input_only,False,False,True,True
Graph,luad,2A_numeric,GraphSAGE,unseen_drug,results/20260424_multicancer_stad_protocol_rerun/step4_models/fs_a_stad_baseline/graph_step4_3_2model_full/luad/2A_numeric/GraphSAGE/unseen_drug,graph_2model_full,skip_existing_only,0.31186262808714577,0.305755615234375,0.21136322306913918,2.732578144962895,2.0769429206848145,0.08205580711364746,0.03309351205825806,0.0,0.3449561297893524,0.31186261773109436,2.587283134460449,2.7325780391693115,0.23851190800010882,0.6666666666666666,0.0,10.0,0.0,0.20408163265306123,0.2929506301879883,0.05345776503633326,8.748190174842379e-49,True,model_input_only,False,False,True,True
Graph,luad,2A_numeric,GraphSAGE,cv,results/20260424_multicancer_stad_protocol_rerun/step4_models/fs_a_stad_baseline/graph_step4_3_2model_full/luad/2A_numeric/GraphSAGE/cv,graph_2model_full,skip_existing_only,0.32590761491115616,0.3059580326080322,0.22204604112676285,2.6273068679606966,1.9886094331741333,0.09328720966974895,0.014613409526646137,0.006029847543686628,0.3405210077762604,0.3259076178073883,2.6122233867645264,2.6273069381713867,0.03044309796807489,0.7888888888888889,295.0,220.0,1.0,1.0,0.0,0.004448802889330056,0.6450500009263341,True,model_input_only,False,False,True,True
Graph,brca,2A_numeric,GAT,scaffoldcv,results/20260424_multicancer_stad_protocol_rerun/step4_models/fs_a_stad_baseline/graph_step4_3_2model_full/brca/2A_numeric/GAT/scaffoldcv,graph_2model_full,skip_existing_only,0.2580157229805098,0.2319464911850674,0.17854102519958623,2.5602517674679746,1.9362909542720095,0.04404327739477665,0.010541737079620361,0.004372047260403633,0.26855745911598206,0.2580157220363617,2.5421416759490967,2.5602517127990723,0.13319813464076863,0.5,0.0,0.0,0.0,0.0,-1.533826192220052e-05,0.038841211054895276,0.12885177723524274,True,model_input_only,False,False,True,True
Graph,brca,2A_numeric,GAT,holdout,results/20260424_multicancer_stad_protocol_rerun/step4_models/fs_a_stad_baseline/graph_step4_3_2model_full/brca/2A_numeric/GAT/holdout,graph_2model_full,skip_existing_only,0.2328513409541162,0.2063316370339229,0.1597298128262577,2.5639644670356567,1.919932877030337,0.04013109765566636,0.03769104182720184,0.0,0.2705423831939697,0.23285134136676788,2.544835090637207,2.563964366912842,0.0426343724567669,0.4,284.0,209.0,1.0,1.0,0.09128904342651367,0.029754204398447608,0.22092089155773265,True,model_input_only,False,False,True,True
Graph,brca,2A_numeric,GAT,groupcv,results/20260424_multicancer_stad_protocol_rerun/step4_models/fs_a_stad_baseline/graph_step4_3_2model_full/brca/2A_numeric/GAT/groupcv,graph_2model_full,skip_existing_only,0.26298586812461583,0.23955410245054468,0.181137150740475,2.5479836258783704,1.9174500611018226,0.054400799547179655,0.0052351257763803005,0.02759847231209278,0.268220990896225,0.26298585534095764,2.544433832168579,2.547983407974243,0.06984253683166876,0.4777777777777778,0.0,11.0,0.0,0.13833615608336078,-1.1761983235677084e-05,0.057240233151776086,0.0004423519704285981,True,model_input_only,False,False,True,True
Graph,brca,2A_numeric,GAT,unseen_drug,results/20260424_multicancer_stad_protocol_rerun/step4_models/fs_a_stad_baseline/graph_step4_3_2model_full/brca/2A_numeric/GAT/unseen_drug,graph_2model_full,skip_existing_only,0.22964823023687883,0.21736116296333297,0.15747560754282766,2.757386233250988,2.0869732666212344,0.030811517729475324,0.045232802629470825,0.0,0.2748810350894928,0.22964823246002197,2.496708393096924,2.7573862075805664,0.12956628201860157,0.4666666666666667,0.0,10.0,0.0,0.20408163265306123,0.346210241317749,0.07675375918544944,1.6329447270880188e-06,True,model_input_only,False,False,True,True
Graph,brca,2A_numeric,GAT,cv,results/20260424_multicancer_stad_protocol_rerun/step4_models/fs_a_stad_baseline/graph_step4_3_2model_full/brca/2A_numeric/GAT/cv,graph_2model_full,skip_existing_only,0.2500698479236289,0.22619337902519251,0.17186719893973157,2.559344227780067,1.921330578819692,0.04893890002278981,0.018003538250923157,0.010297348722815514,0.2680734097957611,0.25006985664367676,2.5442943572998047,2.5593440532684326,0.03948585903527007,0.4444444444444444,285.0,210.0,0.9884894243785997,0.9844661262290259,3.6557515462239585e-06,0.02649029456841759,0.2171403552506631,True,model_input_only,False,False,True,True
Graph,brca,2A_numeric,GraphSAGE,scaffoldcv,results/20260424_multicancer_stad_protocol_rerun/step4_models/fs_a_stad_baseline/graph_step4_3_2model_full/brca/2A_numeric/GraphSAGE/scaffoldcv,graph_2model_full,skip_existing_only,0.25798498083156235,0.23183045287926993,0.17852752069586597,2.5603099396034117,1.9364496072133381,0.044002016385396324,0.010627011768519878,0.004398098215460777,0.26861199736595154,0.25798499584198,2.5420992374420166,2.560309886932373,0.13319813464076863,0.5,0.0,0.0,0.0,0.0,-1.533826192220052e-05,0.038841211054895276,0.12885177723524274,True,model_input_only,False,False,True,True
Graph,brca,2A_numeric,GraphSAGE,holdout,results/20260424_multicancer_stad_protocol_rerun/step4_models/fs_a_stad_baseline/graph_step4_3_2model_full/brca/2A_numeric/GraphSAGE/holdout,graph_2model_full,skip_existing_only,0.23304377157168196,0.2064969390630722,0.15982988619194424,2.563868831594182,1.9197185039520264,0.04020261764526367,0.03749676048755646,0.0,0.2705405354499817,0.23304377496242523,2.5448408126831055,2.563868761062622,0.08813037342707834,0.4666666666666667,284.0,209.0,1.0,1.0,0.09128904342651367,0.029754204398447608,0.22092089155773265,True,model_input_only,False,False,True,True
Graph,brca,2A_numeric,GraphSAGE,groupcv,results/20260424_multicancer_stad_protocol_rerun/step4_models/fs_a_stad_baseline/graph_step4_3_2model_full/brca/2A_numeric/GraphSAGE/groupcv,graph_2model_full,skip_existing_only,0.26267076296694786,0.23964418470859528,0.18095999487058578,2.547928543015006,1.9174461364746094,0.054438273111979164,0.005554959177970886,0.026904676109552383,0.26822569966316223,0.26267075538635254,2.544409990310669,2.54792857170105,0.06712346486133393,0.4888888888888889,0.0,11.0,0.0,0.13833615608336078,-1.1761983235677084e-05,0.057240233151776086,0.0004423519704285981,True,model_input_only,False,False,True,True
Graph,brca,2A_numeric,GraphSAGE,unseen_drug,results/20260424_multicancer_stad_protocol_rerun/step4_models/fs_a_stad_baseline/graph_step4_3_2model_full/brca/2A_numeric/GraphSAGE/unseen_drug,graph_2model_full,skip_existing_only,0.22993792360465073,0.21754634380340576,0.1576621133502286,2.7572927012127555,2.086782217025757,0.030877292156219482,0.04494310915470123,0.0,0.2748810350894928,0.22993792593479156,2.496713161468506,2.7572927474975586,0.12956628201860157,0.4666666666666667,0.0,10.0,0.0,0.20408163265306123,0.346210241317749,0.07675375918544944,1.6329447270880188e-06,True,model_input_only,False,False,True,True
Graph,brca,2A_numeric,GraphSAGE,cv,results/20260424_multicancer_stad_protocol_rerun/step4_models/fs_a_stad_baseline/graph_step4_3_2model_full/brca/2A_numeric/GraphSAGE/cv,graph_2model_full,skip_existing_only,0.2502076538443973,0.22630954285462698,0.17197628669406995,2.5592295166402272,1.9213128089904785,0.04902491966883341,0.01821495033800602,0.011206666938960552,0.26842260360717773,0.25020766258239746,2.544283866882324,2.559229612350464,0.04002799883290454,0.4666666666666666,285.0,210.0,0.9884894243785997,0.9844661262290259,3.6557515462239585e-06,0.02649029456841759,0.2171403552506631,True,model_input_only,False,False,True,True
Graph,brca,2C_numeric_smiles_context,GAT,scaffoldcv,results/20260424_multicancer_stad_protocol_rerun/step4_models/fs_a_stad_baseline/graph_step4_3_2model_full/brca/2C_numeric_smiles_context/GAT/scaffoldcv,graph_2model_full,skip_existing_only,0.33415325924209754,0.38775181131295516,0.22935760714635103,2.9481281448742336,2.2829246026750263,-0.2783469572818553,0.4684540033340454,0.010929102078080177,0.8026072382926941,0.33415326476097107,1.3063863515853882,2.9481279850006104,0.16524238067168964,0.6333333333333333,0.0,0.0,0.0,0.0,-1.533826192220052e-05,0.038841211054895276,0.12885177723524274,True,model_input_only,True,False,True,True
Graph,brca,2C_numeric_smiles_context,GAT,holdout,results/20260424_multicancer_stad_protocol_rerun/step4_models/fs_a_stad_baseline/graph_step4_3_2model_full/brca/2C_numeric_smiles_context/GAT/holdout,graph_2model_full,skip_existing_only,0.7989574119904153,0.8594798218380475,0.6140508424879869,1.3407816529679304,1.0029872790692576,0.7375152754920846,0.003316938877105713,0.0,0.8022743463516235,0.7989574074745178,1.3253309726715088,1.3407816886901855,0.9073251647771107,1.0,284.0,209.0,1.0,1.0,0.09128904342651367,0.029754204398447608,0.22092089155773265,True,model_input_only,True,False,True,True
Graph,brca,2C_numeric_smiles_context,GAT,groupcv,results/20260424_multicancer_stad_protocol_rerun/step4_models/fs_a_stad_baseline/graph_step4_3_2model_full/brca/2C_numeric_smiles_context/GAT/groupcv,graph_2model_full,skip_existing_only,0.26686773534865676,0.27103693293373426,0.18477668529237032,3.1054891919915892,2.355323020412294,-0.4195374648128453,0.5396418571472168,0.0984235629439354,0.8065095543861389,0.2668677270412445,1.3081536293029785,3.1054890155792236,0.026413195627035008,0.26666666666666666,0.0,11.0,0.0,0.13833615608336078,-1.1761983235677084e-05,0.057240233151776086,0.0004423519704285981,True,model_input_only,True,False,True,True
Graph,brca,2C_numeric_smiles_context,GAT,unseen_drug,results/20260424_multicancer_stad_protocol_rerun/step4_models/fs_a_stad_baseline/graph_step4_3_2model_full/brca/2C_numeric_smiles_context/GAT/unseen_drug,graph_2model_full,skip_existing_only,0.32222462283003755,0.4371524979925327,0.22129721948560815,2.959044057624901,2.2859272664562407,-0.11613287814189555,0.48136019706726074,0.0,0.8035848140716553,0.32222461700439453,1.2508735656738281,2.9590439796447754,0.17252625787452053,0.2,0.0,10.0,0.0,0.20408163265306123,0.346210241317749,0.07675375918544944,1.6329447270880188e-06,True,model_input_only,True,False,True,True
Graph,brca,2C_numeric_smiles_context,GAT,cv,results/20260424_multicancer_stad_protocol_rerun/step4_models/fs_a_stad_baseline/graph_step4_3_2model_full/brca/2C_numeric_smiles_context/GAT/cv,graph_2model_full,skip_existing_only,0.777695621858304,0.8468457627500278,0.5953578365674898,1.3974553490074808,1.0332046962669148,0.7164705258050219,0.029521048069000244,0.00866693165153265,0.8072166442871094,0.7776956558227539,1.3088364601135254,1.3974553346633911,0.8775345208102506,1.0,285.0,210.0,0.9884894243785997,0.9844661262290259,3.6557515462239585e-06,0.02649029456841759,0.2171403552506631,True,model_input_only,True,False,True,True
Graph,brca,2C_numeric_smiles_context,GraphSAGE,scaffoldcv,results/20260424_multicancer_stad_protocol_rerun/step4_models/fs_a_stad_baseline/graph_step4_3_2model_full/brca/2C_numeric_smiles_context/GraphSAGE/scaffoldcv,graph_2model_full,skip_existing_only,0.3562309985873096,0.3710427979628245,0.2459019298402653,3.9005879409218944,3.1169170141220093,-1.8067369659741719,0.3951963186264038,0.10818560421466827,0.7514273524284363,0.3562309741973877,1.4550790786743164,3.900588035583496,0.1511335487579136,0.5555555555555555,0.0,0.0,0.0,0.0,-1.533826192220052e-05,0.038841211054895276,0.12885177723524274,True,model_input_only,True,False,True,True
Graph,brca,2C_numeric_smiles_context,GraphSAGE,holdout,results/20260424_multicancer_stad_protocol_rerun/step4_models/fs_a_stad_baseline/graph_step4_3_2model_full/brca/2C_numeric_smiles_context/GraphSAGE/holdout,graph_2model_full,skip_existing_only,0.7492482078719762,0.8221981525421143,0.5630221088451658,1.5191073966518154,1.1565477848052979,0.6630504131317139,0.006031632423400879,0.0,0.7552798390388489,0.749248206615448,1.4958328008651733,1.5191073417663574,0.8742292569528541,1.0,284.0,209.0,1.0,1.0,0.09128904342651367,0.029754204398447608,0.22092089155773265,True,model_input_only,True,False,True,True
Graph,brca,2C_numeric_smiles_context,GraphSAGE,groupcv,results/20260424_multicancer_stad_protocol_rerun/step4_models/fs_a_stad_baseline/graph_step4_3_2model_full/brca/2C_numeric_smiles_context/GraphSAGE/groupcv,graph_2model_full,skip_existing_only,0.29386365072911896,0.2749770830074946,0.20452259998310196,3.004287810852633,2.1549818913141885,-0.37250572443008423,0.45426812767982483,0.11408757418394089,0.7481317520141602,0.2938636541366577,1.4939371347427368,3.0042877197265625,0.09506716832313593,0.35555555555555557,0.0,11.0,0.0,0.13833615608336078,-1.1761983235677084e-05,0.057240233151776086,0.0004423519704285981,True,model_input_only,True,False,True,True
Graph,brca,2C_numeric_smiles_context,GraphSAGE,unseen_drug,results/20260424_multicancer_stad_protocol_rerun/step4_models/fs_a_stad_baseline/graph_step4_3_2model_full/brca/2C_numeric_smiles_context/GraphSAGE/unseen_drug,graph_2model_full,skip_existing_only,0.30456087523770464,0.425176203250885,0.20755847543282835,2.714458542534438,2.1401560306549072,0.06075376272201538,0.4260614812374115,0.0,0.7306223511695862,0.3045608699321747,1.4740570783615112,2.714458465576172,0.5549697084847551,0.6,0.0,10.0,0.0,0.20408163265306123,0.346210241317749,0.07675375918544944,1.6329447270880188e-06,True,model_input_only,True,False,True,True
Graph,brca,2C_numeric_smiles_context,GraphSAGE,cv,results/20260424_multicancer_stad_protocol_rerun/step4_models/fs_a_stad_baseline/graph_step4_3_2model_full/brca/2C_numeric_smiles_context/GraphSAGE/cv,graph_2model_full,skip_existing_only,0.7397070916408349,0.8128018180529276,0.5551617420717342,1.5442920116380676,1.1645195881525676,0.6534545421600342,0.012320299632847309,0.024238502606749535,0.7520273327827454,0.7397070527076721,1.49969482421875,1.5442920923233032,0.8539947257186271,1.0,285.0,210.0,0.9884894243785997,0.9844661262290259,3.6557515462239585e-06,0.02649029456841759,0.2171403552506631,True,model_input_only,True,False,True,True
Graph,brca,2B_numeric_smiles,GAT,scaffoldcv,results/20260424_multicancer_stad_protocol_rerun/step4_models/fs_a_stad_baseline/graph_step4_3_2model_full/brca/2B_numeric_smiles/GAT/scaffoldcv,graph_2model_full,skip_existing_only,0.28205568816795207,0.37778966803949404,0.19447654236755665,2.8751215660435854,2.1989032861138815,-0.22503757184345244,0.50927734375,0.07259183377027512,0.791333019733429,0.28205570578575134,1.3481639623641968,2.8751213550567627,0.11202194991171215,0.3444444444444444,0.0,0.0,0.0,0.0,-1.533826192220052e-05,0.038841211054895276,0.12885177723524274,True,model_input_only,True,False,True,True
Graph,brca,2B_numeric_smiles,GAT,holdout,results/20260424_multicancer_stad_protocol_rerun/step4_models/fs_a_stad_baseline/graph_step4_3_2model_full/brca/2B_numeric_smiles/GAT/holdout,graph_2model_full,skip_existing_only,0.7866288749354283,0.8510088569875746,0.6025069736831346,1.3772473185511471,1.0251042545882634,0.7230433558023159,0.007037758827209473,0.0,0.793666660785675,0.7866289019584656,1.3630329370498657,1.3772473335266113,0.9103312736221307,1.0,284.0,209.0,1.0,1.0,0.09128904342651367,0.029754204398447608,0.22092089155773265,True,model_input_only,True,False,True,True
Graph,brca,2B_numeric_smiles,GAT,groupcv,results/20260424_multicancer_stad_protocol_rerun/step4_models/fs_a_stad_baseline/graph_step4_3_2model_full/brca/2B_numeric_smiles/GAT/groupcv,graph_2model_full,skip_existing_only,0.2597016983405628,0.31319984625066777,0.17833700129578353,2.7997910781370705,2.157288636125565,-0.14598401567689848,0.5351182818412781,0.10133934020996094,0.7948200106620789,0.2597016990184784,1.3483840227127075,2.799791097640991,0.07565912989045986,0.37777777777777777,0.0,11.0,0.0,0.13833615608336078,-1.1761983235677084e-05,0.057240233151776086,0.0004423519704285981,True,model_input_only,True,False,True,True
Graph,brca,2B_numeric_smiles,GAT,unseen_drug,results/20260424_multicancer_stad_protocol_rerun/step4_models/fs_a_stad_baseline/graph_step4_3_2model_full/brca/2B_numeric_smiles/GAT/unseen_drug,graph_2model_full,skip_existing_only,0.25016225018130706,0.39045025909691033,0.1729878823078444,3.123029254852095,2.3967539296145257,-0.2432691100973403,0.5422371029853821,0.0,0.7923993468284607,0.2501622438430786,1.3024007081985474,3.1230292320251465,0.2012260892450833,0.36666666666666664,0.0,10.0,0.0,0.20408163265306123,0.346210241317749,0.07675375918544944,1.6329447270880188e-06,True,model_input_only,True,False,True,True
Graph,brca,2B_numeric_smiles,GAT,cv,results/20260424_multicancer_stad_protocol_rerun/step4_models/fs_a_stad_baseline/graph_step4_3_2model_full/brca/2B_numeric_smiles/GAT/cv,graph_2model_full,skip_existing_only,0.7663719458614683,0.8379167433067859,0.5839800141353128,1.4346059657165364,1.0547070272756291,0.7011956141007936,0.03256239369511604,0.007802876178175211,0.798934280872345,0.7663719654083252,1.3421169519424438,1.4346059560775757,0.8804049158328532,1.0,285.0,210.0,0.9884894243785997,0.9844661262290259,3.6557515462239585e-06,0.02649029456841759,0.2171403552506631,True,model_input_only,True,False,True,True
Graph,brca,2B_numeric_smiles,GraphSAGE,scaffoldcv,results/20260424_multicancer_stad_protocol_rerun/step4_models/fs_a_stad_baseline/graph_step4_3_2model_full/brca/2B_numeric_smiles/GraphSAGE/scaffoldcv,graph_2model_full,skip_existing_only,0.3705084089269868,0.3824837307135264,0.2560415763162864,3.6338673031943287,2.893934488296509,-1.332314411799113,0.39729297161102295,0.08011648803949356,0.7678013443946838,0.3705084025859833,1.4099539518356323,3.6338672637939453,0.1548381074270391,0.5333333333333333,0.0,0.0,0.0,0.0,-1.533826192220052e-05,0.038841211054895276,0.12885177723524274,True,model_input_only,True,False,True,True
Graph,brca,2B_numeric_smiles,GraphSAGE,holdout,results/20260424_multicancer_stad_protocol_rerun/step4_models/fs_a_stad_baseline/graph_step4_3_2model_full/brca/2B_numeric_smiles/GraphSAGE/holdout,graph_2model_full,skip_existing_only,0.7619211335144684,0.8319154381752014,0.578518993870139,1.4639025296454986,1.094137191772461,0.6870951652526855,0.00945812463760376,0.0,0.7713792324066162,0.7619211077690125,1.4434820413589478,1.463902473449707,0.9019982986924325,1.0,284.0,209.0,1.0,1.0,0.09128904342651367,0.029754204398447608,0.22092089155773265,True,model_input_only,True,False,True,True
Graph,brca,2B_numeric_smiles,GraphSAGE,groupcv,results/20260424_multicancer_stad_protocol_rerun/step4_models/fs_a_stad_baseline/graph_step4_3_2model_full/brca/2B_numeric_smiles/GraphSAGE/groupcv,graph_2model_full,skip_existing_only,0.29536106063622625,0.29999051491419476,0.20448251190517044,2.819306120064694,2.0755687952041626,-0.1819699009259542,0.44499292969703674,0.0864347368478775,0.7403540015220642,0.29536107182502747,1.5416560173034668,2.8193061351776123,0.07515341848880741,0.31111111111111106,0.0,11.0,0.0,0.13833615608336078,-1.1761983235677084e-05,0.057240233151776086,0.0004423519704285981,True,model_input_only,True,False,True,True
Graph,brca,2B_numeric_smiles,GraphSAGE,unseen_drug,results/20260424_multicancer_stad_protocol_rerun/step4_models/fs_a_stad_baseline/graph_step4_3_2model_full/brca/2B_numeric_smiles/GraphSAGE/unseen_drug,graph_2model_full,skip_existing_only,0.3905319755443396,0.4319111406803131,0.26847800621584894,2.7209902774086125,2.074260950088501,0.0562281608581543,0.3879230320453644,0.0,0.7784550189971924,0.390531986951828,1.3413511514663696,2.7209901809692383,0.1476227462599743,0.3333333333333333,0.0,10.0,0.0,0.20408163265306123,0.346210241317749,0.07675375918544944,1.6329447270880188e-06,True,model_input_only,True,False,True,True
Graph,brca,2B_numeric_smiles,GraphSAGE,cv,results/20260424_multicancer_stad_protocol_rerun/step4_models/fs_a_stad_baseline/graph_step4_3_2model_full/brca/2B_numeric_smiles/GraphSAGE/cv,graph_2model_full,skip_existing_only,0.7096440856566657,0.8021514217058817,0.5300785105585843,1.5879366591215132,1.2002570231755574,0.6339083711306254,0.026377081871032715,0.01825929991900921,0.736021101474762,0.709644079208374,1.5168648958206177,1.5879367589950562,0.8633089099942642,0.9888888888888889,285.0,210.0,0.9884894243785997,0.9844661262290259,3.6557515462239585e-06,0.02649029456841759,0.2171403552506631,True,model_input_only,True,False,True,True
Graph,crc,2A_numeric,GAT,scaffoldcv,results/20260424_multicancer_stad_protocol_rerun/step4_models/fs_a_stad_baseline/graph_step4_3_2model_full/crc/2A_numeric/GAT/scaffoldcv,graph_2model_full,skip_existing_only,0.2513526220894908,0.2562230313000986,0.1718268401015599,2.6349117097700003,2.0517525934488585,0.059369811988764974,0.013356621377170086,0.01636192761361599,0.2647092342376709,0.2513526380062103,2.6192474365234375,2.6349117755889893,0.2309110762002091,0.5888888888888889,0.0,0.0,0.0,0.0,3.250439961751302e-05,0.0559185762663618,0.0029784188983603597,True,model_input_only,False,False,True,True
Graph,crc,2A_numeric,GAT,holdout,results/20260424_multicancer_stad_protocol_rerun/step4_models/fs_a_stad_baseline/graph_step4_3_2model_full/crc/2A_numeric/GAT/holdout,graph_2model_full,skip_existing_only,0.2701070535888775,0.2773589590315709,0.18444351463540573,2.5982671018697308,1.9985174678671807,0.07679016608820344,-0.010572880506515503,0.0,0.25953418016433716,0.27010706067085266,2.6285290718078613,2.598267078399658,0.1653781496438958,0.6,289.0,214.0,1.0,1.0,-0.0155029296875,0.017380618339557723,0.7283501452982629,True,model_input_only,False,False,True,True
Graph,crc,2A_numeric,GAT,groupcv,results/20260424_multicancer_stad_protocol_rerun/step4_models/fs_a_stad_baseline/graph_step4_3_2model_full/crc/2A_numeric/GAT/groupcv,graph_2model_full,skip_existing_only,0.26138839141124925,0.26408555855538546,0.17843165347753717,2.627314940805933,2.036007620118219,0.06356947642886501,0.0035461534280329943,0.013843882828950882,0.2649345397949219,0.2613883912563324,2.618518114089966,2.627314805984497,0.12501776297677444,0.5777777777777778,0.0,12.333333333333334,0.0,0.15517815517815517,2.7020772298177082e-05,0.06192166331152112,0.0014386910202053083,True,model_input_only,False,False,True,True
Graph,crc,2A_numeric,GAT,unseen_drug,results/20260424_multicancer_stad_protocol_rerun/step4_models/fs_a_stad_baseline/graph_step4_3_2model_full/crc/2A_numeric/GAT/unseen_drug,graph_2model_full,skip_existing_only,0.24311789334878917,0.2582964103366292,0.16504646867780604,2.7675911826400568,2.1422877059194434,0.05567870743954495,0.024936020374298096,0.0,0.26805391907691956,0.24311789870262146,2.586982011795044,2.7675912380218506,0.40968243791765974,0.6666666666666666,0.0,10.0,0.0,0.20408163265306123,0.2846834659576416,0.05389594023834097,0.0003072319257805633,True,model_input_only,False,False,True,True
Graph,crc,2A_numeric,GAT,cv,results/20260424_multicancer_stad_protocol_rerun/step4_models/fs_a_stad_baseline/graph_step4_3_2model_full/crc/2A_numeric/GAT/cv,graph_2model_full,skip_existing_only,0.25026566659803984,0.25644059333151764,0.17070542900778998,2.6317294949082193,2.034835791807105,0.06480875293710386,0.015269543044269085,0.013232600875198841,0.2655352056026459,0.2502656877040863,2.619489908218384,2.6317296028137207,0.052914716666269235,0.6222222222222222,292.6666666666667,217.66666666666666,1.0,1.0,-1.430511474609375e-06,0.026184209789849422,0.21230344421985425,True,model_input_only,False,False,True,True
Graph,crc,2A_numeric,GraphSAGE,scaffoldcv,results/20260424_multicancer_stad_protocol_rerun/step4_models/fs_a_stad_baseline/graph_step4_3_2model_full/crc/2A_numeric/GraphSAGE/scaffoldcv,graph_2model_full,skip_existing_only,0.2513526220894908,0.25622303287188214,0.1718268401015599,2.6349117961778368,2.0517528454462686,0.05936974287033081,0.013356621377170086,0.01636192761361599,0.2647092342376709,0.2513526380062103,2.6192474365234375,2.6349117755889893,0.2309110762002091,0.5888888888888889,0.0,0.0,0.0,0.0,3.250439961751302e-05,0.0559185762663618,0.0029784188983603597,True,model_input_only,False,False,True,True
Graph,crc,2A_numeric,GraphSAGE,holdout,results/20260424_multicancer_stad_protocol_rerun/step4_models/fs_a_stad_baseline/graph_step4_3_2model_full/crc/2A_numeric/GraphSAGE/holdout,graph_2model_full,skip_existing_only,0.2701070535888775,0.2773589789867401,0.18444351463540573,2.5982671721988524,1.9985175132751465,0.07679015398025513,-0.010572880506515503,0.0,0.25953418016433716,0.27010706067085266,2.6285290718078613,2.598267078399658,0.1653781496438958,0.6,289.0,214.0,1.0,1.0,-0.0155029296875,0.017380618339557723,0.7283501452982629,True,model_input_only,False,False,True,True
Graph,crc,2A_numeric,GraphSAGE,groupcv,results/20260424_multicancer_stad_protocol_rerun/step4_models/fs_a_stad_baseline/graph_step4_3_2model_full/crc/2A_numeric/GraphSAGE/groupcv,graph_2model_full,skip_existing_only,0.26138839141124925,0.26408560077349347,0.17843165347753717,2.627314871075687,2.0360076427459717,0.06356950600941975,0.0035461534280329943,0.013843882828950882,0.2649345397949219,0.2613883912563324,2.618518114089966,2.627314805984497,0.12501776297677444,0.5777777777777778,0.0,12.333333333333334,0.0,0.15517815517815517,2.7020772298177082e-05,0.06192166331152112,0.0014386910202053083,True,model_input_only,False,False,True,True
Graph,crc,2A_numeric,GraphSAGE,unseen_drug,results/20260424_multicancer_stad_protocol_rerun/step4_models/fs_a_stad_baseline/graph_step4_3_2model_full/crc/2A_numeric/GraphSAGE/unseen_drug,graph_2model_full,skip_existing_only,0.24311789334878917,0.2582963705062866,0.16504646867780604,2.7675912193144714,2.1422877311706543,0.05567866563796997,0.024936020374298096,0.0,0.26805391907691956,0.24311789870262146,2.586982011795044,2.7675912380218506,0.40968243791765974,0.6666666666666666,0.0,10.0,0.0,0.20408163265306123,0.2846834659576416,0.05389594023834097,0.0003072319257805633,True,model_input_only,False,False,True,True
Graph,crc,2A_numeric,GraphSAGE,cv,results/20260424_multicancer_stad_protocol_rerun/step4_models/fs_a_stad_baseline/graph_step4_3_2model_full/crc/2A_numeric/GraphSAGE/cv,graph_2model_full,skip_existing_only,0.25026566659803984,0.2564406494299571,0.17070542900778998,2.631729466206123,2.0348358949025473,0.06480880578358968,0.015269543044269085,0.013232600875198841,0.2655352056026459,0.2502656877040863,2.619489908218384,2.6317296028137207,0.052914716666269235,0.6222222222222222,292.6666666666667,217.66666666666666,1.0,1.0,-1.430511474609375e-06,0.026184209789849422,0.21230344421985425,True,model_input_only,False,False,True,True
Graph,crc,2C_numeric_smiles_context,GAT,scaffoldcv,results/20260424_multicancer_stad_protocol_rerun/step4_models/fs_a_stad_baseline/graph_step4_3_2model_full/crc/2C_numeric_smiles_context/GAT/scaffoldcv,graph_2model_full,skip_existing_only,0.33516517110369665,0.3293643104022395,0.229002493095133,3.3059449450552107,2.5919849713124097,-0.5359591322257539,0.48812928795814514,0.10099687427282333,0.823294460773468,0.3351651728153229,1.3062993288040161,3.3059451580047607,0.14848100667641484,0.5333333333333333,0.0,0.0,0.0,0.0,3.250439961751302e-05,0.0559185762663618,0.0029784188983603597,True,model_input_only,True,False,True,True
Graph,crc,2C_numeric_smiles_context,GAT,holdout,results/20260424_multicancer_stad_protocol_rerun/step4_models/fs_a_stad_baseline/graph_step4_3_2model_full/crc/2C_numeric_smiles_context/GAT/holdout,graph_2model_full,skip_existing_only,0.7901989745716644,0.8554125627520506,0.6069854217779821,1.4036617940215452,1.0509860360342649,0.7305626545566754,0.04067903757095337,0.0,0.8308780193328857,0.7901989817619324,1.3049370050430298,1.403661847114563,0.9485294313310947,0.9666666666666667,289.0,214.0,1.0,1.0,-0.0155029296875,0.017380618339557723,0.7283501452982629,True,model_input_only,True,False,True,True
Graph,crc,2C_numeric_smiles_context,GAT,groupcv,results/20260424_multicancer_stad_protocol_rerun/step4_models/fs_a_stad_baseline/graph_step4_3_2model_full/crc/2C_numeric_smiles_context/GAT/groupcv,graph_2model_full,skip_existing_only,0.3984098155664211,0.4240896150056918,0.2779586538831628,2.775085196219879,2.1346542546346217,-0.06074635714335297,0.4307946264743805,0.10974393784999847,0.8292044997215271,0.39840981364250183,1.2969509363174438,2.775085210800171,0.18807630376852938,0.6777777777777777,0.0,12.333333333333334,0.0,0.15517815517815517,2.7020772298177082e-05,0.06192166331152112,0.0014386910202053083,True,model_input_only,True,False,True,True
Graph,crc,2C_numeric_smiles_context,GAT,unseen_drug,results/20260424_multicancer_stad_protocol_rerun/step4_models/fs_a_stad_baseline/graph_step4_3_2model_full/crc/2C_numeric_smiles_context/GAT/unseen_drug,graph_2model_full,skip_existing_only,0.40284515918424346,0.5360076489483133,0.2786025377245948,2.5946498357059924,2.07544699043404,0.1700089364029861,0.4218016564846039,0.0,0.8246468305587769,0.402845174074173,1.2671164274215698,2.5946497917175293,0.21283030662643843,0.23333333333333334,0.0,10.0,0.0,0.20408163265306123,0.2846834659576416,0.05389594023834097,0.0003072319257805633,True,model_input_only,True,False,True,True
Graph,crc,2C_numeric_smiles_context,GAT,cv,results/20260424_multicancer_stad_protocol_rerun/step4_models/fs_a_stad_baseline/graph_step4_3_2model_full/crc/2C_numeric_smiles_context/GAT/cv,graph_2model_full,skip_existing_only,0.8055454500605596,0.8615693216867905,0.6239138172048134,1.383310393957963,1.0312563787022995,0.7415661881377629,0.02248903177678585,0.005686333402991295,0.8280344605445862,0.8055455088615417,1.3054379224777222,1.383310317993164,0.87736681942418,1.0,292.6666666666667,217.66666666666666,1.0,1.0,-1.430511474609375e-06,0.026184209789849422,0.21230344421985425,True,model_input_only,True,False,True,True
Graph,crc,2C_numeric_smiles_context,GraphSAGE,scaffoldcv,results/20260424_multicancer_stad_protocol_rerun/step4_models/fs_a_stad_baseline/graph_step4_3_2model_full/crc/2C_numeric_smiles_context/GraphSAGE/scaffoldcv,graph_2model_full,skip_existing_only,0.28895000033138435,0.24923643469810486,0.19792640533301972,4.1956199424499045,2.6535300413767495,-1.502257267634074,0.5073921084403992,0.09190181642770767,0.796342134475708,0.28894999623298645,1.398354172706604,4.195620059967041,0.17505752683629508,0.3888888888888889,0.0,0.0,0.0,0.0,3.250439961751302e-05,0.0559185762663618,0.0029784188983603597,True,model_input_only,True,False,True,True
Graph,crc,2C_numeric_smiles_context,GraphSAGE,holdout,results/20260424_multicancer_stad_protocol_rerun/step4_models/fs_a_stad_baseline/graph_step4_3_2model_full/crc/2C_numeric_smiles_context/GraphSAGE/holdout,graph_2model_full,skip_existing_only,0.7717782204429673,0.8432919383049011,0.5876149510633455,1.4553033232036083,1.1001968383789062,0.7103724479675293,0.035707831382751465,0.0,0.8074860572814941,0.7717782258987427,1.3847157955169678,1.4553033113479614,0.945310001174835,0.9666666666666667,289.0,214.0,1.0,1.0,-0.0155029296875,0.017380618339557723,0.7283501452982629,True,model_input_only,True,False,True,True
Graph,crc,2C_numeric_smiles_context,GraphSAGE,groupcv,results/20260424_multicancer_stad_protocol_rerun/step4_models/fs_a_stad_baseline/graph_step4_3_2model_full/crc/2C_numeric_smiles_context/GraphSAGE/groupcv,graph_2model_full,skip_existing_only,0.38150829891390653,0.3916916847229004,0.26402917796431696,2.8076010945422643,2.1294145981470742,-0.06593799591064453,0.40428924560546875,0.052507005631923676,0.7857975363731384,0.38150832056999207,1.4476056098937988,2.8076012134552,0.07310614442866457,0.3444444444444444,0.0,12.333333333333334,0.0,0.15517815517815517,2.7020772298177082e-05,0.06192166331152112,0.0014386910202053083,True,model_input_only,True,False,True,True
Graph,crc,2C_numeric_smiles_context,GraphSAGE,unseen_drug,results/20260424_multicancer_stad_protocol_rerun/step4_models/fs_a_stad_baseline/graph_step4_3_2model_full/crc/2C_numeric_smiles_context/GraphSAGE/unseen_drug,graph_2model_full,skip_existing_only,0.3407258932449642,0.4333615303039551,0.23477528973167042,2.704637402049025,2.1317923069000244,0.09815061092376709,0.45897525548934937,0.0,0.7997011542320251,0.3407258987426758,1.3596197366714478,2.704637289047241,0.3127265718539676,0.5333333333333333,0.0,10.0,0.0,0.20408163265306123,0.2846834659576416,0.05389594023834097,0.0003072319257805633,True,model_input_only,True,False,True,True
Graph,crc,2C_numeric_smiles_context,GraphSAGE,cv,results/20260424_multicancer_stad_protocol_rerun/step4_models/fs_a_stad_baseline/graph_step4_3_2model_full/crc/2C_numeric_smiles_context/GraphSAGE/cv,graph_2model_full,skip_existing_only,0.750408022732232,0.8152535160382589,0.5697113978850493,1.6126670251123965,1.2239930629730225,0.6403141220410665,0.014645715244114399,0.06035686284303665,0.7650537490844727,0.7504079937934875,1.5624942779541016,1.6126670837402344,0.849124235327701,1.0,292.6666666666667,217.66666666666666,1.0,1.0,-1.430511474609375e-06,0.026184209789849422,0.21230344421985425,True,model_input_only,True,False,True,True
Graph,crc,2B_numeric_smiles,GAT,scaffoldcv,results/20260424_multicancer_stad_protocol_rerun/step4_models/fs_a_stad_baseline/graph_step4_3_2model_full/crc/2B_numeric_smiles/GAT/scaffoldcv,graph_2model_full,skip_existing_only,0.2500430170840118,0.2739340133511173,0.1720647779659484,3.1020050193725885,2.38322427926641,-0.3093162465838634,0.5601179003715515,0.07044614106416702,0.8101608157157898,0.25004300475120544,1.3465081453323364,3.1020050048828125,0.14886835433876147,0.6333333333333333,0.0,0.0,0.0,0.0,3.250439961751302e-05,0.0559185762663618,0.0029784188983603597,True,model_input_only,True,False,True,True
Graph,crc,2B_numeric_smiles,GAT,holdout,results/20260424_multicancer_stad_protocol_rerun/step4_models/fs_a_stad_baseline/graph_step4_3_2model_full/crc/2B_numeric_smiles/GAT/holdout,graph_2model_full,skip_existing_only,0.7772687026634071,0.8469880594197099,0.5950945914967635,1.4396007288224866,1.0719777579757743,0.7165888393946449,0.04251134395599365,0.0,0.8197800517082214,0.7772687077522278,1.3423243761062622,1.4396007061004639,0.9508669399234089,0.9666666666666667,289.0,214.0,1.0,1.0,-0.0155029296875,0.017380618339557723,0.7283501452982629,True,model_input_only,True,False,True,True
Graph,crc,2B_numeric_smiles,GAT,groupcv,results/20260424_multicancer_stad_protocol_rerun/step4_models/fs_a_stad_baseline/graph_step4_3_2model_full/crc/2B_numeric_smiles/GAT/groupcv,graph_2model_full,skip_existing_only,0.38338616421515725,0.4681503023304899,0.26797503685721674,2.510891080888476,1.955974843049691,0.13966170078450826,0.4301992952823639,0.10723639279603958,0.8135854601860046,0.38338613510131836,1.347826361656189,2.5108909606933594,0.21530235995251132,0.7555555555555555,0.0,12.333333333333334,0.0,0.15517815517815517,2.7020772298177082e-05,0.06192166331152112,0.0014386910202053083,True,model_input_only,True,False,True,True
Graph,crc,2B_numeric_smiles,GAT,unseen_drug,results/20260424_multicancer_stad_protocol_rerun/step4_models/fs_a_stad_baseline/graph_step4_3_2model_full/crc/2B_numeric_smiles/GAT/unseen_drug,graph_2model_full,skip_existing_only,0.3180020479644774,0.5278753339155858,0.21875023047424033,2.589629465615928,2.121892543013012,0.17321771705371525,0.493244469165802,0.0,0.8112465143203735,0.31800204515457153,1.3126864433288574,2.5896294116973877,0.29546046896073663,0.26666666666666666,0.0,10.0,0.0,0.20408163265306123,0.2846834659576416,0.05389594023834097,0.0003072319257805633,True,model_input_only,True,False,True,True
Graph,crc,2B_numeric_smiles,GAT,cv,results/20260424_multicancer_stad_protocol_rerun/step4_models/fs_a_stad_baseline/graph_step4_3_2model_full/crc/2B_numeric_smiles/GAT/cv,graph_2model_full,skip_existing_only,0.7946983216703954,0.8545215406864157,0.6132291845375653,1.4150203948941866,1.0520914045297534,0.7295209257614269,0.02232184074819088,0.009093305096030235,0.8170201182365417,0.7946982979774475,1.342018723487854,1.41502046585083,0.8779656907245149,1.0,292.6666666666667,217.66666666666666,1.0,1.0,-1.430511474609375e-06,0.026184209789849422,0.21230344421985425,True,model_input_only,True,False,True,True
Graph,crc,2B_numeric_smiles,GraphSAGE,scaffoldcv,results/20260424_multicancer_stad_protocol_rerun/step4_models/fs_a_stad_baseline/graph_step4_3_2model_full/crc/2B_numeric_smiles/GraphSAGE/scaffoldcv,graph_2model_full,skip_existing_only,0.3131024593122922,0.33942943811416626,0.21565196572145426,2.899257526486911,2.1883949438730874,-0.13676214218139648,0.4708019196987152,0.034346092492341995,0.7839043140411377,0.31310245394706726,1.4279985427856445,2.8992576599121094,0.2443848781753409,0.7000000000000001,0.0,0.0,0.0,0.0,3.250439961751302e-05,0.0559185762663618,0.0029784188983603597,True,model_input_only,True,False,True,True
Graph,crc,2B_numeric_smiles,GraphSAGE,holdout,results/20260424_multicancer_stad_protocol_rerun/step4_models/fs_a_stad_baseline/graph_step4_3_2model_full/crc/2B_numeric_smiles/GraphSAGE/holdout,graph_2model_full,skip_existing_only,0.7587441765235566,0.8341641426086426,0.575843918003531,1.4963785801759362,1.1330240964889526,0.6937925219535828,0.03428149223327637,0.0,0.7930256724357605,0.7587441802024841,1.432337760925293,1.4963785409927368,0.9612072656353461,0.9666666666666667,289.0,214.0,1.0,1.0,-0.0155029296875,0.017380618339557723,0.7283501452982629,True,model_input_only,True,False,True,True
Graph,crc,2B_numeric_smiles,GraphSAGE,groupcv,results/20260424_multicancer_stad_protocol_rerun/step4_models/fs_a_stad_baseline/graph_step4_3_2model_full/crc/2B_numeric_smiles/GraphSAGE/groupcv,graph_2model_full,skip_existing_only,0.3575821733440497,0.4024829864501953,0.24911237480079626,2.7230631879375413,2.0936338106791177,-0.014693915843963623,0.42612385749816895,0.05225513130426407,0.78370600938797,0.3575821816921234,1.4432369470596313,2.7230632305145264,0.07202614839239974,0.4666666666666666,0.0,12.333333333333334,0.0,0.15517815517815517,2.7020772298177082e-05,0.06192166331152112,0.0014386910202053083,True,model_input_only,True,False,True,True
Graph,crc,2B_numeric_smiles,GraphSAGE,unseen_drug,results/20260424_multicancer_stad_protocol_rerun/step4_models/fs_a_stad_baseline/graph_step4_3_2model_full/crc/2B_numeric_smiles/GraphSAGE/unseen_drug,graph_2model_full,skip_existing_only,0.33201362387172184,0.4633648097515106,0.22707491755573775,2.6776838903029496,2.1040172576904297,0.116036057472229,0.46013227105140686,0.0,0.7921459078788757,0.33201363682746887,1.3802158832550049,2.6776838302612305,0.3357657098623622,0.6,0.0,10.0,0.0,0.20408163265306123,0.2846834659576416,0.05389594023834097,0.0003072319257805633,True,model_input_only,True,False,True,True
Graph,crc,2B_numeric_smiles,GraphSAGE,cv,results/20260424_multicancer_stad_protocol_rerun/step4_models/fs_a_stad_baseline/graph_step4_3_2model_full/crc/2B_numeric_smiles/GraphSAGE/cv,graph_2model_full,skip_existing_only,0.7610515918623654,0.8284132480621338,0.5790593472563255,1.5497556603336655,1.1751254399617512,0.6732267538706461,0.015265445224940777,0.03311385214328766,0.7763170599937439,0.761051595211029,1.5044902563095093,1.5497556924819946,0.8624273349909112,1.0,292.6666666666667,217.66666666666666,1.0,1.0,-1.430511474609375e-06,0.026184209789849422,0.21230344421985425,True,model_input_only,True,False,True,True
