{
  "LightGBM": {
    "model": "LightGBM",
    "eval_mode": "groupcv",
    "fold_results": [
      {
        "fold": 1,
        "train": {
          "spearman": 0.947300994094229,
          "pearson": 0.9666659940395689,
          "r2": 0.9326378245356051,
          "rmse": 0.6884089835802936,
          "mae": 0.5272580339437473,
          "kendall_tau": 0.8092948529484523
        },
        "val": {
          "spearman": 0.43828151492609996,
          "pearson": 0.4239450888369767,
          "r2": 0.11678873369663212,
          "rmse": 2.629855558144093,
          "mae": 1.8085046385826762,
          "kendall_tau": 0.3225836036507996
        }
      },
      {
        "fold": 2,
        "train": {
          "spearman": 0.9465197618069723,
          "pearson": 0.9672109808190772,
          "r2": 0.933883985685395,
          "rmse": 0.6947129883803785,
          "mae": 0.5242061887191624,
          "kendall_tau": 0.809534905356551
        },
        "val": {
          "spearman": 0.510937916956459,
          "pearson": 0.5649196268428601,
          "r2": 0.31423771997559735,
          "rmse": 2.2413423845019667,
          "mae": 1.661691976495215,
          "kendall_tau": 0.36266858502573185
        }
      },
      {
        "fold": 3,
        "train": {
          "spearman": 0.9506173034747666,
          "pearson": 0.9693719583229241,
          "r2": 0.9381279925303041,
          "rmse": 0.686218526459858,
          "mae": 0.5219899246758695,
          "kendall_tau": 0.8168193919353777
        },
        "val": {
          "spearman": 0.49685718761725695,
          "pearson": 0.5312800645880271,
          "r2": 0.25264109223838704,
          "rmse": 2.2439575763096227,
          "mae": 1.7073574995664147,
          "kendall_tau": 0.34783406199079303
        }
      }
    ],
    "overfitting_check": {
      "threshold": 0.15,
      "gaps": [
        0.5090194791681291,
        0.4355818448505133,
        0.45376011585750964
      ],
      "mean_gap": 0.4661204799587173,
      "max_gap": 0.5090194791681291,
      "overfitting_flags": [
        true,
        true,
        true
      ],
      "n_overfitting_folds": 3,
      "warning": "\u26a0\ufe0f  Overfitting detected in 3 fold(s)"
    },
    "stability_check": {
      "threshold": 0.05,
      "val_spearman_std": 0.031461315092140583,
      "val_spearman_scores": [
        0.43828151492609996,
        0.510937916956459,
        0.49685718761725695
      ],
      "unstable": false
    }
  },
  "LightGBM_DART": {
    "model": "LightGBM_DART",
    "eval_mode": "groupcv",
    "fold_results": [
      {
        "fold": 1,
        "train": {
          "spearman": 0.9037644234888689,
          "pearson": 0.9374936134215819,
          "r2": 0.8482605065013634,
          "rmse": 1.0332080757270437,
          "mae": 0.8199664859185801,
          "kendall_tau": 0.7397239434707269
        },
        "val": {
          "spearman": 0.4204185412499144,
          "pearson": 0.3923105169906759,
          "r2": 0.11461490240309025,
          "rmse": 2.633089976198244,
          "mae": 1.8913421153151715,
          "kendall_tau": 0.3055495761259008
        }
      },
      {
        "fold": 2,
        "train": {
          "spearman": 0.9046336050838217,
          "pearson": 0.9408197056897429,
          "r2": 0.856157191667316,
          "rmse": 1.0246986469796238,
          "mae": 0.8122524566847621,
          "kendall_tau": 0.7426009776111429
        },
        "val": {
          "spearman": 0.48360369295080774,
          "pearson": 0.555085694574789,
          "r2": 0.2854073446486243,
          "rmse": 2.287971873508934,
          "mae": 1.7344068056715782,
          "kendall_tau": 0.33969815921492746
        }
      },
      {
        "fold": 3,
        "train": {
          "spearman": 0.911352859375637,
          "pearson": 0.9447174386247165,
          "r2": 0.8640203247166858,
          "rmse": 1.0173077082683213,
          "mae": 0.8069706186149126,
          "kendall_tau": 0.7533700815140145
        },
        "val": {
          "spearman": 0.4975921010786547,
          "pearson": 0.5306532971981031,
          "r2": 0.25995114110257744,
          "rmse": 2.2329563371675802,
          "mae": 1.734087683104469,
          "kendall_tau": 0.34909609293832833
        }
      }
    ],
    "overfitting_check": {
      "threshold": 0.15,
      "gaps": [
        0.48334588223895447,
        0.421029912133014,
        0.41376075829698233
      ],
      "mean_gap": 0.4393788508896503,
      "max_gap": 0.48334588223895447,
      "overfitting_flags": [
        true,
        true,
        true
      ],
      "n_overfitting_folds": 3,
      "warning": "\u26a0\ufe0f  Overfitting detected in 3 fold(s)"
    },
    "stability_check": {
      "threshold": 0.05,
      "val_spearman_std": 0.03357214006030112,
      "val_spearman_scores": [
        0.4204185412499144,
        0.48360369295080774,
        0.4975921010786547
      ],
      "unstable": false
    }
  },
  "XGBoost": {
    "model": "XGBoost",
    "eval_mode": "groupcv",
    "fold_results": [
      {
        "fold": 1,
        "train": {
          "spearman": 0.988768290519041,
          "pearson": 0.9934847344448708,
          "r2": 0.986600521138238,
          "rmse": 0.3070311441205624,
          "mae": 0.22146191755992248,
          "kendall_tau": 0.917825755714517
        },
        "val": {
          "spearman": 0.4294671678654628,
          "pearson": 0.42194757124443244,
          "r2": 0.08093804632808588,
          "rmse": 2.682699262476915,
          "mae": 1.814605589163788,
          "kendall_tau": 0.3143881887734745
        }
      },
      {
        "fold": 2,
        "train": {
          "spearman": 0.9891662413718921,
          "pearson": 0.9936242728307472,
          "r2": 0.9868755697869446,
          "rmse": 0.30952256448793986,
          "mae": 0.2228487272156521,
          "kendall_tau": 0.9179078327709854
        },
        "val": {
          "spearman": 0.4298734293558733,
          "pearson": 0.5356793295926889,
          "r2": 0.27360779955450476,
          "rmse": 2.3067843342037957,
          "mae": 1.7601331850656083,
          "kendall_tau": 0.3019737701289359
        }
      },
      {
        "fold": 3,
        "train": {
          "spearman": 0.9912746840010944,
          "pearson": 0.9943675375960239,
          "r2": 0.9884333243854482,
          "rmse": 0.29670141215735507,
          "mae": 0.21179413667356753,
          "kendall_tau": 0.9256130953777839
        },
        "val": {
          "spearman": 0.49627005510225386,
          "pearson": 0.5610459631219933,
          "r2": 0.3067315933140198,
          "rmse": 2.1612287639924297,
          "mae": 1.6588947285425255,
          "kendall_tau": 0.34489353844675236
        }
      }
    ],
    "overfitting_check": {
      "threshold": 0.15,
      "gaps": [
        0.5593011226535782,
        0.5592928120160188,
        0.49500462889884056
      ],
      "mean_gap": 0.5378661878561458,
      "max_gap": 0.5593011226535782,
      "overfitting_flags": [
        true,
        true,
        true
      ],
      "n_overfitting_folds": 3,
      "warning": "\u26a0\ufe0f  Overfitting detected in 3 fold(s)"
    },
    "stability_check": {
      "threshold": 0.05,
      "val_spearman_std": 0.03139586438100644,
      "val_spearman_scores": [
        0.4294671678654628,
        0.4298734293558733,
        0.49627005510225386
      ],
      "unstable": false
    }
  },
  "CatBoost": {
    "model": "CatBoost",
    "eval_mode": "groupcv",
    "fold_results": [
      {
        "fold": 1,
        "train": {
          "spearman": 0.9751749654190424,
          "pearson": 0.9850424678512034,
          "r2": 0.9684928493142052,
          "rmse": 0.4708071416395103,
          "mae": 0.3714987729057423,
          "kendall_tau": 0.8704734498271346
        },
        "val": {
          "spearman": 0.5451797699446443,
          "pearson": 0.5702291701029614,
          "r2": 0.3209172073440826,