{
  "LightGBM": {
    "fold_results": [
      {
        "fold": 1,
        "train": {
          "spearman": 0.9045167700822788,
          "pearson": 0.9373657895401444,
          "r2": 0.873741416805156,
          "rmse": 0.9424730334777061,
          "mae": 0.7155065812710751,
          "kendall_tau": 0.7415302261229171
        },
        "val": {
          "spearman": 0.48882040788738995,
          "pearson": 0.5321660747324097,
          "r2": 0.27212214378994115,
          "rmse": 2.3874201196666966,
          "mae": 1.717540331906788,
          "kendall_tau": 0.34776553847757385
        }
      },
      {
        "fold": 2,
        "train": {
          "spearman": 0.9069666360171437,
          "pearson": 0.9419695862372459,
          "r2": 0.8830560377270209,
          "rmse": 0.923934083317016,
          "mae": 0.6985237716145923,
          "kendall_tau": 0.7470724332700853
        },
        "val": {
          "spearman": 0.4760861884781538,
          "pearson": 0.5203770882399058,
          "r2": 0.22948172726705418,
          "rmse": 2.375816413739513,
          "mae": 1.7707462653709314,
          "kendall_tau": 0.33346820873222294
        }
      },
      {
        "fold": 3,
        "train": {
          "spearman": 0.908792924460621,
          "pearson": 0.9430488282809804,
          "r2": 0.8853948580558828,
          "rmse": 0.9339365822572699,
          "mae": 0.7083010635602309,
          "kendall_tau": 0.7504007394537761
        },
        "val": {
          "spearman": 0.575032453286606,
          "pearson": 0.5700391356100486,
          "r2": 0.3097450135926302,
          "rmse": 2.156526556954021,
          "mae": 1.606825122128379,
          "kendall_tau": 0.4061643530679298
        }
      }
    ],
    "summary": {
      "spearman": {
        "train_mean": 0.9067587768533478,
        "train_std": 0.001751909080752414,
        "val_mean": 0.5133130165507166,
        "val_std": 0.04395078110217712,
        "gap": 0.39344576030263123
      },
      "pearson": {
        "train_mean": 0.9407947346861235,
        "train_std": 0.0024643375658706082,
        "val_mean": 0.5408607661941214,
        "val_std": 0.0211861272528251,
        "gap": 0.39993396849200213
      },
      "r2": {
        "train_mean": 0.8807307708626867,
        "train_std": 0.005033608562374405,
        "val_mean": 0.27044962821654184,
        "val_std": 0.032788684676300514,
        "gap": 0.6102811426461449
      },
      "rmse": {
        "train_mean": 0.9334478996839973,
        "train_std": 0.007576378917759366,
        "val_mean": 2.3065876967867434,
        "val_std": 0.10621494171014123,
        "gap": -1.3731397971027461
      },
      "mae": {
        "train_mean": 0.7074438054819661,
        "train_std": 0.006959651548587953,
        "val_mean": 1.6983705731353662,
        "val_std": 0.06827954812876366,
        "gap": -0.9909267676534002
      },
      "kendall_tau": {
        "train_mean": 0.7463344662822595,
        "train_std": 0.003658774671441907,
        "val_mean": 0.3624660334259089,
        "val_std": 0.031445834531927,
        "gap": 0.38386843285635064
      }
    },
    "data_validation": {
      "missing_values": {
        "name": "X_numeric",
        "nan_count": 0,
        "inf_count": 0,
        "nan_ratio_pct": 0.0,
        "inf_ratio_pct": 0.0,
        "total_elements": 35165784,
        "cleaned": false
      },
      "outliers": {
        "name": "X_numeric",
        "threshold_sigma": 5.0,
        "n_outlier_columns": 828,
        "outlier_columns": [
          {
            "column_idx": 112,
            "outlier_ratio_pct": 2.576185988061577,
            "mean": 0.11378834396600723,
            "std": 0.11178160458803177
          },
          {
            "column_idx": 123,
            "outlier_ratio_pct": 2.8903550109959157,
            "mean": 0.06584493815898895,
            "std": 0.13049057126045227
          },
          {
            "column_idx": 198,
            "outlier_ratio_pct": 2.576185988061577,
            "mean": 0.07914631813764572,
            "std": 0.11765195429325104
          },
          {
            "column_idx": 285,
            "outlier_ratio_pct": 3.6443606660383288,
            "mean": 0.0576230064034462,
            "std": 0.12214100360870361
          },
          {
            "column_idx": 316,
            "outlier_ratio_pct": 2.8903550109959157,
            "mean": 0.08603162318468094,
            "std": 0.1585734337568283
          },
          {
            "column_idx": 338,
            "outlier_ratio_pct": 3.628652214891612,
            "mean": 0.1001715213060379,
            "std": 0.17159797251224518
          },
          {
            "column_idx": 341,
            "outlier_ratio_pct": 2.8903550109959157,
            "mean": 0.05701017379760742,
            "std": 0.10335937142372131
          },
          {
            "column_idx": 352,
            "outlier_ratio_pct": 3.628652214891612,
            "mean": 0.06919561326503754,
            "std": 0.15955552458763123
          },
          {
            "column_idx": 360,
            "outlier_ratio_pct": 2.8903550109959157,
            "mean": 0.9347031712532043,
            "std": 0.1196463480591774
          },
          {
            "column_idx": 577,
            "outlier_ratio_pct": 2.8903550109959157,
            "mean": 0.07281578332185745,
            "std": 0.10789764672517776
          },
          {
            "column_idx": 623,
            "outlier_ratio_pct": 3.628652214891612,
            "mean": 0.056529268622398376,
            "std": 0.15686209499835968
          },
          {
            "column_idx": 631,
            "outlier_ratio_pct": 2.8903550109959157,
            "mean": 0.07223108410835266,
            "std": 0.12386025488376617
          },
          {
            "column_idx": 650,
            "outlier_ratio_pct": 2.8903550109959157,
            "mean": 0.06137361004948616,
            "std": 0.10214868187904358
          },
          {
            "column_idx": 743,
            "outlier_ratio_pct": 2.576185988061577,
            "mean": 0.08595237135887146,
            "std": 0.10134205222129822
          },
          {
            "column_idx": 785,
            "outlier_ratio_pct": 2.8903550109959157,
            "mean": 0.9373510479927063,
            "std": 0.1208554357290268
          },
          {
            "column_idx": 888,
            "outlier_ratio_pct": 2.8903550109959157,
            "mean": 0.08600449562072754,
            "std": 0.1269092857837677
          },
          {
            "column_idx": 891,
            "outlier_ratio_pct": 3.612943763744895,
            "mean": 0.07880849391222,
            "std": 0.13534483313560486
          },
          {
            "column_idx": 1160,
            "outlier_ratio_pct": 2.576185988061577,
            "mean": 0.061791978776454926,
            "std": 0.13824960589408875
          },
          {
            "column_idx": 1314,
            "outlier_ratio_pct": 2.8903550109959157,
            "mean": 0.08386201411485672,
            "std": 0.10318563133478165
          },
          {
            "column_idx": 1386,
            "outlier_ratio_pct": 2.576185988061577,
            "mean": 0.10491790622472763,
            "std": 0.10579793155193329
          }
        ]
      }
    },
    "overfitting_check": {
      "threshold": 0.15,
      "gaps": [
        0.41569636219488887,
        0.43088044753898985,
        0.33376047117401497
      ],
      "mean_gap": 0.3934457603026312,
      "max_gap": 0.43088044753898985,
      "overfitting_flags": [
        true,
        true,
        true
      ],
      "n_overfitting_folds": 3,
      "warning": "\u26a0\ufe0f  Overfitting detected in 3 fold(s)"
    },
    "stability_check": {
      "threshold": 0.05,
      "val_spearman_std": 0.04395078110217712,
      "val_spearman_scores": [
        0.48882040788738995,
        0.4760861884781538,
        0.575032453286606
      ],