{
  "FlatMLP": {
    "model": "FlatMLP",
    "eval_mode": "holdout",
    "train": {
      "spearman": 0.8973864460325103,
      "pearson": 0.9354019160711482,
      "r2": 0.8518989425873781,
      "rmse": 1.0371273854098897,
      "mae": 0.813415849393879,
      "kendall_tau": 0.7322996586538979
    },
    "test": {
      "spearman": 0.882659878667483,
      "pearson": 0.9099860048270135,
      "r2": 0.8022552737580146,
      "rmse": 1.2217769958975973,
      "mae": 0.9337707252122212,
      "kendall_tau": 0.7092954856282192
    },
    "gap": {
      "spearman": 0.01472656736502731,
      "rmse": -0.18464961048770756
    }
  },
  "ResidualMLP": {
    "model": "ResidualMLP",
    "eval_mode": "holdout",
    "train": {
      "spearman": 0.9071810405937327,
      "pearson": 0.9437473755705603,
      "r2": 0.8821069767575052,
      "rmse": 0.9253309207916878,
      "mae": 0.716230033050145,
      "kendall_tau": 0.7464474831719141
    },
    "test": {
      "spearman": 0.8847168556789334,
      "pearson": 0.9141896986374265,
      "r2": 0.8221061554873843,
      "rmse": 1.1588305857523598,
      "mae": 0.8758838942139973,
      "kendall_tau": 0.713128268749178
    },
    "gap": {
      "spearman": 0.02246418491479929,
      "rmse": -0.23349966496067198
    }
  },
  "FTTransformer": {
    "model": "FTTransformer",
    "eval_mode": "holdout",
    "train": {
      "spearman": 0.8666114103335905,
      "pearson": 0.9099632112371371,
      "r2": 0.8115811011163742,
      "rmse": 1.1698097939236725,
      "mae": 0.8816294284261526,
      "kendall_tau": 0.6933266057832106
    },
    "test": {
      "spearman": 0.8771765662098395,
      "pearson": 0.8985778934128523,
      "r2": 0.7788880261044873,
      "rmse": 1.2919497423347621,
      "mae": 0.9383498910239196,
      "kendall_tau": 0.7021799262305576
    },
    "gap": {
      "spearman": -0.010565155876249066,
      "rmse": -0.12213994841108966
    }
  },
  "CrossAttention": {
    "model": "CrossAttention",
    "eval_mode": "holdout",
    "train": {
      "spearman": 0.8904737559741508,
      "pearson": 0.9298473197404042,
      "r2": 0.8492278542763758,
      "rmse": 1.046438187994507,
      "mae": 0.8153437997486421,
      "kendall_tau": 0.72161447714448
    },
    "test": {
      "spearman": 0.8733479940916731,
      "pearson": 0.9056149031516633,
      "r2": 0.8139241092816135,
      "rmse": 1.1851806222734256,
      "mae": 0.9100202901844605,
      "kendall_tau": 0.697459239683894
    },
    "gap": {
      "spearman": 0.01712576188247772,
      "rmse": -0.13874243427891852
    }
  },
  "TabNet": {
    "model": "TabNet",
    "eval_mode": "holdout",
    "train": {
      "spearman": 0.9709417711078608,
      "pearson": 0.9796490690014037,
      "r2": 0.9486247670855579,
      "rmse": 0.6108434540514202,
      "mae": 0.44394028622167475,
      "kendall_tau": 0.8602753799235824
    },
    "test": {
      "spearman": 0.868415772337572,
      "pearson": 0.9047980685782278,
      "r2": 0.8139510034601312,
      "rmse": 1.1850949700943008,
      "mae": 0.9013983334509365,
      "kendall_tau": 0.6896974839041917
    },
    "gap": {
      "spearman": 0.1025259987702889,
      "rmse": -0.5742515160428806
    }
  },
  "WideDeep": {
    "model": "WideDeep",
    "eval_mode": "holdout",
    "train": {
      "spearman": 0.8896331389311137,
      "pearson": 0.9264852415663911,
      "r2": 0.8516551740322682,
      "rmse": 1.0379805700582048,
      "mae": 0.7859124065704706,
      "kendall_tau": 0.7206641823620211
    },
    "test": {
      "spearman": 0.8818815200659166,
      "pearson": 0.9066075380945635,
      "r2": 0.8188791535820205,
      "rmse": 1.1692939655326453,
      "mae": 0.8670389213402776,
      "kendall_tau": 0.7080351560433994
    },
    "gap": {
      "spearman": 0.007751618865197152,
      "rmse": -0.13131339547444054
    }
  },
  "TabTransformer": {
    "model": "TabTransformer",
    "eval_mode": "holdout",
    "train": {
      "spearman": 0.8797675073357786,
      "pearson": 0.92269439849081,
      "r2": 0.8481213703567012,
      "rmse": 1.0502709597853295,
      "mae": 0.7952292830535537,
      "kendall_tau": 0.7100974484634791
    },
    "test": {
      "spearman": 0.883822776850603,
      "pearson": 0.9074797348572042,
      "r2": 0.8198649009693222,
      "rmse": 1.1661076922039877,
      "mae": 0.866126638769275,
      "kendall_tau": 0.7108073878503219
    },
    "gap": {
      "spearman": -0.004055269514824378,
      "rmse": -0.11583673241865822
    }
  }
}