{
  "FlatMLP": {
    "model": "FlatMLP",
    "eval_mode": "holdout",
    "train": {
      "spearman": 0.8890811877394388,
      "pearson": 0.9273569245286126,
      "r2": 0.836875635202777,
      "rmse": 1.0884599132749337,
      "mae": 0.8565294890833067,
      "kendall_tau": 0.721652996891653
    },
    "test": {
      "spearman": 0.8753479754970304,
      "pearson": 0.9034305442030474,
      "r2": 0.7984342078454989,
      "rmse": 1.233524851945701,
      "mae": 0.9551799714141143,
      "kendall_tau": 0.7005118396457409
    },
    "gap": {
      "spearman": 0.013733212242408421,
      "rmse": -0.1450649386707672
    }
  },
  "ResidualMLP": {
    "model": "ResidualMLP",
    "eval_mode": "holdout",
    "train": {
      "spearman": 0.9080902030127188,
      "pearson": 0.9420830027396829,
      "r2": 0.8659533788136078,
      "rmse": 0.9866905257121683,
      "mae": 0.7763491307103207,
      "kendall_tau": 0.7467118503197447
    },
    "test": {
      "spearman": 0.8830393548906528,
      "pearson": 0.9116893511506007,
      "r2": 0.813229416090749,
      "rmse": 1.1873909297923262,
      "mae": 0.9110154541651424,
      "kendall_tau": 0.7111600828221991
    },
    "gap": {
      "spearman": 0.02505084812206604,
      "rmse": -0.20070040408015788
    }
  },
  "FTTransformer": {
    "model": "FTTransformer",
    "eval_mode": "holdout",
    "train": {
      "spearman": 0.8638183167530799,
      "pearson": 0.9089642562886036,
      "r2": 0.8232337343169572,
      "rmse": 1.1330594987258684,
      "mae": 0.8627489354208551,
      "kendall_tau": 0.689370927403479
    },
    "test": {
      "spearman": 0.8760651808068841,
      "pearson": 0.8987682029211971,
      "r2": 0.8019260113735261,
      "rmse": 1.2227937559746491,
      "mae": 0.9047588398339341,
      "kendall_tau": 0.7007420159605968
    },
    "gap": {
      "spearman": -0.012246864053804263,
      "rmse": -0.0897342572487807
    }
  },
  "CrossAttention": {
    "model": "CrossAttention",
    "eval_mode": "holdout",
    "train": {
      "spearman": 0.8869377886330572,
      "pearson": 0.9258370986405482,
      "r2": 0.8484762434483895,
      "rmse": 1.0490432331642237,
      "mae": 0.7898343068500148,
      "kendall_tau": 0.7180251605915042
    },
    "test": {
      "spearman": 0.8761707511037765,
      "pearson": 0.9075202293085247,
      "r2": 0.8093894160546488,
      "rmse": 1.199535194596919,
      "mae": 0.8868583426610641,
      "kendall_tau": 0.7038472115521587
    },
    "gap": {
      "spearman": 0.010767037529280654,
      "rmse": -0.1504919614326954
    }
  },
  "TabNet": {
    "model": "TabNet",
    "eval_mode": "holdout",
    "train": {
      "spearman": 0.9553046376733798,
      "pearson": 0.9713244627562176,
      "r2": 0.9430011511259019,
      "rmse": 0.6434074196454881,
      "mae": 0.4970188243001014,
      "kendall_tau": 0.8232868404390717
    },
    "test": {
      "spearman": 0.8630465232713705,
      "pearson": 0.9009052667029532,
      "r2": 0.8099202791107766,
      "rmse": 1.197863637594602,
      "mae": 0.9217597521714469,
      "kendall_tau": 0.6826953788331479
    },
    "gap": {
      "spearman": 0.09225811440200926,
      "rmse": -0.5544562179491138
    }
  },
  "WideDeep": {
    "model": "WideDeep",
    "eval_mode": "holdout",
    "train": {
      "spearman": 0.8875152662292154,
      "pearson": 0.9281426802343584,
      "r2": 0.8575079132547465,
      "rmse": 1.0172984800826952,
      "mae": 0.7704488782150534,
      "kendall_tau": 0.7203599056472092
    },
    "test": {
      "spearman": 0.8846777938276084,
      "pearson": 0.9100741519355929,
      "r2": 0.8236467947060974,
      "rmse": 1.1538016817439436,
      "mae": 0.859973078041192,
      "kendall_tau": 0.7114955130052432
    },
    "gap": {
      "spearman": 0.002837472401607033,
      "rmse": -0.1365032016612484
    }
  },
  "TabTransformer": {
    "model": "TabTransformer",
    "eval_mode": "holdout",
    "train": {
      "spearman": 0.8833243507705689,
      "pearson": 0.9236471522284619,
      "r2": 0.8494417042063725,
      "rmse": 1.0456958090252801,
      "mae": 0.7877574313389164,
      "kendall_tau": 0.7135945419211761
    },
    "test": {
      "spearman": 0.8880964747526457,
      "pearson": 0.9095464277363202,
      "r2": 0.8168076933737226,
      "rmse": 1.1759615022455736,
      "mae": 0.864782925969073,
      "kendall_tau": 0.7161496067949789
    },
    "gap": {
      "spearman": -0.004772123982076826,
      "rmse": -0.13026569322029347
    }
  }
}