{
  "FlatMLP": {
    "model": "FlatMLP",
    "eval_mode": "groupcv",
    "fold_results": [
      {
        "fold": 1,
        "train": {
          "spearman": 0.8941643106827291,
          "pearson": 0.9311082412852284,
          "r2": 0.8606488453592301,
          "rmse": 0.9901335186359982,
          "mae": 0.7599611998994059,
          "kendall_tau": 0.7259372004749166
        },
        "val": {
          "spearman": 0.5574522722133305,
          "pearson": 0.5919935471749722,
          "r2": 0.3183451462634376,
          "rmse": 2.310371728638598,
          "mae": 1.6629573043133645,
          "kendall_tau": 0.3937912876093571
        }
      },
      {
        "fold": 2,
        "train": {
          "spearman": 0.8914350039464375,
          "pearson": 0.9311340551090852,
          "r2": 0.854101140454138,
          "rmse": 1.0319960489915012,
          "mae": 0.794596338796551,
          "kendall_tau": 0.7248581339164715
        },
        "val": {
          "spearman": 0.5194982749051521,
          "pearson": 0.5379174022024483,
          "r2": 0.2872086177389849,
          "rmse": 2.2850864096503924,
          "mae": 1.6832607545242642,
          "kendall_tau": 0.36350971169276747
        }
      },
      {
        "fold": 3,
        "train": {
          "spearman": 0.9003702148693683,
          "pearson": 0.937848695423029,
          "r2": 0.8461791131923122,
          "rmse": 1.0819893617287517,
          "mae": 0.8569184513627064,
          "kendall_tau": 0.7371643095770231
        },
        "val": {
          "spearman": 0.5624816984470823,
          "pearson": 0.5923439218711346,
          "r2": 0.2683345523475098,
          "rmse": 2.2202726414982914,
          "mae": 1.728016222054614,
          "kendall_tau": 0.3973287506566821
        }
      }
    ],
    "overfitting_check": {
      "threshold": 0.15,
      "gaps": [
        0.33671203846939857,
        0.3719367290412854,
        0.337888516422286
      ],
      "mean_gap": 0.34884576131098993,
      "max_gap": 0.3719367290412854,
      "overfitting_flags": [
        true,
        true,
        true
      ],
      "n_overfitting_folds": 3,
      "warning": "\u26a0\ufe0f  Overfitting detected in 3 fold(s)"
    },
    "stability_check": {
      "threshold": 0.05,
      "val_spearman_std": 0.019187309866723318,
      "val_spearman_scores": [
        0.5574522722133305,
        0.5194982749051521,
        0.5624816984470823
      ],
      "unstable": false
    }
  },
  "ResidualMLP": {
    "model": "ResidualMLP",
    "eval_mode": "groupcv",
    "fold_results": [
      {
        "fold": 1,
        "train": {
          "spearman": 0.9014961611700684,
          "pearson": 0.9349736485458804,
          "r2": 0.8582428568506523,
          "rmse": 0.9986445888265147,
          "mae": 0.7708843189061637,
          "kendall_tau": 0.7353031169818653
        },
        "val": {
          "spearman": 0.5559709403926206,
          "pearson": 0.5943871779202221,
          "r2": 0.33110933204334403,
          "rmse": 2.288638314769775,
          "mae": 1.6575208035847606,
          "kendall_tau": 0.39578404494263103
        }
      },
      {
        "fold": 2,
        "train": {
          "spearman": 0.9018101746033222,
          "pearson": 0.9387925393085494,
          "r2": 0.8789899779937687,
          "rmse": 0.939859111325979,
          "mae": 0.7055503254261929,
          "kendall_tau": 0.7387191481059979
        },
        "val": {
          "spearman": 0.5245499127052446,
          "pearson": 0.5425113210168132,
          "r2": 0.2816391874147056,
          "rmse": 2.293996356147267,
          "mae": 1.6979874420583765,
          "kendall_tau": 0.3679986719052626
        }
      },
      {
        "fold": 3,
        "train": {
          "spearman": 0.909838110384501,
          "pearson": 0.9424077098416556,
          "r2": 0.8758341338014901,
          "rmse": 0.9721123187916076,
          "mae": 0.7454894019862035,
          "kendall_tau": 0.7495755566349922
        },
        "val": {
          "spearman": 0.5672366343673874,
          "pearson": 0.5851364866805293,
          "r2": 0.32278043661721934,
          "rmse": 2.136066564325957,
          "mae": 1.5702370366030873,
          "kendall_tau": 0.4010551434906105
        }
      }
    ],
    "overfitting_check": {
      "threshold": 0.15,
      "gaps": [
        0.34552522077744774,
        0.3772602618980776,
        0.34260147601711366
      ],
      "mean_gap": 0.3551289862308797,
      "max_gap": 0.3772602618980776,
      "overfitting_flags": [
        true,
        true,
        true
      ],
      "n_overfitting_folds": 3,
      "warning": "\u26a0\ufe0f  Overfitting detected in 3 fold(s)"
    },
    "stability_check": {
      "threshold": 0.05,
      "val_spearman_std": 0.01806270881594079,
      "val_spearman_scores": [
        0.5559709403926206,
        0.5245499127052446,
        0.5672366343673874
      ],
      "unstable": false
    }
  },
  "FTTransformer": {
    "model": "FTTransformer",
    "eval_mode": "groupcv",
    "fold_results": [
      {
        "fold": 1,
        "train": {
          "spearman": 0.8748325511973,
          "pearson": 0.9109709096519086,
          "r2": 0.805730648830789,
          "rmse": 1.1690702848187964,
          "mae": 0.8725692716248976,
          "kendall_tau": 0.7005475024702418
        },
        "val": {
          "spearman": 0.5397273992615816,
          "pearson": 0.5777754173321128,
          "r2": 0.24847194963964148,
          "rmse": 2.4258960836135794,
          "mae": 1.7129094756796535,
          "kendall_tau": 0.3822487883639459
        }
      },
      {
        "fold": 2,
        "train": {
          "spearman": 0.866166522419639,
          "pearson": 0.9068234118662455,
          "r2": 0.7610029609652619,
          "rmse": 1.3208343240277067,
          "mae": 1.0210842617069045,
          "kendall_tau": 0.6924329037637559
        },
        "val": {
          "spearman": 0.5239357136972214,
          "pearson": 0.5448586800523012,
          "r2": 0.16287220707559924,
          "rmse": 2.4763799987767268,
          "mae": 1.8313215241294367,
          "kendall_tau": 0.3701772719113082
        }
      },
      {
        "fold": 3,
        "train": {
          "spearman": 0.8708384374985738,
          "pearson": 0.9130886915807117,
          "r2": 0.8263306486735547,
          "rmse": 1.1496798677372755,
          "mae": 0.8717587204482029,
          "kendall_tau": 0.6987060836130817
        },
        "val": {
          "spearman": 0.5587495709781963,
          "pearson": 0.5874173766034985,
          "r2": 0.31074439318696745,
          "rmse": 2.1549648374908714,
          "mae": 1.6392961237638115,
          "kendall_tau": 0.39545851893883793
        }
      }
    ],
    "overfitting_check": {
      "threshold": 0.15,
      "gaps": [
        0.3351051519357183,
        0.3422308087224176,
        0.3120888665203775
      ],
      "mean_gap": 0.32980827572617116,
      "max_gap": 0.3422308087224176,
      "overfitting_flags": [
        true,
        true,
        true
      ],
      "n_overfitting_folds": 3,
      "warning": "\u26a0\ufe0f  Overfitting detected in 3 fold(s)"
    },
    "stability_check": {
      "threshold": 0.05,
      "val_spearman_std": 0.014233079656443898,
      "val_spearman_scores": [
        0.5397273992615816,
        0.5239357136972214,
        0.5587495709781963
      ],
      "unstable": false
    }
  },
  "CrossAttention": {
    "model": "CrossAttention",
    "eval_mode": "groupcv",
    "fold_results": [
      {
        "fold": 1,
        "train": {
          "spearman": 0.8769582534578886,
          "pearson": 0.9167090335368369,
          "r2": 0.7715892846933752,
          "rmse": 1.2676422742714128,
          "mae": 1.0197657703405474,
          "kendall_tau": 0.7018186036773426
        },
        "val": {
          "spearman": 0.5389245484042721,
          "pearson": 0.5710647417304844,
          "r2": 0.298857091688985,