{
  "FlatMLP": {
    "model": "FlatMLP",
    "eval_mode": "groupcv",
    "fold_results": [
      {
        "fold": 1,
        "train": {
          "spearman": 0.8965093176620423,
          "pearson": 0.9291191334815735,
          "r2": 0.8547308552518649,
          "rmse": 1.0109395022509602,
          "mae": 0.7663657416868138,
          "kendall_tau": 0.7280834246760155
        },
        "val": {
          "spearman": 0.5209851808043516,
          "pearson": 0.559174760972012,
          "r2": 0.24618781398576517,
          "rmse": 2.4295798262512616,
          "mae": 1.6852111786766122,
          "kendall_tau": 0.3722832208599235
        }
      },
      {
        "fold": 2,
        "train": {
          "spearman": 0.8845603041799208,
          "pearson": 0.9274541962619262,
          "r2": 0.8101174367704186,
          "rmse": 1.1773202902881705,
          "mae": 0.9338419354773226,
          "kendall_tau": 0.7169900131808413
        },
        "val": {
          "spearman": 0.521072785389482,
          "pearson": 0.542950091025316,
          "r2": 0.21463332938835278,
          "rmse": 2.398598957396142,
          "mae": 1.8409229142244479,
          "kendall_tau": 0.3656856545151226
        }
      },
      {
        "fold": 3,
        "train": {
          "spearman": 0.8913184116405217,
          "pearson": 0.9318619869452499,
          "r2": 0.8618304561798047,
          "rmse": 1.0254665468083146,
          "mae": 0.7855558308377373,
          "kendall_tau": 0.7257533554215277
        },
        "val": {
          "spearman": 0.5338267999456784,
          "pearson": 0.5716804261309358,
          "r2": 0.28937942101400915,
          "rmse": 2.188108858945502,
          "mae": 1.648240549911844,
          "kendall_tau": 0.37777253421425194
        }
      }
    ],
    "overfitting_check": {
      "threshold": 0.15,
      "gaps": [
        0.3755241368576907,
        0.36348751879043883,
        0.35749161169484334
      ],
      "mean_gap": 0.3655010891143243,
      "max_gap": 0.3755241368576907,
      "overfitting_flags": [
        true,
        true,
        true
      ],
      "n_overfitting_folds": 3,
      "warning": "\u26a0\ufe0f  Overfitting detected in 3 fold(s)"
    },
    "stability_check": {
      "threshold": 0.05,
      "val_spearman_std": 0.006033054726844393,
      "val_spearman_scores": [
        0.5209851808043516,
        0.521072785389482,
        0.5338267999456784
      ],
      "unstable": false
    }
  },
  "ResidualMLP": {
    "model": "ResidualMLP",
    "eval_mode": "groupcv",
    "fold_results": [
      {
        "fold": 1,
        "train": {
          "spearman": 0.8980478729580359,
          "pearson": 0.9340900318877087,
          "r2": 0.8509782351665711,
          "rmse": 1.0239136393162427,
          "mae": 0.7761159496684878,
          "kendall_tau": 0.7306342158007628
        },
        "val": {
          "spearman": 0.5242091010707927,
          "pearson": 0.5726723477803495,
          "r2": 0.22581389374238192,
          "rmse": 2.462194077874659,
          "mae": 1.7229162505445403,
          "kendall_tau": 0.3730605564952891
        }
      },
      {
        "fold": 2,
        "train": {
          "spearman": 0.8927161312533995,
          "pearson": 0.9329234528831802,
          "r2": 0.8471541980319778,
          "rmse": 1.0562794813172136,
          "mae": 0.8025922142865269,
          "kendall_tau": 0.7262755707260328
        },
        "val": {
          "spearman": 0.531301721566999,
          "pearson": 0.5421881858693739,
          "r2": 0.27076133688106674,
          "rmse": 2.311299632872808,
          "mae": 1.7022287684935131,
          "kendall_tau": 0.3723238337668087
        }
      },
      {
        "fold": 3,
        "train": {
          "spearman": 0.9085566697214149,
          "pearson": 0.9444413037304096,
          "r2": 0.8843390238023731,
          "rmse": 0.9382288045555266,
          "mae": 0.7142109548260261,
          "kendall_tau": 0.7491164654457418
        },
        "val": {
          "spearman": 0.5473275258617806,
          "pearson": 0.5722453771646705,
          "r2": 0.30387569874971787,
          "rmse": 2.1656757414521857,
          "mae": 1.5966589196523073,
          "kendall_tau": 0.3863285458608991
        }
      }
    ],
    "overfitting_check": {
      "threshold": 0.15,
      "gaps": [
        0.37383877188724324,
        0.3614144096864006,
        0.36122914385963434
      ],
      "mean_gap": 0.36549410847775937,
      "max_gap": 0.37383877188724324,
      "overfitting_flags": [
        true,
        true,
        true
      ],
      "n_overfitting_folds": 3,
      "warning": "\u26a0\ufe0f  Overfitting detected in 3 fold(s)"
    },
    "stability_check": {
      "threshold": 0.05,
      "val_spearman_std": 0.00967007545422941,
      "val_spearman_scores": [
        0.5242091010707927,
        0.531301721566999,
        0.5473275258617806
      ],
      "unstable": false
    }
  },
  "FTTransformer": {
    "model": "FTTransformer",
    "eval_mode": "groupcv",
    "fold_results": [
      {
        "fold": 1,
        "train": {
          "spearman": 0.8720554976881306,
          "pearson": 0.9093911899395213,
          "r2": 0.8204917091430268,
          "rmse": 1.1237785361945358,
          "mae": 0.842022739767601,
          "kendall_tau": 0.6966909120208592
        },
        "val": {
          "spearman": 0.5081628369311962,
          "pearson": 0.5487628394668941,
          "r2": 0.21655849419288853,
          "rmse": 2.476868123592225,
          "mae": 1.7424245922659394,
          "kendall_tau": 0.36077811920521713
        }
      },
      {
        "fold": 2,
        "train": {
          "spearman": 0.8665551020773511,
          "pearson": 0.910802706417897,
          "r2": 0.8295546416605607,
          "rmse": 1.1154360473888534,
          "mae": 0.8375601171131952,
          "kendall_tau": 0.6925602037881033
        },
        "val": {
          "spearman": 0.49801491452887725,
          "pearson": 0.5358186757558462,
          "r2": 0.2693637143508062,
          "rmse": 2.313513433591304,
          "mae": 1.7146258640091734,
          "kendall_tau": 0.3515781085717448
        }
      },
      {
        "fold": 3,
        "train": {
          "spearman": 0.871461782767324,
          "pearson": 0.9132680008473688,
          "r2": 0.828976706990315,
          "rmse": 1.1408878827016737,
          "mae": 0.8572007382834341,
          "kendall_tau": 0.6993841333841054
        },
        "val": {
          "spearman": 0.5306364403321675,
          "pearson": 0.5631629135589031,
          "r2": 0.2768494438669733,
          "rmse": 2.207315417083082,
          "mae": 1.6513643792542245,
          "kendall_tau": 0.37647519744984725
        }
      }
    ],
    "overfitting_check": {
      "threshold": 0.15,
      "gaps": [
        0.3638926607569344,
        0.36854018754847384,
        0.3408253424351565
      ],
      "mean_gap": 0.3577527302468549,
      "max_gap": 0.36854018754847384,
      "overfitting_flags": [
        true,
        true,
        true
      ],
      "n_overfitting_folds": 3,
      "warning": "\u26a0\ufe0f  Overfitting detected in 3 fold(s)"
    },
    "stability_check": {
      "threshold": 0.05,
      "val_spearman_std": 0.013630876407147472,
      "val_spearman_scores": [
        0.5081628369311962,
        0.49801491452887725,
        0.5306364403321675
      ],
      "unstable": false
    }
  },
  "CrossAttention": {
    "model": "CrossAttention",
    "eval_mode": "groupcv",
    "fold_results": [
      {
        "fold": 1,
        "train": {
          "spearman": 0.8722167577013342,
          "pearson": 0.9153950940592891,
          "r2": 0.8325860371549226,
          "rmse": 1.085261297062895,
          "mae": 0.8318229940962629,
          "kendall_tau": 0.6959782377207064
        },
        "val": {
          "spearman": 0.5214037728828523,
          "pearson": 0.5656129543763295,
          "r2": 0.2484137994474912,