{
  "LightGBM": {
    "model": "LightGBM",
    "eval_mode": "holdout",
    "train": {
      "spearman": 0.9371548429194518,
      "pearson": 0.9607920480994895,
      "r2": 0.9210937911562153,
      "rmse": 0.7570221922927224,
      "mae": 0.5736786818759694,
      "kendall_tau": 0.7926233452104123
    },
    "test": {
      "spearman": 0.8870622468068728,
      "pearson": 0.9162301854072054,
      "r2": 0.8393700594324857,
      "rmse": 1.1011658597780398,
      "mae": 0.8270530706564262,
      "kendall_tau": 0.7155354735921997
    },
    "gap": {
      "spearman": 0.05009259611257899,
      "rmse": -0.34414366748531744
    }
  },
  "LightGBM_DART": {
    "model": "LightGBM_DART",
    "eval_mode": "holdout",
    "train": {
      "spearman": 0.8911660939985595,
      "pearson": 0.9314517183184454,
      "r2": 0.8348433768017365,
      "rmse": 1.095219126807866,
      "mae": 0.8711295762087279,
      "kendall_tau": 0.7245184661670243
    },
    "test": {
      "spearman": 0.8813294892316483,
      "pearson": 0.9105934796681827,
      "r2": 0.8088814587315015,
      "rmse": 1.2011324492592,
      "mae": 0.9500035528147776,
      "kendall_tau": 0.709140102528721
    },
    "gap": {
      "spearman": 0.009836604766911172,
      "rmse": -0.105913322451334
    }
  },
  "XGBoost": {
    "model": "XGBoost",
    "eval_mode": "holdout",
    "train": {
      "spearman": 0.9845889585171551,
      "pearson": 0.9906757032978117,
      "r2": 0.9809007662252964,
      "rmse": 0.3724440105676995,
      "mae": 0.27074177567958657,
      "kendall_tau": 0.901827900305045
    },
    "test": {
      "spearman": 0.8766688956179616,
      "pearson": 0.9091375563706467,
      "r2": 0.8252887316689955,
      "rmse": 1.1484178842390496,
      "mae": 0.8674106593447307,
      "kendall_tau": 0.7020023455454166
    },
    "gap": {
      "spearman": 0.10792006289919354,
      "rmse": -0.7759738736713501
    }
  },
  "CatBoost": {
    "model": "CatBoost",
    "eval_mode": "holdout",
    "train": {
      "spearman": 0.967679402667463,
      "pearson": 0.9801021106442298,
      "r2": 0.9584750702908217,
      "rmse": 0.5491708481058665,
      "mae": 0.4292944707922956,
      "kendall_tau": 0.8514869726406628
    },
    "test": {
      "spearman": 0.8940754014961014,
      "pearson": 0.9192134317957386,
      "r2": 0.8448988276281444,
      "rmse": 1.0820492519581009,
      "mae": 0.8090287258793871,
      "kendall_tau": 0.7239631569411805
    },
    "gap": {
      "spearman": 0.07360400117136157,
      "rmse": -0.5328784038522344
    }
  },
  "RandomForest": {
    "model": "RandomForest",
    "eval_mode": "holdout",
    "train": {
      "spearman": 0.9812344096711229,
      "pearson": 0.9867160550376373,
      "r2": 0.9709977967455046,
      "rmse": 0.4589533225727933,
      "mae": 0.337112460296027,
      "kendall_tau": 0.8899951205996939
    },
    "test": {
      "spearman": 0.884976224398619,
      "pearson": 0.9103574749343646,
      "r2": 0.8285275000033894,
      "rmse": 1.137723500174029,
      "mae": 0.8522001024485497,
      "kendall_tau": 0.7113672602881969
    },
    "gap": {
      "spearman": 0.09625818527250385,
      "rmse": -0.6787701776012356
    }
  },
  "ExtraTrees": {
    "model": "ExtraTrees",
    "eval_mode": "holdout",
    "train": {
      "spearman": 0.9964130775415366,
      "pearson": 0.9980641259289954,
      "r2": 0.9961319994664097,
      "rmse": 0.16760859477751874,
      "mae": 0.026617779065204523,
      "kendall_tau": 0.9854372637991377
    },
    "test": {
      "spearman": 0.8852544305524752,
      "pearson": 0.9117351725079358,
      "r2": 0.8292450190687546,
      "rmse": 1.1353406280611056,
      "mae": 0.8475299051138148,
      "kendall_tau": 0.7132170590917485
    },
    "gap": {
      "spearman": 0.11115864698906142,
      "rmse": -0.9677320332835868
    }
  }
}