{
  "FlatMLP": {
    "model": "FlatMLP",
    "eval_mode": "groupcv",
    "fold_results": [
      {
        "fold": 1,
        "train": {
          "spearman": 0.8875781943664912,
          "pearson": 0.9249903756259928,
          "r2": 0.7469387449383438,
          "rmse": 1.3342933016198775,
          "mae": 1.0656845128134482,
          "kendall_tau": 0.7163475043289768
        },
        "val": {
          "spearman": 0.5532773777310569,
          "pearson": 0.5834228918534896,
          "r2": 0.1110441611242936,
          "rmse": 2.6383942345126075,
          "mae": 1.8704252391135527,
          "kendall_tau": 0.39378505467757297
        }
      },
      {
        "fold": 2,
        "train": {
          "spearman": 0.8836579222354014,
          "pearson": 0.9251042425575154,
          "r2": 0.7633743239759632,
          "rmse": 1.3142652344336445,
          "mae": 1.0758179099181167,
          "kendall_tau": 0.7141261361944721
        },
        "val": {
          "spearman": 0.5271027780329572,
          "pearson": 0.5470291012286083,
          "r2": 0.18899595146779224,
          "rmse": 2.437434300008084,
          "mae": 1.883641802968465,
          "kendall_tau": 0.37044679320458196
        }
      },
      {
        "fold": 3,
        "train": {
          "spearman": 0.8919782487497347,
          "pearson": 0.9312198934542906,
          "r2": 0.8454672917380878,
          "rmse": 1.084489978802632,
          "mae": 0.851444687984047,
          "kendall_tau": 0.7252762189946296
        },
        "val": {
          "spearman": 0.5515066494902354,
          "pearson": 0.5751368957077365,
          "r2": 0.29417932257763735,
          "rmse": 2.1807065244341555,
          "mae": 1.6706107950593991,
          "kendall_tau": 0.3915873454014442
        }
      }
    ],
    "overfitting_check": {
      "threshold": 0.15,
      "gaps": [
        0.3343008166354343,
        0.35655514420244416,
        0.3404715992594993
      ],
      "mean_gap": 0.34377585336579264,
      "max_gap": 0.35655514420244416,
      "overfitting_flags": [
        true,
        true,
        true
      ],
      "n_overfitting_folds": 3,
      "warning": "\u26a0\ufe0f  Overfitting detected in 3 fold(s)"
    },
    "stability_check": {
      "threshold": 0.05,
      "val_spearman_std": 0.011943357474912607,
      "val_spearman_scores": [
        0.5532773777310569,
        0.5271027780329572,
        0.5515066494902354
      ],
      "unstable": false
    }
  },
  "ResidualMLP": {
    "model": "ResidualMLP",
    "eval_mode": "groupcv",
    "fold_results": [
      {
        "fold": 1,
        "train": {
          "spearman": 0.9036820553531458,
          "pearson": 0.9342307858294483,
          "r2": 0.8045675802919231,
          "rmse": 1.1725646080958887,
          "mae": 0.8999026539422743,
          "kendall_tau": 0.7375444762881807
        },
        "val": {
          "spearman": 0.5581354388831062,
          "pearson": 0.5884333484692956,
          "r2": 0.19470248632252474,
          "rmse": 2.5111796018959045,
          "mae": 1.7414561203715808,
          "kendall_tau": 0.399583462074481
        }
      },
      {
        "fold": 2,
        "train": {
          "spearman": 0.8970201834137188,
          "pearson": 0.9361221728119213,
          "r2": 0.873431536401827,
          "rmse": 0.9612023859487361,
          "mae": 0.7328624428069898,
          "kendall_tau": 0.7331246236094128
        },
        "val": {
          "spearman": 0.5300487968668329,
          "pearson": 0.5480541413124802,
          "r2": 0.27616083729258945,
          "rmse": 2.302726959048816,
          "mae": 1.716396843579031,
          "kendall_tau": 0.37335709147252505
        }
      },
      {
        "fold": 3,
        "train": {
          "spearman": 0.897641415658085,
          "pearson": 0.9361141307006418,
          "r2": 0.8485037838120455,
          "rmse": 1.0737822689111567,
          "mae": 0.8504922085520288,
          "kendall_tau": 0.73384876640383
        },
        "val": {
          "spearman": 0.5563035067710504,
          "pearson": 0.575900303159666,
          "r2": 0.3071594914051652,
          "rmse": 2.1605616858474557,
          "mae": 1.656755217096619,
          "kendall_tau": 0.3947981871121123
        }
      }
    ],
    "overfitting_check": {
      "threshold": 0.15,
      "gaps": [
        0.3455466164700396,
        0.3669713865468859,
        0.3413379088870345
      ],
      "mean_gap": 0.35128530396798663,
      "max_gap": 0.3669713865468859,
      "overfitting_flags": [
        true,
        true,
        true
      ],
      "n_overfitting_folds": 3,
      "warning": "\u26a0\ufe0f  Overfitting detected in 3 fold(s)"
    },
    "stability_check": {
      "threshold": 0.05,
      "val_spearman_std": 0.012830195404972895,
      "val_spearman_scores": [
        0.5581354388831062,
        0.5300487968668329,
        0.5563035067710504
      ],
      "unstable": false
    }
  },
  "FTTransformer": {
    "model": "FTTransformer",
    "eval_mode": "groupcv",
    "fold_results": [
      {
        "fold": 1,
        "train": {
          "spearman": 0.8716898717754961,
          "pearson": 0.9038231205957491,
          "r2": 0.7457993453175316,
          "rmse": 1.3372937329899683,
          "mae": 1.035485563592171,
          "kendall_tau": 0.6955956412655924
        },
        "val": {
          "spearman": 0.5332088600402859,
          "pearson": 0.5710837943003151,
          "r2": 0.10986792666317413,
          "rmse": 2.640139171773017,
          "mae": 1.84818911296991,
          "kendall_tau": 0.3798410958576131
        }
      },
      {
        "fold": 2,
        "train": {
          "spearman": 0.872857398167915,
          "pearson": 0.9152457047476374,
          "r2": 0.8226150770035869,
          "rmse": 1.1379166129219633,
          "mae": 0.8577105798884633,
          "kendall_tau": 0.7003828515075661
        },
        "val": {
          "spearman": 0.5267769166978105,
          "pearson": 0.5603040183213692,
          "r2": 0.26395010095383253,
          "rmse": 2.322068547306332,
          "mae": 1.7152057550138264,
          "kendall_tau": 0.37325845238415
        }
      },
      {
        "fold": 3,
        "train": {
          "spearman": 0.8725199851110993,
          "pearson": 0.911121422516974,
          "r2": 0.8088200921079072,
          "rmse": 1.2062475919228859,
          "mae": 0.8981662008599465,
          "kendall_tau": 0.7005769744513507
        },
        "val": {
          "spearman": 0.5519008092701648,
          "pearson": 0.5785614738330871,
          "r2": 0.3311020441999747,
          "rmse": 2.122902110209409,
          "mae": 1.5642364947224094,
          "kendall_tau": 0.3910539859492284
        }
      }
    ],
    "overfitting_check": {
      "threshold": 0.15,
      "gaps": [
        0.33848101173521017,
        0.3460804814701045,
        0.32061917584093447
      ],
      "mean_gap": 0.33506022301541644,
      "max_gap": 0.3460804814701045,
      "overfitting_flags": [
        true,
        true,
        true
      ],
      "n_overfitting_folds": 3,
      "warning": "\u26a0\ufe0f  Overfitting detected in 3 fold(s)"
    },
    "stability_check": {
      "threshold": 0.05,
      "val_spearman_std": 0.010656082452761109,
      "val_spearman_scores": [
        0.5332088600402859,
        0.5267769166978105,
        0.5519008092701648
      ],
      "unstable": false
    }
  },
  "CrossAttention": {
    "model": "CrossAttention",
    "eval_mode": "groupcv",
    "fold_results": [
      {
        "fold": 1,
        "train": {
          "spearman": 0.8815900144670535,
          "pearson": 0.917249251509778,
          "r2": 0.8343418665234428,
          "rmse": 1.0795552129210682,
          "mae": 0.8058307314482668,
          "kendall_tau": 0.7090727738913258
        },
        "val": {
          "spearman": 0.5294102275910527,
          "pearson": 0.567361362500206,
          "r2": 0.25670870231968,