{
  "LightGBM": {
    "model": "LightGBM",
    "eval_mode": "groupcv",
    "fold_results": [
      {
        "fold": 1,
        "train": {
          "spearman": 0.9408175739727189,
          "pearson": 0.9623686624462883,
          "r2": 0.9241249989924114,
          "rmse": 0.7306137342499232,
          "mae": 0.552258727040602,
          "kendall_tau": 0.7986234294209946
        },
        "val": {
          "spearman": 0.513479216337315,
          "pearson": 0.5360746130160488,
          "r2": 0.27245209288872674,
          "rmse": 2.386878946171612,
          "mae": 1.7100803928853523,
          "kendall_tau": 0.36678577502630716
        }
      },
      {
        "fold": 2,
        "train": {
          "spearman": 0.9400283341495113,
          "pearson": 0.963754065212345,
          "r2": 0.9269886540157536,
          "rmse": 0.7300410203958411,
          "mae": 0.5500999737554705,
          "kendall_tau": 0.79849541163674
        },
        "val": {
          "spearman": 0.5112985667956491,
          "pearson": 0.54742660031484,
          "r2": 0.21819583300524714,
          "rmse": 2.3931526288910345,
          "mae": 1.7468759738486517,
          "kendall_tau": 0.362654418681866
        }
      },
      {
        "fold": 3,
        "train": {
          "spearman": 0.9448929673788541,
          "pearson": 0.9661083399407818,
          "r2": 0.9318152379753183,
          "rmse": 0.7203756092339122,
          "mae": 0.5471726556740343,
          "kendall_tau": 0.8068390294281864
        },
        "val": {
          "spearman": 0.5982399476863335,
          "pearson": 0.5763297153476383,
          "r2": 0.3060720164304215,
          "rmse": 2.1622566181577976,
          "mae": 1.6182042047758816,
          "kendall_tau": 0.42328260927635847
        }
      }
    ],
    "overfitting_check": {
      "threshold": 0.15,
      "gaps": [
        0.42733835763540395,
        0.42872976735386215,
        0.3466530196925206
      ],
      "mean_gap": 0.40090704822726225,
      "max_gap": 0.42872976735386215,
      "overfitting_flags": [
        true,
        true,
        true
      ],
      "n_overfitting_folds": 3,
      "warning": "\u26a0\ufe0f  Overfitting detected in 3 fold(s)"
    },
    "stability_check": {
      "threshold": 0.05,
      "val_spearman_std": 0.04048036632797451,
      "val_spearman_scores": [
        0.513479216337315,
        0.5112985667956491,
        0.5982399476863335
      ],
      "unstable": false
    }
  },
  "LightGBM_DART": {
    "model": "LightGBM_DART",
    "eval_mode": "groupcv",
    "fold_results": [
      {
        "fold": 1,
        "train": {
          "spearman": 0.896821271902238,
          "pearson": 0.9323949930191727,
          "r2": 0.8362698374182976,
          "rmse": 1.0732547605816498,
          "mae": 0.8532844971137077,
          "kendall_tau": 0.7314478402997006
        },
        "val": {
          "spearman": 0.49831862279336875,
          "pearson": 0.510299867514332,
          "r2": 0.2575019575716567,
          "rmse": 2.4112778256388254,
          "mae": 1.7803522166482548,
          "kendall_tau": 0.3551086226767823
        }
      },
      {
        "fold": 2,
        "train": {
          "spearman": 0.8981654854066118,
          "pearson": 0.9376244892068986,
          "r2": 0.8482627137549813,
          "rmse": 1.0524421723207802,
          "mae": 0.835041537110707,
          "kendall_tau": 0.7342694593214433
        },
        "val": {
          "spearman": 0.5020371276667442,
          "pearson": 0.5299289302394463,
          "r2": 0.224746157836072,
          "rmse": 2.38310605897479,
          "mae": 1.7493988001241572,
          "kendall_tau": 0.35680436503432167
        }
      },
      {
        "fold": 3,
        "train": {
          "spearman": 0.9030496292945692,
          "pearson": 0.9403761737825398,
          "r2": 0.8542625869795482,
          "rmse": 1.0531757808797075,
          "mae": 0.8387116806239246,
          "kendall_tau": 0.7417037961001645
        },
        "val": {
          "spearman": 0.5777701548026307,
          "pearson": 0.5807437487577712,
          "r2": 0.31815542341772995,
          "rmse": 2.143348195292235,
          "mae": 1.6770264257183995,
          "kendall_tau": 0.4074323143621292
        }
      }
    ],
    "overfitting_check": {
      "threshold": 0.15,
      "gaps": [
        0.3985026491088693,
        0.39612835773986754,
        0.3252794744919385
      ],
      "mean_gap": 0.3733034937802251,
      "max_gap": 0.3985026491088693,
      "overfitting_flags": [
        true,
        true,
        true
      ],
      "n_overfitting_folds": 3,
      "warning": "\u26a0\ufe0f  Overfitting detected in 3 fold(s)"
    },
    "stability_check": {
      "threshold": 0.05,
      "val_spearman_std": 0.03660884018357226,
      "val_spearman_scores": [
        0.49831862279336875,
        0.5020371276667442,
        0.5777701548026307
      ],
      "unstable": false
    }
  },
  "XGBoost": {
    "model": "XGBoost",
    "eval_mode": "groupcv",
    "fold_results": [
      {
        "fold": 1,
        "train": {
          "spearman": 0.9842927362002816,
          "pearson": 0.9907950543008429,
          "r2": 0.9810353670001871,
          "rmse": 0.3652672192286923,
          "mae": 0.2655695812919657,
          "kendall_tau": 0.9013329903905382
        },
        "val": {
          "spearman": 0.48094671905792696,
          "pearson": 0.5205899939468693,
          "r2": 0.24664007340122107,
          "rmse": 2.4288508879084234,
          "mae": 1.721388075494948,
          "kendall_tau": 0.34310864801599084
        }
      },
      {
        "fold": 2,
        "train": {
          "spearman": 0.9835703755716986,
          "pearson": 0.9902792011035091,
          "r2": 0.9799541369606056,
          "rmse": 0.38252908831672905,
          "mae": 0.2765052013775445,
          "kendall_tau": 0.8980331256044458
        },
        "val": {
          "spearman": 0.4857554045317582,
          "pearson": 0.5343223844094827,
          "r2": 0.20175686389405345,
          "rmse": 2.4181821085351594,
          "mae": 1.7976129872965458,
          "kendall_tau": 0.34181447442078733
        }
      },
      {
        "fold": 3,
        "train": {
          "spearman": 0.9860378708869143,
          "pearson": 0.9911576624900197,
          "r2": 0.981760813977694,
          "rmse": 0.372578733182413,
          "mae": 0.2685222120856228,
          "kendall_tau": 0.9052471968943604
        },
        "val": {
          "spearman": 0.5660851508397579,
          "pearson": 0.561855047099659,
          "r2": 0.2775120733373244,
          "rmse": 2.2063038936577493,
          "mae": 1.645766791291948,
          "kendall_tau": 0.3993829414016935
        }
      }
    ],
    "overfitting_check": {
      "threshold": 0.15,
      "gaps": [
        0.5033460171423546,
        0.4978149710399404,
        0.41995272004715645
      ],
      "mean_gap": 0.47370456940981714,
      "max_gap": 0.5033460171423546,
      "overfitting_flags": [
        true,
        true,
        true
      ],
      "n_overfitting_folds": 3,
      "warning": "\u26a0\ufe0f  Overfitting detected in 3 fold(s)"
    },
    "stability_check": {
      "threshold": 0.05,
      "val_spearman_std": 0.03905059988750108,
      "val_spearman_scores": [
        0.48094671905792696,
        0.4857554045317582,
        0.5660851508397579
      ],
      "unstable": false
    }
  },
  "CatBoost": {
    "model": "CatBoost",
    "eval_mode": "groupcv",
    "fold_results": [
      {
        "fold": 1,
        "train": {
          "spearman": 0.9645318013683821,
          "pearson": 0.9787252215781,
          "r2": 0.9553292943832024,
          "rmse": 0.5605958563067746,
          "mae": 0.44430483736681325,
          "kendall_tau": 0.8445618593508544
        },
        "val": {
          "spearman": 0.5029236019721877,
          "pearson": 0.5347734117061267,
          "r2": 0.272060487044649,