{
  "LightGBM": {
    "model": "LightGBM",
    "eval_mode": "holdout",
    "train": {
      "spearman": 0.9391554481138724,
      "pearson": 0.9619630162762208,
      "r2": 0.9234426462421955,
      "rmse": 0.7456696707825843,
      "mae": 0.5707359078787185,
      "kendall_tau": 0.7952924094410571
    },
    "test": {
      "spearman": 0.8897017508684161,
      "pearson": 0.9173305602221318,
      "r2": 0.8414527921856463,
      "rmse": 1.0940036925961645,
      "mae": 0.8135760852638416,
      "kendall_tau": 0.7199330619478429
    },
    "gap": {
      "spearman": 0.04945369724545634,
      "rmse": -0.3483340218135802
    }
  },
  "LightGBM_DART": {
    "model": "LightGBM_DART",
    "eval_mode": "holdout",
    "train": {
      "spearman": 0.8913679959083266,
      "pearson": 0.93164921616481,
      "r2": 0.8346306395416868,
      "rmse": 1.0959242724158538,
      "mae": 0.8719137941374591,
      "kendall_tau": 0.7249769000129452
    },
    "test": {
      "spearman": 0.8798386520951144,
      "pearson": 0.90984446617661,
      "r2": 0.8075696378870024,
      "rmse": 1.2052476334721336,
      "mae": 0.9497410300984392,
      "kendall_tau": 0.7076865970290754
    },
    "gap": {
      "spearman": 0.011529343813212245,
      "rmse": -0.10932336105627982
    }
  },
  "XGBoost": {
    "model": "XGBoost",
    "eval_mode": "holdout",
    "train": {
      "spearman": 0.9851908811211297,
      "pearson": 0.9913185518955843,
      "r2": 0.9821368000189507,
      "rmse": 0.3601908303414198,
      "mae": 0.26028419963699184,
      "kendall_tau": 0.9045165650642089
    },
    "test": {
      "spearman": 0.8776633159914323,
      "pearson": 0.912765683883638,
      "r2": 0.8322638462400331,
      "rmse": 1.1252598649348042,
      "mae": 0.8637524089522134,
      "kendall_tau": 0.7015115322628742
    },
    "gap": {
      "spearman": 0.10752756512969741,
      "rmse": -0.7650690345933844
    }
  },
  "CatBoost": {
    "model": "CatBoost",
    "eval_mode": "holdout",
    "train": {
      "spearman": 0.9673088311608581,
      "pearson": 0.9797499727230122,
      "r2": 0.9576914191765551,
      "rmse": 0.5543285554659851,
      "mae": 0.4342772493556064,
      "kendall_tau": 0.8504073236878116
    },
    "test": {
      "spearman": 0.8938814995339258,
      "pearson": 0.9208738773442758,
      "r2": 0.8479827960324351,
      "rmse": 1.0712377262922161,
      "mae": 0.802203771156981,
      "kendall_tau": 0.7237017187102786
    },
    "gap": {
      "spearman": 0.07342733162693227,
      "rmse": -0.516909170826231
    }
  },
  "RandomForest": {
    "model": "RandomForest",
    "eval_mode": "holdout",
    "train": {
      "spearman": 0.9812494068838465,
      "pearson": 0.9867182180543447,
      "r2": 0.9710099228283882,
      "rmse": 0.4588573662789181,
      "mae": 0.336342225602997,
      "kendall_tau": 0.8901193334633563
    },
    "test": {
      "spearman": 0.8845025871193393,
      "pearson": 0.9108947964039433,
      "r2": 0.8294993804725529,
      "rmse": 1.1344946953076818,
      "mae": 0.8508694209848183,
      "kendall_tau": 0.7111872132046513
    },
    "gap": {
      "spearman": 0.09674681976450727,
      "rmse": -0.6756373290287636
    }
  },
  "ExtraTrees": {
    "model": "ExtraTrees",
    "eval_mode": "holdout",
    "train": {
      "spearman": 0.9964130775415366,
      "pearson": 0.9980641259289954,
      "r2": 0.9961319994664097,
      "rmse": 0.16760859477751874,
      "mae": 0.026617779065204523,
      "kendall_tau": 0.9854372637991377
    },
    "test": {
      "spearman": 0.8843401302086278,
      "pearson": 0.9099872019444525,
      "r2": 0.8258200155020907,
      "rmse": 1.1466704285303102,
      "mae": 0.8553534201805336,
      "kendall_tau": 0.7117791488217877
    },
    "gap": {
      "spearman": 0.11207294733290885,
      "rmse": -0.9790618337527914
    }
  }
}