{
  "LightGBM": {
    "model": "LightGBM",
    "eval_mode": "groupcv",
    "fold_results": [
      {
        "fold": 1,
        "train": {
          "spearman": 0.9457620805966479,
          "pearson": 0.9655007531634524,
          "r2": 0.9303888569949883,
          "rmse": 0.6998063185909913,
          "mae": 0.5339895968591062,
          "kendall_tau": 0.806765810347302
        },
        "val": {
          "spearman": 0.42655252059238635,
          "pearson": 0.4174784375733803,
          "r2": 0.10998861810889848,
          "rmse": 2.6399601797869585,
          "mae": 1.8106908235165433,
          "kendall_tau": 0.31166350716497665
        }
      },
      {
        "fold": 2,
        "train": {
          "spearman": 0.9453730836620112,
          "pearson": 0.9668870418893903,
          "r2": 0.9332257186453354,
          "rmse": 0.6981627882112353,
          "mae": 0.5276689746586706,
          "kendall_tau": 0.8072005522877037
        },
        "val": {
          "spearman": 0.4988656893951995,
          "pearson": 0.5688283835572459,
          "r2": 0.31781359482408367,
          "rmse": 2.23549105994729,
          "mae": 1.654331302797747,
          "kendall_tau": 0.35401737590614796
        }
      },
      {
        "fold": 3,
        "train": {
          "spearman": 0.951018345815505,
          "pearson": 0.9698271008785914,
          "r2": 0.9390267579631532,
          "rmse": 0.6812162185472811,
          "mae": 0.5199885076729687,
          "kendall_tau": 0.8177217345920137
        },
        "val": {
          "spearman": 0.4939775254102752,
          "pearson": 0.5239653771988904,
          "r2": 0.23694680024639125,
          "rmse": 2.2673963506181325,
          "mae": 1.7242369556195625,
          "kendall_tau": 0.3453106217778054
        }
      }
    ],
    "overfitting_check": {
      "threshold": 0.15,
      "gaps": [
        0.5192095600042615,
        0.44650739426681174,
        0.45704082040522986
      ],
      "mean_gap": 0.4742525915587677,
      "max_gap": 0.5192095600042615,
      "overfitting_flags": [
        true,
        true,
        true
      ],
      "n_overfitting_folds": 3,
      "warning": "\u26a0\ufe0f  Overfitting detected in 3 fold(s)"
    },
    "stability_check": {
      "threshold": 0.05,
      "val_spearman_std": 0.03299700290117269,
      "val_spearman_scores": [
        0.42655252059238635,
        0.4988656893951995,
        0.4939775254102752
      ],
      "unstable": false
    }
  },
  "LightGBM_DART": {
    "model": "LightGBM_DART",
    "eval_mode": "groupcv",
    "fold_results": [
      {
        "fold": 1,
        "train": {
          "spearman": 0.9050561804065569,
          "pearson": 0.9376090767166032,
          "r2": 0.8481303074397413,
          "rmse": 1.0336512493353485,
          "mae": 0.8211922639572298,
          "kendall_tau": 0.7412204575896042
        },
        "val": {
          "spearman": 0.4314555947829873,
          "pearson": 0.3948159616384452,
          "r2": 0.11694070884660857,
          "rmse": 2.629629287317041,
          "mae": 1.8882557163792573,
          "kendall_tau": 0.31572836238876584
        }
      },
      {
        "fold": 2,
        "train": {
          "spearman": 0.9062327606431094,
          "pearson": 0.9420732384354599,
          "r2": 0.8581629445901581,
          "rmse": 1.0175293365940348,
          "mae": 0.806664326884075,
          "kendall_tau": 0.7451977211978318
        },
        "val": {
          "spearman": 0.48389905714605247,
          "pearson": 0.5384247876819961,
          "r2": 0.2670074067016108,
          "rmse": 2.3172409799909857,
          "mae": 1.7203026434281128,
          "kendall_tau": 0.34039961051400547
        }
      },
      {
        "fold": 3,
        "train": {
          "spearman": 0.9092658415432346,
          "pearson": 0.9432897278389637,
          "r2": 0.8610640548471878,
          "rmse": 1.0283066520916957,
          "mae": 0.8164332789623122,
          "kendall_tau": 0.7503165614515107
        },
        "val": {
          "spearman": 0.49074658351852923,
          "pearson": 0.5276685799423815,
          "r2": 0.25815889494974364,
          "rmse": 2.2356585826183295,
          "mae": 1.7352358080306731,
          "kendall_tau": 0.3427214433301217
        }
      }
    ],
    "overfitting_check": {
      "threshold": 0.15,
      "gaps": [
        0.4736005856235696,
        0.42233370349705696,
        0.4185192580247054
      ],
      "mean_gap": 0.43815118238177736,
      "max_gap": 0.4736005856235696,
      "overfitting_flags": [
        true,
        true,
        true
      ],
      "n_overfitting_folds": 3,
      "warning": "\u26a0\ufe0f  Overfitting detected in 3 fold(s)"
    },
    "stability_check": {
      "threshold": 0.05,
      "val_spearman_std": 0.026484013432186596,
      "val_spearman_scores": [
        0.4314555947829873,
        0.48389905714605247,
        0.49074658351852923
      ],
      "unstable": false
    }
  },
  "XGBoost": {
    "model": "XGBoost",
    "eval_mode": "groupcv",
    "fold_results": [
      {
        "fold": 1,
        "train": {
          "spearman": 0.9878363180236047,
          "pearson": 0.9931810263363486,
          "r2": 0.9859761252177514,
          "rmse": 0.3141032931298058,
          "mae": 0.22692205017066389,
          "kendall_tau": 0.9145221993648573
        },
        "val": {
          "spearman": 0.41711335621726914,
          "pearson": 0.4220152896384523,
          "r2": 0.09521214846646042,
          "rmse": 2.661785017646819,
          "mae": 1.821132640423204,
          "kendall_tau": 0.30307363674759774
        }
      },
      {
        "fold": 2,
        "train": {
          "spearman": 0.9895306442044929,
          "pearson": 0.9938010076480887,
          "r2": 0.9872515293907933,
          "rmse": 0.3050570945167689,
          "mae": 0.21879919414080945,
          "kendall_tau": 0.9196584909611324
        },
        "val": {
          "spearman": 0.41148529148346774,
          "pearson": 0.4855499105062717,
          "r2": 0.21895245937546504,
          "rmse": 2.3919943076785755,
          "mae": 1.7655655803962242,
          "kendall_tau": 0.2860481434342317
        }
      },
      {
        "fold": 3,
        "train": {
          "spearman": 0.9907730224820203,
          "pearson": 0.9940643271843426,
          "r2": 0.9878173222409418,
          "rmse": 0.3044995911268841,
          "mae": 0.22087270654204927,
          "kendall_tau": 0.9232057243071264
        },
        "val": {
          "spearman": 0.4522947247208284,
          "pearson": 0.5133081718581874,
          "r2": 0.24380137853525463,
          "rmse": 2.257189259308219,
          "mae": 1.7187305173343856,
          "kendall_tau": 0.31545584870043714
        }
      }
    ],
    "overfitting_check": {
      "threshold": 0.15,
      "gaps": [
        0.5707229618063356,
        0.5780453527210252,
        0.5384782977611919
      ],
      "mean_gap": 0.5624155374295176,
      "max_gap": 0.5780453527210252,
      "overfitting_flags": [
        true,
        true,
        true
      ],
      "n_overfitting_folds": 3,
      "warning": "\u26a0\ufe0f  Overfitting detected in 3 fold(s)"
    },
    "stability_check": {
      "threshold": 0.05,
      "val_spearman_std": 0.018057973442301152,
      "val_spearman_scores": [
        0.41711335621726914,
        0.41148529148346774,
        0.4522947247208284
      ],
      "unstable": false
    }
  },
  "CatBoost": {
    "model": "CatBoost",
    "eval_mode": "groupcv",
    "fold_results": [
      {
        "fold": 1,
        "train": {
          "spearman": 0.9744738388758497,
          "pearson": 0.9845432931443124,
          "r2": 0.9675360765675114,
          "rmse": 0.47790214488367366,
          "mae": 0.37659451367829233,
          "kendall_tau": 0.8683982412132917
        },
        "val": {
          "spearman": 0.531487778237458,
          "pearson": 0.5661215843813429,
          "r2": 0.31741905989875363,