{
  "FlatMLP": {
    "model": "FlatMLP",
    "eval_mode": "holdout",
    "train": {
      "spearman": 0.8943995566232261,
      "pearson": 0.9334827082845438,
      "r2": 0.8256602909160891,
      "rmse": 1.125255594457533,
      "mae": 0.8978191117724876,
      "kendall_tau": 0.7287604409718936
    },
    "test": {
      "spearman": 0.8871336196848693,
      "pearson": 0.9118097590819914,
      "r2": 0.7886079861718316,
      "rmse": 1.2632339147314346,
      "mae": 0.9892805731715919,
      "kendall_tau": 0.7139487864399681
    },
    "gap": {
      "spearman": 0.007265936938356865,
      "rmse": -0.13797832027390156
    }
  },
  "ResidualMLP": {
    "model": "ResidualMLP",
    "eval_mode": "holdout",
    "train": {
      "spearman": 0.8954634337546767,
      "pearson": 0.9341466854208608,
      "r2": 0.7652937242390955,
      "rmse": 1.3056157289737387,
      "mae": 1.0798141625138709,
      "kendall_tau": 0.729041277251952
    },
    "test": {
      "spearman": 0.8762978225385623,
      "pearson": 0.9059059460588489,
      "r2": 0.7115760551595399,
      "rmse": 1.475554126910265,
      "mae": 1.2064060733215123,
      "kendall_tau": 0.7004115185743622
    },
    "gap": {
      "spearman": 0.019165611216114486,
      "rmse": -0.16993839793652632
    }
  },
  "FTTransformer": {
    "model": "FTTransformer",
    "eval_mode": "holdout",
    "train": {
      "spearman": 0.8648130328149704,
      "pearson": 0.9072877898480471,
      "r2": 0.817940853377622,
      "rmse": 1.1498978810335205,
      "mae": 0.8707946379175713,
      "kendall_tau": 0.6909620332248013
    },
    "test": {
      "spearman": 0.8771098285348669,
      "pearson": 0.9003873931194466,
      "r2": 0.7990537252780541,
      "rmse": 1.2316277586082842,
      "mae": 0.9153186420814822,
      "kendall_tau": 0.7019776815613693
    },
    "gap": {
      "spearman": -0.012296795719896503,
      "rmse": -0.08172987757476369
    }
  },
  "CrossAttention": {
    "model": "CrossAttention",
    "eval_mode": "holdout",
    "train": {
      "spearman": 0.8771021231310053,
      "pearson": 0.9195578232351518,
      "r2": 0.8385640014650861,
      "rmse": 1.082812384941591,
      "mae": 0.8168788020147478,
      "kendall_tau": 0.7067999169740643
    },
    "test": {
      "spearman": 0.8756424208490377,
      "pearson": 0.9052521570371178,
      "r2": 0.8092690019951019,
      "rmse": 1.199914024813795,
      "mae": 0.8899663122119947,
      "kendall_tau": 0.7005323720961943
    },
    "gap": {
      "spearman": 0.0014597022819676786,
      "rmse": -0.11710163987220401
    }
  },
  "TabNet": {
    "model": "TabNet",
    "eval_mode": "holdout",
    "train": {
      "spearman": 0.9666354944250427,
      "pearson": 0.9778361991180535,
      "r2": 0.9468601772652512,
      "rmse": 0.6212452383207345,
      "mae": 0.4634057719523866,
      "kendall_tau": 0.8513109587188763
    },
    "test": {
      "spearman": 0.8760857244042235,
      "pearson": 0.9093746300084025,
      "r2": 0.8212071828579892,
      "rmse": 1.1617549257910968,
      "mae": 0.8826148447815846,
      "kendall_tau": 0.7010601813548077
    },
    "gap": {
      "spearman": 0.09054977002081921,
      "rmse": -0.5405096874703623
    }
  },
  "WideDeep": {
    "model": "WideDeep",
    "eval_mode": "holdout",
    "train": {
      "spearman": 0.8932438266441352,
      "pearson": 0.930838459839914,
      "r2": 0.8352578877904555,
      "rmse": 1.0938438699064585,
      "mae": 0.8317682506022454,
      "kendall_tau": 0.7264290477288152
    },
    "test": {
      "spearman": 0.8879866271162568,
      "pearson": 0.9124745597475779,
      "r2": 0.800695525840528,
      "rmse": 1.226586026938771,
      "mae": 0.9127623720527541,
      "kendall_tau": 0.7165969086146068
    },
    "gap": {
      "spearman": 0.005257199527878398,
      "rmse": -0.1327421570323124
    }
  },
  "TabTransformer": {
    "model": "TabTransformer",
    "eval_mode": "holdout",
    "train": {
      "spearman": 0.8824411048404586,
      "pearson": 0.9230824356910868,
      "r2": 0.8494079626722659,
      "rmse": 1.0458129776077427,
      "mae": 0.7884162924382689,
      "kendall_tau": 0.7121644738764384
    },
    "test": {
      "spearman": 0.8857025943513819,
      "pearson": 0.9080500819376539,
      "r2": 0.8201476167349733,
      "rmse": 1.1651922501647338,
      "mae": 0.8670980886255889,
      "kendall_tau": 0.710918375778535
    },
    "gap": {
      "spearman": -0.00326148951092331,
      "rmse": -0.1193792725569911
    }
  }
}