{
  "LightGBM": {
    "model": "LightGBM",
    "eval_mode": "holdout",
    "train": {
      "spearman": 0.9303368041148813,
      "pearson": 0.9566776480669089,
      "r2": 0.9129525234841487,
      "rmse": 0.7951171393513301,
      "mae": 0.6012514238333285,
      "kendall_tau": 0.7817297121954215
    },
    "test": {
      "spearman": 0.8824167877960307,
      "pearson": 0.9145432313000598,
      "r2": 0.8363837749378953,
      "rmse": 1.11135465539911,
      "mae": 0.8392670477919828,
      "kendall_tau": 0.70849724626494
    },
    "gap": {
      "spearman": 0.04792001631885057,
      "rmse": -0.31623751604777994
    }
  },
  "LightGBM_DART": {
    "model": "LightGBM_DART",
    "eval_mode": "holdout",
    "train": {
      "spearman": 0.8819136190634274,
      "pearson": 0.9272043643387752,
      "r2": 0.8225455067044221,
      "rmse": 1.1352631015376426,
      "mae": 0.9020000458154728,
      "kendall_tau": 0.7130095008878596
    },
    "test": {
      "spearman": 0.8717438008073288,
      "pearson": 0.9068461835586551,
      "r2": 0.7980377367600792,
      "rmse": 1.234737400661306,
      "mae": 0.9785305250787932,
      "kendall_tau": 0.6955388264781678
    },
    "gap": {
      "spearman": 0.010169818256098528,
      "rmse": -0.09947429912366346
    }
  },
  "XGBoost": {
    "model": "XGBoost",
    "eval_mode": "holdout",
    "train": {
      "spearman": 0.977754867017588,
      "pearson": 0.986677412887643,
      "r2": 0.9725183093395753,
      "rmse": 0.4467604767656398,
      "mae": 0.3224735051446759,
      "kendall_tau": 0.8820334186672554
    },
    "test": {
      "spearman": 0.8768699907408439,
      "pearson": 0.9133665935324919,
      "r2": 0.8340175426644045,
      "rmse": 1.1193620628728835,
      "mae": 0.8523731788161402,
      "kendall_tau": 0.7022687165731281
    },
    "gap": {
      "spearman": 0.10088487627674403,
      "rmse": -0.6726015861072437
    }
  },
  "CatBoost": {
    "model": "CatBoost",
    "eval_mode": "holdout",
    "train": {
      "spearman": 0.9576922150653524,
      "pearson": 0.9741991967886298,
      "r2": 0.9460873109685655,
      "rmse": 0.6257466298792926,
      "mae": 0.4907231910989173,
      "kendall_tau": 0.8297137692050591
    },
    "test": {
      "spearman": 0.8861217881960743,
      "pearson": 0.9167113755119684,
      "r2": 0.8403570257376012,
      "rmse": 1.0977776739111345,
      "mae": 0.81856796502769,
      "kendall_tau": 0.7152962329469404
    },
    "gap": {
      "spearman": 0.07157042686927806,
      "rmse": -0.4720310440318418
    }
  },
  "RandomForest": {
    "model": "RandomForest",
    "eval_mode": "holdout",
    "train": {
      "spearman": 0.9811004859902912,
      "pearson": 0.9867962534070426,
      "r2": 0.9709797861724558,
      "rmse": 0.45909580708258924,
      "mae": 0.3389966488866991,
      "kendall_tau": 0.8897946826992001
    },
    "test": {
      "spearman": 0.8827706312899188,
      "pearson": 0.9127206218947763,
      "r2": 0.8330565308888642,
      "rmse": 1.1225978492637594,
      "mae": 0.8505935640838004,
      "kendall_tau": 0.7094779991101696
    },
    "gap": {
      "spearman": 0.09832985470037237,
      "rmse": -0.6635020421811701
    }
  },
  "ExtraTrees": {
    "model": "ExtraTrees",
    "eval_mode": "holdout",
    "train": {
      "spearman": 0.9964130775415366,
      "pearson": 0.9980641259289954,
      "r2": 0.9961319994664097,
      "rmse": 0.16760859477751874,
      "mae": 0.026617779065204523,
      "kendall_tau": 0.9854372637991377
    },
    "test": {
      "spearman": 0.8817725461476006,
      "pearson": 0.9089941531616974,
      "r2": 0.8239268645849215,
      "rmse": 1.1528851305056194,
      "mae": 0.8600126897174255,
      "kendall_tau": 0.7086591548397975
    },
    "gap": {
      "spearman": 0.11464053139393604,
      "rmse": -0.9852765357281006
    }
  }
}