{
  "FlatMLP": {
    "model": "FlatMLP",
    "eval_mode": "holdout",
    "train": {
      "spearman": 0.01208972504077709,
      "pearson": 0.007667219522587669,
      "r2": -0.812526358079732,
      "rmse": 3.628233156276392,
      "mae": 2.7364726051765005,
      "kendall_tau": 0.00794699983902992
    },
    "test": {
      "spearman": 0.8748062267980125,
      "pearson": 0.9054109569551059,
      "r2": 0.7935505793339179,
      "rmse": 1.24837862250536,
      "mae": 0.96874496517018,
      "kendall_tau": 0.7004016529807434
    },
    "gap": {
      "spearman": -0.8627165017572354,
      "rmse": 2.379854533771032
    }
  },
  "ResidualMLP": {
    "model": "ResidualMLP",
    "eval_mode": "holdout",
    "train": {
      "spearman": -0.00712241264993156,
      "pearson": -0.0103008288271342,
      "r2": -0.8000829213015153,
      "rmse": 3.615757353011327,
      "mae": 2.7184566622695296,
      "kendall_tau": -0.0047142251729421995
    },
    "test": {
      "spearman": 0.8736516360046077,
      "pearson": 0.9054069952080145,
      "r2": 0.8093700865788207,
      "rmse": 1.199596014406282,
      "mae": 0.8815047678741236,
      "kendall_tau": 0.7005644352754559
    },
    "gap": {
      "spearman": -0.8807740486545392,
      "rmse": 2.416161338605045
    }
  },
  "FTTransformer": {
    "model": "FTTransformer",
    "eval_mode": "holdout",
    "train": {
      "spearman": -0.0010410631136435566,
      "pearson": -0.012080125703085628,
      "r2": -1.1528115358377442,
      "rmse": 3.9541762957235806,
      "mae": 2.979807264834558,
      "kendall_tau": -0.0006346428429009972
    },
    "test": {
      "spearman": 0.878997201901108,
      "pearson": 0.9021879586707988,
      "r2": 0.7093955409340643,
      "rmse": 1.481121293934378,
      "mae": 1.1578256625531311,
      "kendall_tau": 0.7045476686991036
    },
    "gap": {
      "spearman": -0.8800382650147516,
      "rmse": 2.4730550017892026
    }
  },
  "CrossAttention": {
    "model": "CrossAttention",
    "eval_mode": "holdout",
    "train": {
      "spearman": 0.025398090841273122,
      "pearson": 0.024668847754876252,
      "r2": -0.6929216145575596,
      "rmse": 3.5064806551846033,
      "mae": 2.6546230070700756,
      "kendall_tau": 0.017033749753840064
    },
    "test": {
      "spearman": 0.8733774573243543,
      "pearson": 0.9059059510756956,
      "r2": 0.8203857595132635,
      "rmse": 1.1644205783382897,
      "mae": 0.8726794405795574,
      "kendall_tau": 0.6981227008547679
    },
    "gap": {
      "spearman": -0.8479793664830813,
      "rmse": 2.3420600768463133
    }
  },
  "TabNet": {
    "model": "TabNet",
    "eval_mode": "holdout",
    "train": {
      "spearman": 0.020694317080408163,
      "pearson": 0.021021230223415174,
      "r2": -0.8742231183226712,
      "rmse": 3.6894673177323116,
      "mae": 2.7989312283938266,
      "kendall_tau": 0.013887923431875579
    },
    "test": {
      "spearman": 0.8695764623741417,
      "pearson": 0.9082939933107398,
      "r2": 0.822401829996199,
      "rmse": 1.157867148382311,
      "mae": 0.8715483941974744,
      "kendall_tau": 0.6963419612065489
    },
    "gap": {
      "spearman": -0.8488821452937335,
      "rmse": 2.5316001693500008
    }
  },
  "WideDeep": {
    "model": "WideDeep",
    "eval_mode": "holdout",
    "train": {
      "spearman": -0.009067508553434798,
      "pearson": 0.0008943948081571941,
      "r2": -0.722981143351507,
      "rmse": 3.5374742283251543,
      "mae": 2.694457936826197,
      "kendall_tau": -0.006038982082636865
    },
    "test": {
      "spearman": 0.8790285628050689,
      "pearson": 0.9103775458088803,
      "r2": 0.8276895925585313,
      "rmse": 1.1404998789935974,
      "mae": 0.8548925444979346,
      "kendall_tau": 0.7065380522117249
    },
    "gap": {
      "spearman": -0.8880960713585037,
      "rmse": 2.3969743493315567
    }
  },
  "TabTransformer": {
    "model": "TabTransformer",
    "eval_mode": "holdout",
    "train": {
      "spearman": 0.005237029905157497,
      "pearson": 0.001575259825674764,
      "r2": -0.9081198846692586,
      "rmse": 3.7226812426197196,
      "mae": 2.8083143570500417,
      "kendall_tau": 0.003531425719512292
    },
    "test": {
      "spearman": 0.8869650912603031,
      "pearson": 0.9104114199725809,
      "r2": 0.8213511377722441,
      "rmse": 1.161287138521117,
      "mae": 0.8645601153363511,
      "kendall_tau": 0.714553847027115
    },
    "gap": {
      "spearman": -0.8817280613551456,
      "rmse": 2.5613941040986026
    }
  }
}