{
  "FTTransformer": {
    "model": "FTTransformer",
    "eval_mode": "groupcv",
    "fold_results": [
      {
        "fold": 1,
        "train": {
          "spearman": -0.018414582278266037,
          "pearson": -0.018551550815317383,
          "r2": -0.7414670557852461,
          "rmse": 3.5002261780308035,
          "mae": 2.625462014384004,
          "kendall_tau": -0.012207468487431252
        },
        "val": {
          "spearman": 0.5124792685869398,
          "pearson": 0.55054764233385,
          "r2": 0.20613014454986744,
          "rmse": 2.493298361010916,
          "mae": 1.7254391682641885,
          "kendall_tau": 0.3644136992730266
        }
      },
      {
        "fold": 2,
        "train": {
          "spearman": 0.006294911866812481,
          "pearson": 0.0011525252565476422,
          "r2": -0.8155805263007669,
          "rmse": 3.6404900129402233,
          "mae": 2.779971993456449,
          "kendall_tau": 0.004177421748183421
        },
        "val": {
          "spearman": 0.48222429518919235,
          "pearson": 0.527009491850587,
          "r2": 0.23672408333771422,
          "rmse": 2.3646245104482677,
          "mae": 1.791740403896733,
          "kendall_tau": 0.33959161086824197
        }
      },
      {
        "fold": 3,
        "train": {
          "spearman": 0.025571257079036916,
          "pearson": 0.016115795055722977,
          "r2": -0.691253366730253,
          "rmse": 3.587729341513553,
          "mae": 2.7026906832212867,
          "kendall_tau": 0.017115660366552682
        },
        "val": {
          "spearman": 0.5329655180415078,
          "pearson": 0.5617765525515206,
          "r2": 0.31134386035012473,
          "rmse": 2.154027513475179,
          "mae": 1.6139575112676268,
          "kendall_tau": 0.37795203726216514
        }
      }
    ],
    "overfitting_check": {
      "threshold": 0.15,
      "gaps": [
        -0.5308938508652059,
        -0.4759293833223799,
        -0.5073942609624709
      ],
      "mean_gap": -0.5047391650500189,
      "max_gap": -0.4759293833223799,
      "overfitting_flags": [
        false,
        false,
        false
      ],
      "n_overfitting_folds": 0
    },
    "stability_check": {
      "threshold": 0.05,
      "val_spearman_std": 0.02084258868695307,
      "val_spearman_scores": [
        0.5124792685869398,
        0.48222429518919235,
        0.5329655180415078
      ],
      "unstable": false
    }
  },
  "CrossAttention": {
    "model": "CrossAttention",
    "eval_mode": "groupcv",
    "fold_results": [
      {
        "fold": 1,
        "train": {
          "spearman": 0.023358194573943135,
          "pearson": 0.01666045481864753,
          "r2": -0.7703615078395638,
          "rmse": 3.529144624859525,
          "mae": 2.6402273798753337,
          "kendall_tau": 0.015719411200944857
        },
        "val": {
          "spearman": 0.5008097975542292,
          "pearson": 0.5458911585350306,
          "r2": 0.19829432835287963,
          "rmse": 2.505573077341724,
          "mae": 1.7539556514628,
          "kendall_tau": 0.3558101065686416
        }
      },
      {
        "fold": 2,
        "train": {
          "spearman": -0.0010102964679158989,
          "pearson": -0.004838120060071209,
          "r2": -0.8049885368767065,
          "rmse": 3.62985527792268,
          "mae": 2.7526942111324475,
          "kendall_tau": -0.0005925460379072672
        },
        "val": {
          "spearman": 0.49964474215051613,
          "pearson": 0.5300360900685807,
          "r2": 0.26156290998042564,
          "rmse": 2.325831019014463,
          "mae": 1.71777237899106,
          "kendall_tau": 0.35049969564495603
        }
      },
      {
        "fold": 3,
        "train": {
          "spearman": -0.005049342905345239,
          "pearson": 0.00264236180207004,
          "r2": -0.925910427192737,
          "rmse": 3.8285416634718272,
          "mae": 2.9201686946706595,
          "kendall_tau": -0.0032889124868045066
        },
        "val": {
          "spearman": 0.48762102516039213,
          "pearson": 0.5179371442765441,
          "r2": 0.1921050607681276,
          "rmse": 2.3330684362721423,
          "mae": 1.7342317404239567,
          "kendall_tau": 0.342915923076024
        }
      }
    ],
    "overfitting_check": {
      "threshold": 0.15,
      "gaps": [
        -0.47745160298028605,
        -0.5006550386184321,
        -0.4926703680657374
      ],
      "mean_gap": -0.49025900322148513,
      "max_gap": -0.47745160298028605,
      "overfitting_flags": [
        false,
        false,
        false
      ],
      "n_overfitting_folds": 0
    },
    "stability_check": {
      "threshold": 0.05,
      "val_spearman_std": 0.005961644456288469,
      "val_spearman_scores": [
        0.5008097975542292,
        0.49964474215051613,
        0.48762102516039213
      ],
      "unstable": false
    }
  },
  "TabNet": {
    "model": "TabNet",
    "eval_mode": "groupcv",
    "fold_results": [
      {
        "fold": 1,
        "train": {
          "spearman": -0.006577087877326302,
          "pearson": -0.0034076670876788872,
          "r2": -1.000752163634739,
          "rmse": 3.7517606549778826,
          "mae": 2.8579598145179403,
          "kendall_tau": -0.004266039717371492
        },
        "val": {
          "spearman": 0.5242232652414021,
          "pearson": 0.5749043874767552,
          "r2": 0.30083464786084724,
          "rmse": 2.339858231618311,
          "mae": 1.7384050649526093,
          "kendall_tau": 0.37174451747000803
        }
      },
      {
        "fold": 2,
        "train": {
          "spearman": -0.004392812544435362,
          "pearson": -0.006825052880696702,
          "r2": -0.9366377607431917,
          "rmse": 3.759899908164295,
          "mae": 2.8403876099136736,
          "kendall_tau": -0.003089807668464054
        },
        "val": {
          "spearman": 0.5035577063641542,
          "pearson": 0.5473145833089289,
          "r2": 0.26240966677242605,
          "rmse": 2.3244971355066677,
          "mae": 1.7869181169202466,
          "kendall_tau": 0.3517941453156992
        }
      },
      {
        "fold": 3,
        "train": {
          "spearman": 0.0018138736622742386,
          "pearson": 0.013777127390207321,
          "r2": -0.9360345132134595,
          "rmse": 3.838591372743978,
          "mae": 2.9057443552215276,
          "kendall_tau": 0.0011765298549883565
        },
        "val": {
          "spearman": 0.5438903949493161,
          "pearson": 0.583677457921707,
          "r2": 0.3024437916394854,
          "rmse": 2.1679019627138514,
          "mae": 1.6090782501601064,
          "kendall_tau": 0.3853392931874237
        }
      }
    ],
    "overfitting_check": {
      "threshold": 0.15,
      "gaps": [
        -0.5308003531187283,
        -0.5079505189085896,
        -0.5420765212870419
      ],
      "mean_gap": -0.5269424644381199,
      "max_gap": -0.5079505189085896,
      "overfitting_flags": [
        false,
        false,
        false
      ],
      "n_overfitting_folds": 0
    },
    "stability_check": {
      "threshold": 0.05,
      "val_spearman_std": 0.01646743278637689,
      "val_spearman_scores": [
        0.5242232652414021,
        0.5035577063641542,
        0.5438903949493161
      ],
      "unstable": false
    }
  },
  "WideDeep": {
    "model": "WideDeep",
    "eval_mode": "groupcv",
    "fold_results": [
      {
        "fold": 1,
        "train": {
          "spearman": 0.017838521427382948,
          "pearson": 0.01400430209084088,
          "r2": -0.884543490040419,
          "rmse": 3.6411750575549444,
          "mae": 2.7608706214121557,
          "kendall_tau": 0.011831085874975073
        },
        "val": {
          "spearman": 0.5271860245994415,
          "pearson": 0.5708321173504317,
          "r2": 0.29017055747696885,
          "rmse": 2.3576351644214775,
          "mae": 1.6833897507038855,