{
  "FlatMLP": {
    "model": "FlatMLP",
    "eval_mode": "holdout",
    "train": {
      "spearman": 0.031829304415312516,
      "pearson": 0.034160301770686116,
      "r2": -0.9131456294799827,
      "rmse": 3.727580552888871,
      "mae": 2.8220028662909162,
      "kendall_tau": 0.021228902572219006
    },
    "test": {
      "spearman": 0.8814836416542827,
      "pearson": 0.9102193082566559,
      "r2": 0.8104863201475976,
      "rmse": 1.196078740417281,
      "mae": 0.8927816165349234,
      "kendall_tau": 0.7070658614703383
    },
    "gap": {
      "spearman": -0.8496543372389702,
      "rmse": 2.53150181247159
    }
  },
  "ResidualMLP": {
    "model": "ResidualMLP",
    "eval_mode": "holdout",
    "train": {
      "spearman": -0.005267961837701262,
      "pearson": -0.0014984160421078595,
      "r2": -0.7920428679847449,
      "rmse": 3.607673443249224,
      "mae": 2.734493357389968,
      "kendall_tau": -0.0034857518802319373
    },
    "test": {
      "spearman": 0.8815228805055285,
      "pearson": 0.9095953133410855,
      "r2": 0.8207582951574321,
      "rmse": 1.163212396483462,
      "mae": 0.8681934116351493,
      "kendall_tau": 0.7080474880354231
    },
    "gap": {
      "spearman": -0.8867908423432298,
      "rmse": 2.4444610467657624
    }
  },
  "FTTransformer": {
    "model": "FTTransformer",
    "eval_mode": "holdout",
    "train": {
      "spearman": -0.023010757896926165,
      "pearson": -0.013450636318377776,
      "r2": -0.8083573017222043,
      "rmse": 3.6240580399816045,
      "mae": 2.7374699648286733,
      "kendall_tau": -0.015264448790864103
    },
    "test": {
      "spearman": 0.8774564204941036,
      "pearson": 0.9005805700350064,
      "r2": 0.8052702052142308,
      "rmse": 1.2124272587075096,
      "mae": 0.9127977919499849,
      "kendall_tau": 0.7031936159749038
    },
    "gap": {
      "spearman": -0.9004671783910297,
      "rmse": 2.411630781274095
    }
  },
  "CrossAttention": {
    "model": "CrossAttention",
    "eval_mode": "holdout",
    "train": {
      "spearman": -0.025776196265588625,
      "pearson": -0.011607282778437629,
      "r2": -0.8208181890092374,
      "rmse": 3.6365227921368137,
      "mae": 2.7788601650451366,
      "kendall_tau": -0.017053269575969175
    },
    "test": {
      "spearman": 0.8612739387060824,
      "pearson": 0.8955351998959186,
      "r2": 0.7666343358843795,
      "rmse": 1.3272659940285425,
      "mae": 1.0006520327368083,
      "kendall_tau": 0.6810601566908084
    },
    "gap": {
      "spearman": -0.887050134971671,
      "rmse": 2.3092567981082714
    }
  },
  "TabNet": {
    "model": "TabNet",
    "eval_mode": "holdout",
    "train": {
      "spearman": -0.030450982953027023,
      "pearson": -0.023313909730950474,
      "r2": -1.065973042435942,
      "rmse": 3.873605132403384,
      "mae": 2.9660344952020155,
      "kendall_tau": -0.020315665715729993
    },
    "test": {
      "spearman": 0.8707038909338327,
      "pearson": 0.9076987398243729,
      "r2": 0.8040730883978455,
      "rmse": 1.2161482948661924,
      "mae": 0.9335355455705323,
      "kendall_tau": 0.6953751330318927
    },
    "gap": {
      "spearman": -0.9011548738868598,
      "rmse": 2.657456837537192
    }
  },
  "WideDeep": {
    "model": "WideDeep",
    "eval_mode": "holdout",
    "train": {
      "spearman": -0.0013576714351730768,
      "pearson": -0.009537815050284481,
      "r2": -0.903459757687606,
      "rmse": 3.718132583862719,
      "mae": 2.7918183921015953,
      "kendall_tau": -0.0008736561576721242
    },
    "test": {
      "spearman": 0.8811576019972995,
      "pearson": 0.9082285867989945,
      "r2": 0.8164646015551184,
      "rmse": 1.1770621872256344,
      "mae": 0.8825340313064792,
      "kendall_tau": 0.707963630489662
    },
    "gap": {
      "spearman": -0.8825152734324726,
      "rmse": 2.5410703966370844
    }
  },
  "TabTransformer": {
    "model": "TabTransformer",
    "eval_mode": "holdout",
    "train": {
      "spearman": -0.005191638827709381,
      "pearson": 0.003795654396297383,
      "r2": -0.8186346406591525,
      "rmse": 3.6343416558175976,
      "mae": 2.760943347462338,
      "kendall_tau": -0.0036115077414297426
    },
    "test": {
      "spearman": 0.8833403301982267,
      "pearson": 0.909531773805335,
      "r2": 0.8264455853039653,
      "rmse": 1.1446094350632505,
      "mae": 0.8573218877050289,
      "kendall_tau": 0.7085087045371086
    },
    "gap": {
      "spearman": -0.888531969025936,
      "rmse": 2.4897322207543473
    }
  }
}