{
  "FlatMLP": {
    "model": "FlatMLP",
    "eval_mode": "groupcv",
    "fold_results": [
      {
        "fold": 1,
        "train": {
          "spearman": -0.010717158779346515,
          "pearson": -0.002449707217387163,
          "r2": -0.7905206892302581,
          "rmse": 3.549181007111851,
          "mae": 2.7202748673947825,
          "kendall_tau": -0.007093680433877131
        },
        "val": {
          "spearman": 0.5476257283662462,
          "pearson": 0.5867560575113964,
          "r2": 0.3417949635022738,
          "rmse": 2.2702840417517622,
          "mae": 1.6657366635869204,
          "kendall_tau": 0.3910760424536803
        }
      },
      {
        "fold": 2,
        "train": {
          "spearman": 0.007234290439115015,
          "pearson": 0.0008001138661758566,
          "r2": -0.7047504236453159,
          "rmse": 3.5276256318851873,
          "mae": 2.6793130273393104,
          "kendall_tau": 0.004809359846617551
        },
        "val": {
          "spearman": 0.5392249064091186,
          "pearson": 0.5579403547479683,
          "r2": 0.2881637263500135,
          "rmse": 2.2835549395972925,
          "mae": 1.7227654520983031,
          "kendall_tau": 0.3795120091886561
        }
      },
      {
        "fold": 3,
        "train": {
          "spearman": -0.026336767848954435,
          "pearson": -0.03845022209331532,
          "r2": -0.7942445788628885,
          "rmse": 3.695354921671045,
          "mae": 2.855692720489736,
          "kendall_tau": -0.01758336405132853
        },
        "val": {
          "spearman": 0.5674609953830712,
          "pearson": 0.5871343360308247,
          "r2": 0.22349975600114091,
          "rmse": 2.2872879006868727,
          "mae": 1.8239350927904638,
          "kendall_tau": 0.40185829912650145
        }
      }
    ],
    "overfitting_check": {
      "threshold": 0.15,
      "gaps": [
        -0.5583428871455928,
        -0.5319906159700035,
        -0.5937977632320256
      ],
      "mean_gap": -0.5613770887825407,
      "max_gap": -0.5319906159700035,
      "overfitting_flags": [
        false,
        false,
        false
      ],
      "n_overfitting_folds": 0
    },
    "stability_check": {
      "threshold": 0.05,
      "val_spearman_std": 0.01183820720158564,
      "val_spearman_scores": [
        0.5476257283662462,
        0.5392249064091186,
        0.5674609953830712
      ],
      "unstable": false
    }
  },
  "ResidualMLP": {
    "model": "ResidualMLP",
    "eval_mode": "groupcv",
    "fold_results": [
      {
        "fold": 1,
        "train": {
          "spearman": 0.002295762726213859,
          "pearson": -0.0005367776951547214,
          "r2": -0.7997301602296927,
          "rmse": 3.558296835153707,
          "mae": 2.6945559139810196,
          "kendall_tau": 0.001476791329357111
        },
        "val": {
          "spearman": 0.5482149382959646,
          "pearson": 0.5882403169357289,
          "r2": 0.3010086513536625,
          "rmse": 2.339567049540514,
          "mae": 1.6522674838147906,
          "kendall_tau": 0.3906009169547009
        }
      },
      {
        "fold": 2,
        "train": {
          "spearman": 0.030905502476366142,
          "pearson": 0.020224124446472872,
          "r2": -0.7956105485370721,
          "rmse": 3.620413369987564,
          "mae": 2.722958330447852,
          "kendall_tau": 0.020564517744369383
        },
        "val": {
          "spearman": 0.5358615709434477,
          "pearson": 0.5434673999498274,
          "r2": 0.2771632209724266,
          "rmse": 2.3011319806966406,
          "mae": 1.70090199280605,
          "kendall_tau": 0.37734403187427373
        }
      },
      {
        "fold": 3,
        "train": {
          "spearman": -0.012250343255802721,
          "pearson": -0.010487658159665326,
          "r2": -0.7501002467548461,
          "rmse": 3.649612860963186,
          "mae": 2.79091812748521,
          "kendall_tau": -0.008140057953221948
        },
        "val": {
          "spearman": 0.5609716894294433,
          "pearson": 0.5899811235673948,
          "r2": 0.3355419001931893,
          "rmse": 2.115844926001142,
          "mae": 1.5973101725392718,
          "kendall_tau": 0.3966876508142858
        }
      }
    ],
    "overfitting_check": {
      "threshold": 0.15,
      "gaps": [
        -0.5459191755697507,
        -0.5049560684670815,
        -0.5732220326852461
      ],
      "mean_gap": -0.5413657589073594,
      "max_gap": -0.5049560684670815,
      "overfitting_flags": [
        false,
        false,
        false
      ],
      "n_overfitting_folds": 0
    },
    "stability_check": {
      "threshold": 0.05,
      "val_spearman_std": 0.010251603857220922,
      "val_spearman_scores": [
        0.5482149382959646,
        0.5358615709434477,
        0.5609716894294433
      ],
      "unstable": false
    }
  },
  "FTTransformer": {
    "model": "FTTransformer",
    "eval_mode": "groupcv",
    "fold_results": [
      {
        "fold": 1,
        "train": {
          "spearman": -0.0016239133233301945,
          "pearson": -0.006287778983595428,
          "r2": -0.8223858222558875,
          "rmse": 3.580623362789242,
          "mae": 2.6799711330579763,
          "kendall_tau": -0.0010463702354196614
        },
        "val": {
          "spearman": 0.5364075249727803,
          "pearson": 0.5715660921227665,
          "r2": 0.2340010459134534,
          "rmse": 2.449140410524144,
          "mae": 1.7122538028340546,
          "kendall_tau": 0.3811696007464624
        }
      },
      {
        "fold": 2,
        "train": {
          "spearman": -0.01616617352956113,
          "pearson": -0.020698815134103765,
          "r2": -0.9018059519325954,
          "rmse": 3.7259342528306627,
          "mae": 2.816223303838061,
          "kendall_tau": -0.010783337003616856
        },
        "val": {
          "spearman": 0.49779871544141946,
          "pearson": 0.5272723615635171,
          "r2": 0.25020404071708224,
          "rmse": 2.343651080596044,
          "mae": 1.7203744976188804,
          "kendall_tau": 0.35168612694372203
        }
      },
      {
        "fold": 3,
        "train": {
          "spearman": 0.0252837428516309,
          "pearson": 0.031562332268751596,
          "r2": -0.8488493825625474,
          "rmse": 3.751164430243742,
          "mae": 2.811695872491311,
          "kendall_tau": 0.016746822812364483
        },
        "val": {
          "spearman": 0.5556553150828021,
          "pearson": 0.5758842672672925,
          "r2": 0.3081874082997348,
          "rmse": 2.1589583571005755,
          "mae": 1.5693557742234618,
          "kendall_tau": 0.39628073049765367
        }
      }
    ],
    "overfitting_check": {
      "threshold": 0.15,
      "gaps": [
        -0.5380314382961106,
        -0.5139648889709806,
        -0.5303715722311712
      ],
      "mean_gap": -0.5274559664994207,
      "max_gap": -0.5139648889709806,
      "overfitting_flags": [
        false,
        false,
        false
      ],
      "n_overfitting_folds": 0
    },
    "stability_check": {
      "threshold": 0.05,
      "val_spearman_std": 0.02405665470327075,
      "val_spearman_scores": [
        0.5364075249727803,
        0.49779871544141946,
        0.5556553150828021
      ],
      "unstable": false
    }
  },
  "CrossAttention": {
    "model": "CrossAttention",
    "eval_mode": "groupcv",
    "fold_results": [
      {
        "fold": 1,
        "train": {
          "spearman": -0.015155225500393388,
          "pearson": 0.0040056638348458405,
          "r2": -0.9998515230830236,
          "rmse": 3.7509161305542915,
          "mae": 2.849306312245396,
          "kendall_tau": -0.009998440985801509
        },
        "val": {
          "spearman": 0.5174906104601269,
          "pearson": 0.56518293768271,
          "r2": 0.2779470964948071,
          "rmse": 2.377848085370163,
          "mae": 1.7727944557098956,